,activeaddresses,adjustedtxvolume(usd),exchangevolume(usd),fees,marketcap(usd),medianfee,mediantxvalue(usd),paymentcount,price(usd),txcount,txvolume(usd)
2017-09-24,8,,,0.699398,,0.170894,,4,,5,
2017-09-25,16,,,0.520637,,0.0,,3,,8,
2017-09-26,4,,,0.178761,,0.178761,,1,,1,
2017-09-27,12,,,0.683577,,0.1708065,,3,,6,
2017-09-28,65,,,2.245973,,0.0,,12,,36,
2017-09-29,4747,,,97.645858,,0.0,,548,,2487,
2017-09-30,4976,,,146.158702,,0.0,,823,,2528,
2017-10-01,5973,131165286.735,50068700.0,291.170785,0.0,0.17107,18065.296266,1661,0.021678,3096,436003334.537
2017-10-02,5858,151391424.74,57641300.0,316.074603,596765346.775,0.17107,24206.767145,1792,0.024607,2943,1025157737.96
2017-10-03,3701,125245327.846,16997800.0,182.280983,667797139.712,0.17107,21063.7437169,1018,0.025757,1808,604612406.44
2017-10-04,1769,48658685.9893,9000050.0,59.948744,540954733.002,0.0,16076.1638622,335,0.020864,859,207884312.824
2017-10-05,2454,105529746.38,5562510.0,156.805239,569117180.371,0.17107,39520.6167878,882,0.021951,1193,411326650.275
2017-10-06,1844,88156760.7305,7780710.0,114.499377,553779286.236,0.17107,67195.4243861,648,0.021359,889,312314745.455
2017-10-07,1371,52958699.3443,7411240.0,81.891164,477418796.67,0.17107,36179.109054,460,0.018414,671,185266331.519
2017-10-08,1406,66264825.0076,7727460.0,90.981593,542632959.348,0.17107,54499.9077244,521,0.020929,679,214142599.597
2017-10-09,1460,57131563.06,4663310.0,87.836065,527453167.687,0.17107,30458.8381498,492,0.020344,680,163939625.745
2017-10-10,1376,64279716.3825,2725600.0,80.536581,573307371.873,0.17107,46343.1169314,460,0.022112,660,211980536.346
2017-10-11,1172,61110954.7733,3606720.0,70.54622,556901110.311,0.17107,42745.99476,399,0.02148,557,147429298.943
2017-10-12,1411,66928182.473,8680640.0,86.246889,584346541.285,0.17107,46152.572646,492,0.022538,672,191961300.242
2017-10-13,1642,90728018.358,15613600.0,110.361223,675685385.315,0.17107,106924.705593,625,0.026061,782,243264094.953
2017-10-14,1944,101997900.982,27853200.0,142.220331,878302735.831,0.171246,699264.961828,812,0.033876,930,379080551.684
2017-10-15,1450,86825379.1343,7104990.0,104.520862,852315171.298,0.171246,663027.841217,593,0.032874,726,280089467.037
2017-10-16,1311,85276112.841,6196030.0,93.112895,776235927.408,0.171246,569556.699329,540,0.029939,626,229827474.898
2017-10-17,1343,94783780.9301,7039900.0,104.33597,750680263.292,0.171246,514046.846489,603,0.028953,669,305513404.208
2017-10-18,1042,210134539.479,2336180.0,78.68741,705701001.385,0.171246,446224.390488,449,0.027219,502,464452866.206
2017-10-19,1124,129830627.41,2897720.0,82.803862,692353930.324,0.171246,414421.284199,470,0.026704,536,206818645.137
2017-10-20,1477,80659810.0674,8716410.0,111.994747,699559649.274,0.171246,394919.568082,627,0.026982,705,189373019.895
2017-10-21,1204,55538537.8263,5344520.0,84.506958,798714952.334,0.17107,433132.634977,486,0.030806,578,154653813.895
2017-10-22,1118,51814314.8075,2930210.0,75.831882,740601428.649,0.171246,388142.264806,435,0.028565,517,128926681.227
2017-10-23,657,33508263.5887,3517050.0,42.534358,717753741.753,0.171246,194512.283729,238,0.027684,298,65490614.3749
2017-10-24,1556,61822211.6417,7589560.0,113.657667,656958792.531,0.171246,200718.934725,646,0.025339,714,131859234.357
2017-10-25,941,46434947.6763,2561430.0,69.408139,701028866.222,0.171246,329960.868399,397,0.027038,445,119840361.528
2017-10-26,910,62228720.3755,2437710.0,66.791287,710629837.595,0.171246,323338.531383,379,0.027409,429,114449869.941
2017-10-27,960,41077078.5749,2511440.0,70.030302,703603506.748,0.171246,305074.033181,399,0.027138,450,86978314.2657
2017-10-28,791,38369163.6677,1739460.0,58.897018,682895750.772,0.171246,289962.37592,338,0.026339,372,83751961.3979
2017-10-29,881,40777657.6307,4746180.0,61.400928,669719817.798,0.171246,275233.968429,350,0.025831,411,72005519.9121
2017-10-30,1195,122846645.36,3781270.0,93.926058,734200214.35,0.171246,314443.083854,530,0.028318,576,3379714002.53
2017-10-31,1328,111187703.289,7304450.0,100.983941,740152241.675,0.171246,296973.219581,579,0.028547,626,296413605.695
2017-11-01,1245,87059049.8258,9382780.0,95.194351,755184354.576,0.171246,290230.570981,538,0.029127,574,149875308.518
2017-11-02,1017,56428919.1582,6165050.0,75.110304,598368052.295,0.171246,221966.184076,425,0.023079,458,91767593.5423
2017-11-03,830,31546030.6937,2836080.0,59.906445,555308450.999,0.171246,199089.857787,340,0.021418,377,52618111.8523
2017-11-04,774,29050006.0539,2626920.0,55.404465,587017469.537,0.171246,200940.400159,317,0.022641,355,51279920.9842
2017-11-05,813,24963442.4062,2396230.0,60.284034,571795614.124,0.171246,189033.48942,349,0.022054,379,55581018.1343
2017-11-06,1046,35175315.007,4591160.0,78.82348,543872158.252,0.171246,171472.135356,447,0.020977,472,62292930.5621
2017-11-07,858,35370666.2359,2539540.0,63.690628,566395126.695,0.171246,171486.603886,362,0.021846,402,58612520.08
2017-11-08,790,26946585.9354,6367000.0,57.969264,568113970.003,0.171246,167158.142328,325,0.021912,356,45269129.9648
2017-11-09,1333,37720676.1839,18716200.0,95.284479,652323059.397,0.171246,184170.427507,540,0.02516,588,85053955.8293
2017-11-10,1160,119113220.519,6766780.0,88.204026,835350445.85,0.171246,231880.588519,494,0.032219,547,183850727.368
2017-11-11,737,21906468.9738,5532220.0,52.508007,697207394.892,0.171246,163368.469918,303,0.026891,334,44345210.3937
2017-11-12,800,20151196.6355,7280250.0,61.243157,712475898.052,0.171246,225369.951328,340,0.02748,394,123441913.742
2017-11-13,813,70934318.1637,4419440.0,62.372078,631677356.387,0.171246,170820.918736,352,0.024364,383,356746741.016
2017-11-14,986,29414203.911,3033290.0,71.83201,668843188.656,0.171246,72838.2969587,403,0.025797,448,46429195.963
2017-11-15,1000,28184188.5286,6858800.0,70.979033,677101132.81,0.171246,171049.28887,403,0.026116,442,51744248.3128
2017-11-16,968,38432722.5316,4888130.0,71.973901,689219315.689,0.171246,167099.360656,415,0.026583,443,61825795.3375
2017-11-17,817,87450277.882,3578870.0,60.749748,703724822.519,0.171246,167900.210884,348,0.027143,370,115083117.24
2017-11-18,963,20712804.4098,2930550.0,72.758308,663657741.63,0.171246,199100.668479,418,0.025597,448,117682013.955
2017-11-19,973,30160504.583,4725050.0,73.319392,680416226.305,0.171246,158312.039196,417,0.026243,443,50836557.0819
2017-11-20,1474,98453282.4774,16172400.0,112.526056,729906292.441,0.171246,165948.817918,641,0.028152,678,332733193.153
2017-11-21,1163,23514635.3675,5836790.0,91.303519,767117774.863,0.171246,175129.071335,524,0.029587,542,115178829.882
2017-11-22,1014,36949591.5331,4938480.0,77.04848,736308034.176,0.171246,160964.678734,434,0.028399,470,58731150.8052
2017-11-23,1041,29750035.1704,5132300.0,81.570962,739955896.762,0.171246,157228.674509,462,0.02854,485,63033634.6725
2017-11-24,1029,32735982.8635,5502350.0,77.661925,710552288.457,0.171246,147274.458438,439,0.027406,468,60885321.6951
2017-11-25,1085,35713599.968,6156460.0,82.420601,734365581.883,0.171246,148102.906173,465,0.028324,492,56702989.4647
2017-11-26,1757,46498351.2168,30527100.0,129.839839,789142246.144,0.171246,154744.633335,736,0.030437,774,81999172.8277
2017-11-27,2668,53378299.0491,77777296.0,203.50762,949423396.227,0.171246,184698.107026,1150,0.036619,1214,248551306.604
2017-11-28,4719,148186360.101,240338000.0,376.086687,1312609800.34,0.171246,243397.814202,2136,0.050627,2214,361626658.441
2017-11-29,2702,98462739.1794,210624992.0,207.949075,3065480351.3,0.17107,613397.452289,1183,0.118235,1274,722991386.435
2017-11-30,6444,589039930.383,124345000.0,544.873563,2461256805.93,0.171246,414287.712873,3126,0.09493,3217,1439135957.91
2017-12-01,6231,939527807.67,73657600.0,526.069775,3023666820.01,0.17107,476847.477905,2977,0.116622,3075,2857211194.67
2017-12-02,4386,389085784.882,56712600.0,381.75557,3412858076.35,0.17107,510203.73107,2176,0.131633,2269,919464224.767
2017-12-03,3920,361816440.808,46458900.0,334.232577,3431473712.37,0.17107,496588.039137,1902,0.132351,1972,755702161.038
2017-12-04,5293,1108166147.92,76392704.0,472.122462,3410602420.99,0.17107,483666.192644,2699,0.131546,2768,4337070442.85
2017-12-05,6005,703539241.592,50381100.0,536.204627,3516358941.98,0.17107,476880.640306,3051,0.135625,3144,3911611136.7
2017-12-06,6270,427335073.626,75688800.0,556.724766,3286204336.41,0.17107,421986.394871,3175,0.126748,3243,2506608852.05
2017-12-07,5893,321731272.621,71024600.0,529.408236,3053327389.17,0.17107,377879.547277,3008,0.117766,3080,2273088469.72
2017-12-08,5694,569099148.286,70092400.0,509.523792,2751951121.35,0.17107,326147.526396,2922,0.106142,2981,1683236055.37
2017-12-09,4509,232211890.194,63308600.0,397.817485,2975001708.9,0.17107,336600.950734,2270,0.114745,2307,1120676230.06
2017-12-10,3788,247579022.644,46376600.0,331.000772,3105907488.03,0.17107,336876.321033,1878,0.119794,1925,626919827.581
2017-12-11,5634,276950265.32,39513900.0,499.253429,2824158012.39,0.17107,297121.390672,2858,0.108927,2903,1570034525.44
2017-12-12,6598,393683239.977,60056800.0,593.232415,3141764626.22,0.17107,316450.9946,3383,0.121177,3453,1928367014.86
2017-12-13,6444,385515530.998,61575000.0,572.413354,3467460486.77,0.17107,335681.02008,3273,0.133739,3330,2197540173.18
2017-12-14,9816,403020544.28,309307008.0,865.688482,3465593737.47,0.17107,577951.059664,4929,0.133667,5011,3414740056.46
2017-12-15,10695,712847296.324,207311008.0,936.735232,6046426193.6,0.17107,779613.991127,5361,0.233209,5428,6277471268.66
2017-12-16,13835,806976247.899,581052032.0,1226.080362,5519225140.64,0.17107,480193.005382,7060,0.212875,7126,4246707570.86
2017-12-17,15271,743392642.802,628142976.0,1266.035793,10027942707.5,0.17107,1541759.57746,7232,0.386775,7332,13675413813.7
2017-12-18,14287,1613894699.08,253463008.0,1215.359591,13273078564.5,0.17107,1643509.73069,6991,0.511939,7110,9845477473.72
2017-12-19,21375,2648804344.26,279631008.0,1846.094336,13489025134.7,0.17107,1065649.04541,10644,0.520268,10754,15207973217.0
2017-12-20,16847,2054951057.91,182924000.0,1428.018715,13837407181.4,0.17107,1036164.1605,8254,0.533705,8367,9280441500.65
2017-12-21,15587,2766406781.27,162926000.0,1324.952454,12705534990.4,0.17107,920576.074578,7656,0.490049,7759,8988864244.99
2017-12-22,13907,1562127796.28,150972992.0,1167.895349,12418392684.4,0.17107,887417.17744,6738,0.478974,6840,5681960311.43
2017-12-23,12414,1178186304.74,88865000.0,1049.697771,10744696572.7,0.17107,724533.24254,6065,0.41442,6153,3934633549.13
2017-12-24,9785,1068961747.95,67372304.0,812.142518,10802799137.6,0.17107,688392.134599,4702,0.416661,4770,2977420201.13
2017-12-25,8669,913744679.119,122194000.0,719.860952,10171967583.8,0.17107,586197.07957,4156,0.39233,4218,2304227314.42
2017-12-26,8862,927850173.961,94896000.0,732.098409,10722736343.6,0.17107,549672.432121,4228,0.413573,4295,2639990337.59
2017-12-27,10132,1100406246.24,82067504.0,840.267464,11073633316.1,0.17107,512908.050928,4837,0.427107,4916,2730782838.08
2017-12-28,10055,1044573401.36,82263800.0,832.866012,10682471602.6,0.17107,449142.661123,4816,0.41202,4882,2513310742.9
2017-12-29,11590,1296660390.91,266403008.0,975.33992,10641947592.1,0.17107,410436.297053,5618,0.410457,5706,3268899000.85
2017-12-30,11357,1085767436.93,645155968.0,902.028763,13697686198.4,0.17107,478061.397893,5167,0.528316,5253,2930330853.67
2017-12-31,6930,677209905.423,305947008.0,541.155233,16660242913.5,0.17107,558116.216458,3095,0.642581,3166,5514803463.9
2018-01-01,6335,1087988290.45,150186000.0,505.895755,18637596875.0,0.17107,602903.596745,2899,0.718847,2957,3381306310.98
2018-01-02,7085,778487920.534,289712000.0,559.289502,18788725769.1,0.17107,584655.511778,3225,0.724676,3270,2102776258.52
2018-01-03,7654,906805924.988,657398016.0,572.844965,20208480351.6,0.17107,607202.630046,3268,0.779681,3345,1802784249.43
2018-01-04,8003,5264646328.19,593430016.0,575.218109,28365401741.0,0.17107,229381.105854,3255,1.09,3366,6669245902.77
2018-01-05,6204,5229343934.99,508100000.0,429.038026,30334672529.6,0.17107,42275.3906858,2394,1.17,2499,7979340484.1
2018-01-06,7036,749006550.625,297615008.0,516.193856,25777764593.7,0.17107,746543.377871,2918,0.997,3015,6957160120.61
2018-01-07,9521,2078618248.63,226067008.0,718.077671,26406859963.0,0.17107,1529316.11047,4093,1.02,4210,9212376977.57
2018-01-08,6481,1384129219.51,264460992.0,468.601695,25909673473.9,0.17107,740134.033,2663,0.999329,2747,2944338563.13
2018-01-09,13383,3319781772.9,209492000.0,1105.937569,23287305850.8,0.17107,1290722.49517,6336,0.898185,6445,8112034890.38
2018-01-10,9549,1895641823.33,236472000.0,762.284692,21153170893.8,0.17107,1140596.91958,4345,0.815872,4444,6488053607.89
2018-01-11,7605,1807330326.4,229000992.0,607.786058,20521846726.1,0.17107,1078152.32824,3467,0.791522,3544,3801164708.57
2018-01-12,7712,1907721199.9,365795008.0,646.064994,18039251940.8,0.17107,921296.334244,3704,0.695769,3769,3368343118.19
2018-01-13,13505,2319863467.55,313215008.0,1104.420143,23785753781.9,0.17107,659983.021467,6383,0.91741,6444,5437433115.03
2018-01-14,11782,1999277130.97,160712000.0,960.472907,22866665058.8,0.17107,594604.582643,5554,0.881961,5608,4310328241.9
2018-01-15,10950,2236369469.55,972993024.0,911.286102,20631751578.4,0.17107,511847.557498,5229,0.795761,5315,4340492437.23
2018-01-16,11752,1774212300.05,1632649984.0,962.698826,20239215731.0,0.17107,458432.803791,5528,0.780621,5613,4844124532.52
2018-01-17,9658,1155434906.9,1713769984.0,769.401425,16181681045.8,0.17107,340464.526076,4418,0.624123,4487,2506285924.41
2018-01-18,10405,1154124060.2,1285490048.0,871.2281,16367629995.3,0.17107,323547.99357,5035,0.631295,5082,4505299017.54
2018-01-19,8581,956895138.812,584574016.0,689.866607,16840773105.7,0.17107,307005.328668,3973,0.649544,4041,2011384758.08
2018-01-20,10017,1185679144.15,738798976.0,823.086658,17022781140.4,0.17107,288772.540146,4758,0.656564,4805,2202778350.28
2018-01-21,7601,1222432232.7,847731008.0,605.182882,18314649284.1,0.17107,291831.985057,3469,0.706391,3529,1896443151.52
2018-01-22,7698,2138048438.99,522984000.0,626.861928,15944707620.7,0.17107,247084.949462,3614,0.614983,3663,4492163801.32
2018-01-23,7650,602289752.549,375958016.0,505.942525,14688644761.6,0.17107,396525.425133,4662,0.566537,2913,2490284377.55
2018-01-24,7863,855999602.98,689838016.0,493.5483,14606507801.6,0.171246,605896.765937,4774,0.563369,2841,1844063798.0
2018-01-25,6704,490300296.66,654814016.0,431.411187,16316864791.5,0.17107,736413.148117,4076,0.629337,2486,3054464694.39
2018-01-26,6947,647023536.724,810062016.0,434.499444,16435247795.1,0.171246,676030.036513,4390,0.633903,2489,1701803084.01
2018-01-27,7484,883752839.614,331308992.0,460.902618,16164932157.7,0.171246,652192.651343,4501,0.623477,2643,1340985910.48
2018-01-28,7656,758266923.3,325145984.0,493.787165,16089302893.4,0.171246,637024.155824,4540,0.62056,2841,1839378464.26
2018-01-29,7485,836870260.168,238318000.0,493.978388,17354880987.7,0.171246,679204.367154,4386,0.669373,2845,2288714721.23
2018-01-30,7437,923042564.283,359622016.0,461.201947,16199207745.0,0.171246,624798.893116,4150,0.624799,2655,1647707242.83
2018-01-31,7246,930506636.407,505904000.0,451.201418,13679070561.3,0.171246,526242.697865,4100,0.527598,2597,1419169132.95
2018-02-01,7395,725762726.882,595624000.0,461.263202,13376086815.5,0.171246,512228.579755,4121,0.515912,2649,1398187923.12
2018-02-02,9764,819768818.773,1438809984.0,668.419952,10875369008.4,0.171246,411346.410958,5695,0.41946,3833,1671994527.03
2018-02-03,7659,622874782.134,1404499968.0,498.362836,10395847838.6,0.171246,384538.227901,4570,0.400965,2863,851286257.902
2018-02-04,5478,246243727.286,814753984.0,337.506763,11248848458.7,0.171246,182072.671173,3184,0.433865,1931,3034118489.05
2018-02-05,6138,256355494.297,658547968.0,384.825949,9983062948.12,0.171246,138494.017561,3549,0.385044,2196,1222448970.72
2018-02-06,45042,1114983328.26,1338390016.0,1074.824042,8587279106.15,0.171246,313306.484955,4941,0.331209,3261,35679500865.0
2018-02-07,6042,998619444.477,679744000.0,451.946121,9522157414.79,0.171246,356003.614509,3802,0.367267,2570,39216577043.4
2018-02-08,2429,476445532.792,346383008.0,183.243693,8930942426.07,0.17107,322332.637523,1048,0.344464,1064,1115780825.42
2018-02-09,5062,1214473275.93,401271008.0,366.265692,9148314985.35,0.171246,328413.092462,2878,0.352848,2089,23911113751.4
2018-02-10,7637,794537982.929,951824000.0,500.431586,10025246291.6,0.171246,357314.169399,5318,0.386671,2825,58147698258.4
2018-02-11,5819,635345131.566,331944000.0,388.565029,10503159983.5,0.171246,371461.216478,3643,0.405104,2204,38016580748.6
2018-02-12,7199,1008083012.23,243039008.0,519.106738,9660296847.29,0.171246,338186.453861,4217,0.372595,2958,31997879557.6
2018-02-13,5946,729769190.9,225695008.0,432.801133,9941372218.99,0.171246,346795.814631,3586,0.383436,2461,28343738946.2
2018-02-14,5376,1121732322.67,299008992.0,403.669105,9690657446.62,0.171246,337339.428969,3270,0.373766,2289,24289004367.6
2018-02-15,5498,1110912703.25,348342016.0,399.649227,10232662856.3,0.171246,353504.634894,3281,0.394671,2276,26064092406.6
2018-02-16,5516,863659819.56,192420000.0,421.525819,10633780564.6,0.171246,363500.490039,3293,0.410142,2405,24522385062.1
2018-02-17,6376,1444066980.15,341415008.0,517.500992,10433130966.0,0.171246,349828.889022,3868,0.402403,2939,24924352391.9
2018-02-18,5165,994531282.892,251314000.0,385.62001,10846719595.2,0.171246,360956.350547,3024,0.418355,2193,27890031701.7
2018-02-19,4804,1854623764.55,169966000.0,348.599566,10031961403.6,0.171246,3289373.45122,2841,0.38693,1975,28841449091.9
2018-02-20,4985,1521384590.58,281249984.0,381.622781,10135980809.9,0.171246,961287.390115,3125,0.390942,2174,27881199699.6
2018-02-21,4608,1452524838.76,242378000.0,365.519263,9738026204.64,0.171246,873719.477076,2891,0.375593,2079,23193420984.2
2018-02-22,3987,1298509391.28,208342000.0,295.943827,9402478057.95,0.171246,2058876.17186,2527,0.362651,1686,19942982985.7
2018-02-23,4125,1129022158.29,222508992.0,337.654695,8679294279.35,0.171246,434549.712476,2610,0.334758,1924,14762612663.0
2018-02-24,3738,866715514.636,133524000.0,280.832261,8910304477.25,0.171246,341772.447819,2221,0.343668,1606,13342030385.6
2018-02-25,5400,1309458025.88,247808000.0,457.527573,8352457627.58,0.171246,274799.685601,3279,0.322152,2605,11854602228.4
2018-02-26,5921,821116225.675,201812992.0,475.238518,8951891498.31,0.17107,291786.66892,3589,0.345272,2699,10248445703.2
2018-02-27,5358,1207685596.76,106757000.0,404.80439,8792699285.65,0.171246,285006.083931,3081,0.339132,2295,15390949495.5
2018-02-28,7728,1178559654.97,114757000.0,634.44936,8672242116.15,0.171246,453621.522523,4482,0.334486,3614,45496098160.6
2018-03-01,7501,1012222721.77,184691008.0,612.930118,8088545977.41,0.171246,259688.922212,4503,0.311973,3491,31062848576.5
2018-03-02,7745,811566957.627,107240000.0,649.4141,7892822521.27,0.171246,250537.435174,4500,0.304424,3677,21625794843.0
2018-03-03,5896,677277898.909,115320000.0,487.013465,7595387167.99,0.171246,253904.138731,3629,0.292952,2767,15254554988.5
2018-03-04,5362,1049185745.09,94436000.0,414.216038,7681802094.44,0.171246,241012.173619,3075,0.296285,2359,12567910274.4
2018-03-05,6731,966058559.186,202675008.0,549.912427,7775450673.48,0.171246,241244.423832,3953,0.299897,3124,14585023606.2
2018-03-06,5229,951659850.182,110305000.0,419.843069,7673038745.02,0.171246,277557.031039,3159,0.295947,2377,12129553090.6
2018-03-07,6081,996545703.76,190792992.0,488.722708,7380762878.67,0.171246,318252.419015,3630,0.284674,2778,11573202872.0
2018-03-08,8287,752206573.495,167808992.0,612.930393,6434061824.37,0.171246,198106.823799,5149,0.24816,3483,12785556930.6
2018-03-09,7572,688902079.509,246848992.0,592.465133,5737297731.03,0.171246,292378.351042,4892,0.221286,3348,10316697929.3
2018-03-10,5046,643848962.224,129138000.0,369.281428,5839191118.26,0.171246,177913.001161,3072,0.225216,2094,6576744257.34
2018-03-11,4875,737331439.458,161362000.0,361.525327,5437451160.2,0.171246,164231.467584,2888,0.209721,2049,5321887447.24
2018-03-12,5141,1045609984.5,184250000.0,390.044635,5810360215.95,0.171246,174416.986047,3076,0.224104,2217,6248393126.76
2018-03-13,4769,951967636.4,98868704.0,349.610508,5784588707.93,0.171246,172006.830654,2618,0.22311,1970,4630655111.09
2018-03-14,5060,682077849.036,144156000.0,411.064989,5792885370.64,0.171246,170784.937084,3046,0.22343,2330,4423483470.68
2018-03-15,6310,848582591.473,204232992.0,514.457786,5153134905.27,0.171246,150690.914724,3792,0.198755,2910,4443855328.38
2018-03-16,5313,660510876.196,97455296.0,421.808017,4842865651.97,0.171246,116864.094731,3101,0.186788,2385,2952413828.36
2018-03-17,5015,657611367.079,81096600.0,385.325077,4634982400.46,0.171246,133565.737333,2852,0.17877,2185,2553611869.63
2018-03-18,8432,670678063.007,189688992.0,626.17554,3990979895.12,0.171246,114007.516826,4858,0.153931,3563,3394150272.74
2018-03-19,6341,530452440.125,321964000.0,515.207687,4167750662.16,0.171246,118665.879869,3977,0.160749,2932,2780874401.81
2018-03-20,5533,745790657.084,249683008.0,439.420887,5015514014.79,0.171246,140557.55472,3355,0.193447,2495,2381346379.11
2018-03-21,5484,761283548.853,257686000.0,444.625359,5323216487.58,0.171246,146396.133909,3247,0.205315,2515,2266373150.85
2018-03-22,5910,795388427.494,201540000.0,456.02584,5584768774.95,0.171246,152936.721311,3860,0.215403,2584,2955565710.21
2018-03-23,5320,803206717.568,148850000.0,433.716537,5244994515.75,0.171246,142417.757393,3410,0.202298,2456,2234045930.7
2018-03-24,7860,726131060.229,132660000.0,678.950281,4896171708.82,0.17107,42942.2195792,4626,0.188844,3837,1792302682.64
2018-03-25,4084,521328604.819,59349400.0,318.615507,4884556381.42,0.171246,129826.88179,2526,0.188396,1810,2066154449.55
2018-03-26,4351,549829114.868,117497000.0,360.948226,4769543896.5,0.171246,516140.369929,2884,0.18396,2035,2747660516.19
2018-03-27,2606,351242006.407,107510000.0,180.769555,4361322170.36,0.171246,161200.206406,1721,0.168215,1012,971898116.39
2018-03-28,2824,438621676.29,60260800.0,212.483087,4023777639.05,0.171246,45473.0711102,1692,0.155196,1196,865433307.59
2018-03-29,4736,494237559.843,103465000.0,394.638053,4152038857.43,0.171246,561593.625254,3042,0.160143,2240,1914262610.9
2018-03-30,4228,429877778.563,119874000.0,361.444463,3802308602.85,0.171246,316961.397696,2660,0.146654,2054,1058593862.77
2018-03-31,3863,345555659.608,113124000.0,370.472374,3814260982.0,0.171246,128427.972778,2583,0.147115,2107,781039131.798
2018-04-01,3321,206360833.731,100833000.0,265.454027,4060101465.17,0.171246,107477.500802,2083,0.156597,1500,1890540443.57
2018-04-02,3363,294300926.901,102697000.0,264.875586,3932903256.9,0.171246,103601.090127,2072,0.151691,1504,1062068415.25
2018-04-03,4928,411607290.899,155987008.0,420.616945,4092951063.35,0.171246,105995.278956,3030,0.157864,2390,738554306.286
2018-04-04,4149,505184102.365,154800992.0,347.61926,4437625539.69,0.171246,114333.478794,2677,0.171158,1970,938479268.68
2018-04-05,7046,385394260.515,113407000.0,651.739925,4034044759.05,0.171246,32957.7572712,4229,0.155592,3683,1332358910.62
2018-04-06,5546,323957702.584,51827500.0,451.678535,3847421705.12,0.171246,98242.7672445,3670,0.148394,2562,849858344.437
2018-04-07,3947,246603074.191,48205400.0,328.790197,3756443615.26,0.171246,92878.5392384,2296,0.144885,1870,409759522.432
2018-04-08,4098,260008638.145,51093100.0,348.515126,3858596272.65,0.171246,63109.2298801,2376,0.148825,1976,403934419.656
2018-04-09,3923,271424807.433,93021904.0,321.359673,4072987219.31,0.171246,101578.936789,2369,0.157094,1818,478202509.566
2018-04-10,4133,258313244.515,55981300.0,333.86093,3973064288.85,0.171246,45795.5336069,2374,0.15324,1893,437289593.746
2018-04-11,4339,286603214.67,91793296.0,405.152456,4064353504.27,0.171246,32919.5629817,2690,0.156761,2295,474750071.202
2018-04-12,7160,387989907.504,488007008.0,653.409519,4323520501.32,0.171246,36595.3191041,4422,0.166757,3686,786520747.161
2018-04-13,5682,378184629.973,230412992.0,453.060047,5486997791.96,0.171246,131243.114015,3481,0.211632,2546,1946538502.96
2018-04-14,3693,254511274.849,113212000.0,302.686489,5151060739.37,0.171246,122632.719468,2229,0.198675,1712,1540741820.12
2018-04-15,4857,291340143.739,169798000.0,418.702853,5221426808.21,0.171246,53848.4153874,2956,0.201389,2372,1769445503.38
2018-04-16,7496,416893760.11,678780992.0,579.744812,5752931754.35,0.171246,84957.7606754,4829,0.221889,3256,2807504980.8
2018-04-17,9137,512521590.002,520975008.0,726.924822,6613736423.74,0.171246,153053.956362,6257,0.25509,4087,4148944471.32
2018-04-18,5473,350318760.724,181118000.0,427.506276,6293381540.03,0.171246,93436.6032738,3134,0.242734,2406,1308099880.54
2018-04-19,6612,361951971.098,240910000.0,595.067737,6935309879.83,0.171246,54674.5149232,4169,0.267493,3350,2511750386.03
2018-04-20,6655,365820349.337,349348992.0,547.517672,7025873136.49,0.171246,43481.0728622,4315,0.270986,3075,1076881741.63
2018-04-21,5349,388554308.499,294632992.0,402.966162,7837546007.14,0.171246,105848.249898,3352,0.302292,2265,689336330.16
2018-04-22,4965,324967952.521,160968000.0,378.036854,7453721654.76,0.171246,57553.0106553,2939,0.287488,2128,640068082.569
2018-04-23,5244,333488740.839,127213000.0,403.07784,7403682408.38,0.171246,103140.453216,3072,0.285558,2275,815436367.313
2018-04-24,7520,469013886.577,369016992.0,624.746263,7480971006.35,0.171246,34917.5084874,4668,0.288539,3503,915148645.402
2018-04-25,6070,466315820.663,351596000.0,475.789051,8110117299.72,0.171246,62604.8674613,3763,0.312805,2672,822111830.269
2018-04-26,5676,291823678.536,220715008.0,467.079218,7020921066.36,0.171246,96265.5073169,3394,0.270795,2644,1011166763.53
2018-04-27,5798,343265392.699,197183008.0,458.924149,7637829782.27,0.171246,58914.7533452,3441,0.294589,2585,577446754.886
2018-04-28,8187,353048904.928,636742016.0,689.12694,7444439763.8,0.171246,18022.2854832,5587,0.28713,3852,1164836862.74
2018-04-29,7963,381841139.831,671886976.0,643.835949,9351116530.55,0.171246,36062.9092621,5211,0.36067,3595,1819448789.89
2018-04-30,6129,371514262.838,298712000.0,492.95064,9445154015.82,0.171246,113089.975306,4057,0.364297,2773,2681996974.46
2018-05-01,5958,349457518.527,365521984.0,499.104297,8891766621.75,0.171246,50455.2324867,3825,0.342953,2808,1357655982.27
2018-05-02,6299,374287816.113,272855008.0,514.22308,9271572278.76,0.171246,119931.7685,3934,0.357602,2901,1052501587.29
2018-05-03,5646,309272619.548,300814016.0,421.417145,9642951637.39,0.171246,37192.5364073,3387,0.371926,2358,1029777039.16
2018-05-04,5322,294935913.803,171266000.0,397.59699,9613161433.36,0.171246,191610.490025,3252,0.370777,2236,830467879.004
2018-05-05,4963,350138346.798,139447008.0,392.268628,9367917272.9,0.171246,99614.9205052,2951,0.361318,2221,1540181565.74
2018-05-06,3775,186938663.0,148186000.0,288.427224,9487570703.41,0.171246,140318.017641,2249,0.365933,1628,1161382712.89
2018-05-07,4781,256181697.973,171384992.0,356.782759,9073126481.0,0.171246,77885.594247,2617,0.349948,1971,2947171881.19
2018-05-08,5058,291607461.829,142455008.0,401.571704,8700995236.9,0.171246,94306.1782318,3077,0.335595,2262,2271158709.25
2018-05-09,4670,504323088.446,178122000.0,391.929437,8515124068.92,0.171246,75059.0989428,2781,0.328426,2217,1105607206.82
2018-05-10,4808,266609559.096,122958000.0,379.021828,8397233678.71,0.171246,111026.222099,2800,0.323879,2144,550338942.398
2018-05-11,5786,307410065.53,348752000.0,477.600684,7695076754.65,0.171246,120043.795408,3669,0.296797,2693,581317646.984
2018-05-12,4396,156102140.818,255480992.0,360.749129,6809719149.73,0.171246,74072.6080162,2688,0.262649,2040,1242726717.46
2018-05-13,4142,158477365.928,179522000.0,322.548538,7042829440.84,0.171246,77876.5917752,2397,0.27164,1822,826577484.876
2018-05-14,4371,196779937.838,161643008.0,344.873239,7411304966.92,0.171246,43200.2406447,2431,0.285852,1957,1045632020.21
2018-05-15,4342,175921714.728,97408800.0,332.884993,7110991709.58,0.171246,61411.6797192,2607,0.274269,1879,701693961.799
2018-05-16,3683,140147233.52,108749000.0,277.375729,6717237288.94,0.171246,57388.6580646,2193,0.259082,1569,387247690.41
2018-05-17,3810,175131912.014,83683800.0,292.941887,6672383457.55,0.171246,64435.8409813,2253,0.257352,1655,423279850.942
2018-05-18,4001,145900538.769,79212200.0,304.584066,6295507559.57,0.171246,51536.5039229,2345,0.242816,1720,284719378.382
2018-05-19,3134,125694138.905,57778000.0,239.71478,6383218839.54,0.171246,56469.4115495,1790,0.246199,1361,180414074.532
2018-05-20,3746,151464355.318,101310000.0,308.142522,6303985711.52,0.171246,48690.5451161,2318,0.243143,1725,334058872.322
2018-05-21,3559,176661742.947,85090304.0,286.479748,6640700577.23,0.171246,45981.2748645,2197,0.25613,1615,336051971.815
2018-05-22,3816,132413044.552,78363296.0,287.836746,6466133610.64,0.171246,48632.4440473,2256,0.249397,1621,263117186.329
2018-05-23,4864,146762511.983,124268000.0,378.31317,5817853138.95,0.171246,72544.0851007,3131,0.224393,2135,402011340.095
2018-05-24,4224,129193022.834,127678000.0,346.39657,5271595690.39,0.171246,55894.5500341,2908,0.203324,1957,346587152.775
2018-05-25,4491,96727881.8203,83368000.0,438.484732,5420313366.88,0.17107,14019.7003043,3179,0.20906,2509,334005199.439
2018-05-26,3110,83453845.8167,60616400.0,242.227355,5179217537.29,0.171246,68269.2410172,1857,0.199761,1374,243206146.894
2018-05-27,3578,88415881.297,58991000.0,271.776996,5090884008.29,0.17107,23346.1641843,2140,0.196354,1541,283839937.086
2018-05-28,4345,120512816.472,95106200.0,357.224125,5021969855.1,0.171246,44111.6155894,2689,0.193696,2026,294040744.073
2018-05-29,5284,105929692.628,185184000.0,428.945743,4549552702.99,0.171246,35395.8499469,3341,0.175475,2409,328689366.493
2018-05-30,4699,128398350.296,222612000.0,373.264661,5280955362.91,0.171246,31057.3251014,3163,0.203685,2109,251491787.512
2018-05-31,5437,309153838.861,202076000.0,440.339412,5454874151.57,0.171246,32288.3749956,3360,0.210393,2459,480740986.18
2018-06-01,3846,169291958.067,130538000.0,324.428248,5821482928.91,0.17107,13341.3763053,2516,0.224533,1841,420984542.245
2018-06-02,3461,144106755.07,116435000.0,279.189809,5773984535.43,0.171246,32850.2813977,2168,0.222701,1587,464255669.283
2018-06-03,4022,137823620.028,117208000.0,326.765688,5903593961.97,0.171246,23391.1543024,2503,0.2277,1853,360149731.008
2018-06-04,3884,121003966.629,115605000.0,328.994612,5915390778.62,0.171246,21629.41787,2417,0.228155,1846,361898991.918
2018-06-05,3682,117275904.157,119846000.0,291.371946,5554797081.26,0.171246,21423.9472582,2264,0.214247,1652,308191242.62
2018-06-06,3802,142934614.132,84766304.0,278.50967,5718604313.7,0.171246,21992.9365081,2085,0.220565,1572,243915928.465
2018-06-07,3286,98687412.6875,76949400.0,269.038094,5602969578.7,0.171246,30335.4335901,1976,0.216105,1526,268574064.136
2018-06-08,2320,79963246.1567,68728600.0,174.581022,5466230209.07,0.171246,56309.0691078,1198,0.210831,998,138288982.456
2018-06-09,2124,71406706.4362,51481400.0,141.294532,5321790498.53,0.171246,75136.2259467,1007,0.20526,809,113524624.542
2018-06-10,3497,187634468.389,137836000.0,236.030226,5224745473.7,0.171246,90922.2221093,2025,0.201517,1347,344459821.158
2018-06-11,4504,112848089.575,89350704.0,257.601958,4569957307.04,0.171246,79317.8698469,2083,0.176262,1405,503604227.395
2018-06-12,3911,118381115.964,82885904.0,283.965219,4701822388.39,0.171246,66126.2140732,2130,0.181348,1593,376920442.956
2018-06-13,3515,96477444.8845,99731600.0,284.646707,4307419791.05,0.171246,63603.8771742,2229,0.166136,1620,291463393.429
2018-06-14,7256,495550303.628,199562000.0,520.704644,4154813053.73,0.171246,129001.206015,3635,0.16025,2931,16145806810.2
2018-06-15,3572,496389717.168,73950496.0,256.604571,4465108234.07,0.171246,81308.5235126,1692,0.172218,1388,3262095102.09
2018-06-16,2528,255191773.276,42213400.0,197.948415,4219397386.41,0.171246,58804.7988455,1408,0.162741,1130,8531444240.85
2018-06-17,2312,146118044.764,35748800.0,182.180846,4229664505.93,0.171246,56620.2657793,1194,0.163137,1041,8875408193.29
2018-06-18,2818,198477944.541,55507800.0,203.135042,4177421458.75,0.171246,51853.5356805,1330,0.161122,1128,6486575078.72
2018-06-19,3954,161957669.827,69854400.0,254.703605,4270240371.85,0.171246,67787.7398238,1702,0.164702,1395,12913460475.1
2018-06-20,2749,308713694.833,83625600.0,237.136429,4324142751.3,0.171246,66712.4113551,1659,0.166781,1356,8657270256.52
2018-06-21,2896,118579111.178,41237700.0,228.910986,4201507707.53,0.171246,46300.0819328,1639,0.162051,1303,11213024479.0
2018-06-22,3060,201908332.371,79062000.0,244.538466,4108403597.49,0.171246,53638.2213048,1960,0.15846,1386,10925246871.7
2018-06-23,2739,151701282.512,38721800.0,215.692269,3638449516.95,0.171246,56120.2202191,1597,0.140334,1230,10402380673.4
2018-06-24,3438,119092861.868,73037504.0,257.771074,3587139844.7,0.171246,43556.246096,2033,0.138355,1456,11299206185.1
2018-06-25,3705,147633582.455,57752100.0,287.838514,3430695901.05,0.171246,52442.4034091,2186,0.132321,1642,12191667963.7
2018-06-26,2131,88131495.8278,32927500.0,162.680764,3516307087.82,0.171246,59933.360181,1159,0.135623,926,8765003909.28
2018-06-27,4750,211671128.673,37072400.0,250.328231,3281096704.01,0.171246,67623.6285495,1621,0.126551,1297,9274808072.09
2018-06-28,2830,121206968.026,42250100.0,236.537181,3302927297.48,0.171246,66549.0674214,1632,0.127393,1347,8267421002.09
2018-06-29,3376,88915878.1869,65802200.0,285.236079,3095614440.99,0.171246,61250.2500063,2052,0.119397,1620,9283712019.57
2018-06-30,3261,69425902.3422,104599000.0,283.43271,3267744262.29,0.171246,29474.9842416,1975,0.126036,1613,7569799603.8
2018-07-01,3266,70167131.2225,108733000.0,274.435753,3584780480.8,0.171246,35503.1465027,1843,0.138264,1554,7710710153.33
2018-07-02,3959,173710734.906,161860000.0,349.687054,3696966915.43,0.171246,37611.7727896,2521,0.142591,1981,10384318830.6
2018-07-03,3287,297741397.256,108280000.0,264.057977,4110011075.93,0.171246,60759.8702756,2031,0.158522,1503,9771303862.96
2018-07-04,3104,284998619.493,86594896.0,246.423366,3894245994.39,0.171246,35950.0111298,1816,0.1502,1395,7225957431.59
2018-07-05,3074,178220463.048,73881296.0,240.781808,3930466112.77,0.171246,31849.3012915,1826,0.151597,1356,6432614779.58
2018-07-06,2643,143237189.869,69138800.0,203.920755,3856625814.98,0.171246,66135.0951419,1511,0.148749,1153,5096595992.75
2018-07-07,2090,128438732.327,47965500.0,168.882984,3792015555.67,0.171246,52007.9946495,1183,0.146257,962,4131508611.28
2018-07-08,2483,132359395.027,48142400.0,211.437279,3887842007.92,0.171246,24630.8038933,1373,0.149953,1200,4906472008.07
2018-07-09,2466,236729496.092,42768500.0,202.939427,3768370067.06,0.171246,40315.9275712,1341,0.145345,1158,4785735918.81
2018-07-10,2505,150987600.695,62318800.0,205.524506,3622763639.5,0.171246,36713.8331162,1479,0.139729,1170,5063530311.16
2018-07-11,2519,119739972.253,50179700.0,210.198489,3339432612.81,0.171246,28506.9089765,1433,0.128801,1202,3890306373.53
2018-07-12,2411,90168026.5153,37623900.0,205.485904,3410965399.88,0.171246,27289.2062313,1350,0.13156,1168,4259464506.04
2018-07-13,2781,80005896.8675,92778496.0,245.015643,3300490152.16,0.171246,28242.0242374,1775,0.127299,1386,5474997634.96
2018-07-14,2523,238754204.847,55022100.0,210.438873,3587399114.79,0.171246,37061.5130852,1542,0.138365,1199,4520748013.11
2018-07-15,2298,211049880.989,50143900.0,180.988343,3552760548.87,0.171246,37032.1923791,1292,0.137029,1029,4092822386.25
2018-07-16,3205,195570583.885,90578096.0,281.404459,3688825814.71,0.171246,20840.2388104,1971,0.142277,1601,6116539296.53
2018-07-17,4051,221806260.286,133441000.0,314.479817,4016492131.96,0.171246,27524.7029239,2212,0.154915,1755,7053011389.29
2018-07-18,4713,207860303.879,323366016.0,400.82872,4415354185.58,0.171246,22454.0934936,3075,0.170299,2243,7716161461.61
2018-07-19,3460,342515560.812,216980992.0,267.78309,4640582647.18,0.171246,23089.1633966,2011,0.178986,1509,2492275418.2
2018-07-20,3682,320774846.489,215667008.0,341.137997,4664098500.85,0.171246,68250.0980246,2538,0.179893,1938,5887756945.33
2018-07-21,2697,285779958.736,125996000.0,259.206499,4200029865.1,0.171246,51934.8075223,1732,0.161994,1483,4384503168.47
2018-07-22,3062,215644161.991,139332992.0,276.292942,4248772757.35,0.171246,23502.8322329,1865,0.163874,1573,3484863023.09
2018-07-23,4144,237848650.372,147071008.0,399.012751,4395312559.81,0.171246,30422.0830572,2712,0.169526,2265,3266780690.98
2018-07-24,4139,223436894.246,191390000.0,356.762248,4271121891.95,0.171246,42933.4306608,2425,0.164736,1993,3165182320.29
2018-07-25,3569,201187624.56,123649000.0,330.611046,4468789877.83,0.171246,39519.0561532,2190,0.17236,1876,2377040138.24
2018-07-26,3031,240284280.082,84282200.0,277.468714,4470241793.68,0.171246,76810.7130101,1840,0.172416,1580,1734595989.21
2018-07-27,2789,160511190.879,103693000.0,226.348262,4263706750.11,0.171246,50865.6890328,1567,0.16445,1268,1043441412.56
2018-07-28,2383,147773796.376,51592200.0,161.54782,4309805081.9,0.171246,66217.2848165,1189,0.166228,907,877754776.339
2018-07-29,2252,165612662.59,47319500.0,166.94181,4256265680.96,0.171246,186491.723558,1188,0.164163,951,853739190.539
2018-07-30,2209,157771217.91,69612600.0,166.012038,4232179432.21,0.171246,40805.2549846,1249,0.163234,937,512414255.414
2018-07-31,2898,176603711.022,93183800.0,220.390264,3994505976.7,0.171246,60581.2504603,1765,0.154067,1241,911097169.017
2018-08-01,2506,165955650.71,79987900.0,200.277117,3709800815.13,0.171246,88599.8110735,1530,0.143086,1144,1082030830.27
2018-08-02,2883,171263565.11,68531400.0,216.03565,3663909900.3,0.171246,54592.6682039,1768,0.141316,1223,784374575.81
2018-08-03,2738,107418414.677,77768900.0,212.54969,3407231901.9,0.171246,49816.9929496,1620,0.131416,1219,871186814.848
2018-08-04,2252,158151285.974,54577300.0,177.672706,3390508941.42,0.171246,48835.4395676,1274,0.130771,1007,507496546.055
2018-08-05,1664,145397386.374,43901500.0,132.955684,3300308662.6,0.171246,31858.6399577,920,0.127292,756,333270141.008
2018-08-06,2148,134375408.301,57534800.0,164.448941,3394346147.82,0.171246,15922.6835239,1145,0.130919,937,360107688.125
2018-08-07,1440,57005145.9642,57321700.0,112.899884,3394449856.14,0.171246,12779.7656654,692,0.130923,637,263773855.021
2018-08-08,2441,63300940.423,82209700.0,168.454377,3256284497.33,0.171246,25118.7785257,1517,0.125594,935,330576208.129
2018-08-09,3110,65908489.5341,93016600.0,232.979101,2968831066.15,0.171246,13740.8203911,1760,0.114507,1307,443551115.489
2018-08-10,2474,141187799.213,71125700.0,208.344849,3217316109.65,0.171246,19643.771494,1510,0.124091,1176,322659829.649
2018-08-11,2965,212449000.352,65816400.0,241.698203,3019051801.5,0.171246,40204.5129881,1823,0.116444,1366,2247788510.78
2018-08-12,2236,61170968.7107,35031500.0,176.838059,2916717654.63,0.171246,38331.7701763,1238,0.112497,1009,2091873751.32
2018-08-13,2810,126845420.318,56974900.0,234.865256,2934503624.63,0.171246,37971.8194841,1770,0.113183,1326,2330095991.89
2018-08-14,4376,110947111.377,111693000.0,369.165319,2664749937.59,0.171246,33625.31385,2924,0.102779,2078,2847131343.9
2018-08-15,3817,88068369.9187,91346700.0,307.920352,2475760458.67,0.171246,21095.1867699,2331,0.095489,1739,1956046017.11
2018-08-16,2507,78702817.3606,50188900.0,221.427368,2463971394.27,0.171246,26555.0178499,1576,0.095035,1255,1313856076.69
2018-08-17,2979,161341453.235,103569000.0,269.612322,2480753963.03,0.171246,26581.2564378,1883,0.095682,1527,1327689770.1
2018-08-18,3122,95714490.7328,101454000.0,243.85841,2848025188.16,0.171246,34961.3104557,1738,0.109847,1361,767416315.703
2018-08-19,2182,43940998.9871,51106900.0,176.571576,2586069724.03,0.171246,31275.7114943,1194,0.099744,1004,539498760.616
2018-08-20,2458,50246100.6687,53939600.0,200.204739,2650850164.26,0.171246,26428.9644633,1443,0.102243,1136,498829707.122
2018-08-21,2657,46863355.9853,49545100.0,217.912002,2415401987.99,0.171246,19997.1485202,1616,0.093161,1234,355496502.618
2018-08-22,4722,137311318.797,64566000.0,251.935262,2463481069.38,0.171246,25240.7750937,1935,0.095016,1217,1251396814.5
2018-08-23,2766,144888271.636,37397400.0,226.729044,2338756457.34,0.171246,58633.2358647,1678,0.090205,1275,1216310709.43
2018-08-24,2405,159895578.802,35302400.0,199.924283,2407232467.39,0.171246,86171.4470032,1356,0.092846,1130,723626948.372
2018-08-25,2122,91708968.1994,30674700.0,176.494551,2445057573.89,0.171246,19499.7691921,1244,0.094305,991,338758047.445
2018-08-26,2094,62536906.778,26907400.0,172.089641,2443929668.18,0.171246,30926.7805109,1199,0.094262,975,295702452.321
2018-08-27,3038,179638378.816,55515600.0,272.532834,2415832578.2,0.171246,37451.5962575,1782,0.093178,1535,573630176.238
2018-08-28,3372,135537808.461,79059500.0,293.403522,2607355848.32,0.171246,43219.2854166,2114,0.100565,1644,325802979.203
2018-08-29,5677,355891120.887,83582300.0,488.489323,2738183847.02,0.171246,28522.7827678,2052,0.105611,1654,490011452.482
2018-08-30,2724,70447755.3228,64807500.0,239.489313,2727657455.64,0.171246,22714.5487863,1708,0.105205,1332,201162647.479
2018-08-31,2572,44160144.64,42250400.0,230.775558,2616093271.72,0.171246,30698.5789718,1620,0.100902,1299,336342547.325
2018-09-01,2780,81366922.0126,70208900.0,253.283539,2641372164.85,0.171246,38370.7349704,1756,0.101877,1427,170096504.186
2018-09-02,2361,50080725.8279,58391900.0,207.657124,2771681621.29,0.171246,29822.6706984,1457,0.106903,1166,101546606.18
2018-09-03,2471,59551008.397,53687200.0,203.215843,2713267931.57,0.171246,29407.0924393,1381,0.10465,1148,156931204.292
2018-09-04,2605,54367182.3427,54317400.0,221.95193,2683036967.37,0.171246,38410.2652616,1616,0.103484,1257,437490398.528
2018-09-05,3425,70512231.2129,98708900.0,300.311392,2729277401.41,0.171246,21053.1706022,2449,0.105267,1658,157589953.174
2018-09-06,3305,57910179.5754,73239200.0,286.507262,2269264289.88,0.171246,17504.8092655,2204,0.087525,1582,164357374.455
2018-09-07,2737,50959946.8318,41868100.0,236.143608,2295090211.1,0.171246,15028.9750727,1745,0.088521,1318,102252914.318
2018-09-08,2568,43083073.8295,35208700.0,218.075209,2180976810.0,0.171246,15674.5685019,1586,0.08412,1220,79629738.6513
2018-09-09,2780,37442001.7123,47870100.0,229.759231,2033797193.96,0.171246,25037.4723899,1621,0.078443,1290,76197445.6521
2018-09-10,3037,79723920.59,44682000.0,248.210997,2003563503.9,0.171246,32021.2308171,1901,0.077277,1391,164435792.177
2018-09-11,3400,50503368.0909,47614500.0,265.784927,1923272820.52,0.171246,33700.9363149,2053,0.07418,1487,161541704.288
2018-09-12,4000,98638041.8882,91272400.0,341.823732,1835470031.46,0.171246,53099.0482507,2854,0.070794,1903,473090773.419
2018-09-13,3166,72216545.4192,86011700.0,274.894609,1738480391.42,0.171246,28562.1594765,2115,0.067053,1545,189678423.118
2018-09-14,2793,44807025.9112,62256800.0,237.888493,1817337407.46,0.171246,30199.6046568,1778,0.070094,1343,148840186.536
2018-09-15,2297,30500980.0828,34842300.0,196.918229,1761168965.95,0.171246,35244.8322719,1398,0.067928,1111,96367933.6705
2018-09-16,2335,62016326.6678,32643600.0,202.109274,1792947523.03,0.171246,21449.8357717,1458,0.069153,1144,97045889.7013
2018-09-17,2715,40189911.8848,48609600.0,224.766012,1811109585.03,0.171246,19791.995321,1600,0.069854,1262,99112216.5624
2018-09-18,3062,42485275.9833,67159000.0,255.228261,1648141514.92,0.171246,30348.0551085,1906,0.063568,1434,321395585.798
2018-09-19,2964,44049195.4782,96071300.0,271.276423,1792729770.08,0.171246,26518.9447923,1883,0.069145,1533,149569787.528
2018-09-20,3809,56964723.2163,103788000.0,294.376623,1878140281.15,0.171246,15225.1379339,2068,0.072439,1577,111413705.598
2018-09-21,4187,48702974.3726,212274000.0,349.199022,2120256713.37,0.171246,16392.3864999,2689,0.081778,1934,91173766.6198
2018-09-22,3002,46809036.8212,82526800.0,243.839127,2272753344.04,0.171246,36083.0736719,1846,0.08766,1374,107948760.586
2018-09-23,3544,45422391.5563,149996000.0,299.940324,2164611324.16,0.171246,32014.656081,2234,0.083488,1669,156576131.677
2018-09-24,2848,76472139.6944,89522100.0,240.70539,2325776620.16,0.171246,34323.9255147,1903,0.089705,1357,183132858.56
2018-09-25,3258,41341923.1802,87535200.0,279.233923,2133862518.95,0.171246,25415.257778,2222,0.082303,1572,109831665.071
2018-09-26,3660,54694569.6872,64321400.0,304.818782,2099885296.93,0.171246,17076.8050074,2156,0.080992,1708,85360340.3816
2018-09-27,3166,35022444.7465,101911000.0,269.665389,2060330169.99,0.171246,28242.6756591,1917,0.079466,1510,206107055.651
2018-09-28,4118,76698358.0849,89113600.0,321.73546,2240190005.25,0.171246,28099.9510266,2967,0.086403,1797,261999768.503
2018-09-29,2979,63704358.4218,55854000.0,243.549748,2170404363.34,0.171246,26604.1733349,1880,0.083712,1369,217768597.993
2018-09-30,3072,43916455.8306,49853100.0,246.419533,2187420222.33,0.171246,24935.5169623,1874,0.084368,1390,112235764.867
2018-10-01,3305,31728580.244,42076400.0,262.459856,2211379553.83,0.171246,9089.1590767,1940,0.085292,1478,113652456.123
2018-10-02,3506,35594796.539,34775200.0,252.567675,2193541849.59,0.171246,15171.8650661,1962,0.084604,1409,92141665.2176
2018-10-03,3239,30650429.5343,38063700.0,252.746246,2126841553.01,0.171246,19919.5608682,1938,0.082032,1424,231580768.391
2018-10-04,2555,87881609.0948,31665100.0,211.29226,2095376564.22,0.171246,32362.5669548,1539,0.080818,1195,347463559.43
2018-10-05,2516,53946333.4202,31160900.0,209.21585,2109965843.02,0.171246,34114.1857512,1528,0.081381,1188,172130401.223
2018-10-06,2559,39122580.1459,26277600.0,196.732398,2159958319.5,0.171246,34711.4633212,1433,0.083309,1114,114312007.72
2018-10-07,2366,34018791.7696,34848400.0,180.184217,2111871087.61,0.171246,23531.6475829,1229,0.081454,1018,109678305.749
2018-10-08,3373,70031413.8255,62079800.0,271.171577,2191646261.25,0.171246,14141.3305309,1919,0.084531,1504,601715755.451
2018-10-09,2855,64336884.7962,38710200.0,223.830177,2249764481.36,0.171246,18596.0734834,1627,0.086773,1264,826620301.25
2018-10-10,2250,77710349.3668,35888200.0,187.92636,2238659687.48,0.171246,10038.9321831,1327,0.086345,1057,329566318.788
2018-10-11,2937,56503208.0115,72659700.0,233.055043,2191494904.97,0.171246,11467.7885804,1968,0.084525,1301,218081085.468
2018-10-12,2461,53116073.3239,40979000.0,204.244636,1823681724.0,0.171246,11906.9556438,1521,0.070339,1132,134749390.683
2018-10-13,2173,30747780.9308,23571900.0,171.404842,1883254318.24,0.171246,7194.9729592,1283,0.072637,961,76313464.512
2018-10-14,2018,41047751.4113,26250600.0,164.819684,1894306897.48,0.171246,12851.4160125,1301,0.073063,923,80904194.0916
2018-10-15,3987,45024993.8861,71953000.0,337.721038,1826194256.76,0.171246,6595.55778169,2478,0.070436,1905,383441358.384
2018-10-16,3116,46201464.9983,26555800.0,266.09206,1939028635.81,0.171246,15461.639219,1856,0.074788,1511,630235789.662
2018-10-17,4314,61679320.5581,36907800.0,278.289788,1966837734.41,0.171246,20942.7844678,1742,0.07586,1406,536122901.302
2018-10-18,2972,78995446.7525,28634400.0,230.143132,2010286692.63,0.171246,20151.4800063,1546,0.077536,1281,308950607.454
2018-10-19,2468,47943182.5943,18153800.0,208.935096,1945110945.27,0.171246,22779.3758659,1385,0.075022,1184,339226732.325
2018-10-20,2916,36507840.3474,20363900.0,209.423295,1964955674.55,0.171246,13019.8326335,1363,0.075788,1156,137519708.183
2018-10-21,2359,38759817.3065,17620200.0,181.127767,1978370331.99,0.171246,16775.435947,1254,0.076305,1016,129633592.865
2018-10-22,2630,61610694.5805,16871700.0,211.559856,1964081893.7,0.171246,15601.5100585,1454,0.075754,1201,174258352.501
2018-10-23,2789,43089543.12,20710600.0,221.630584,1966933910.96,0.171246,15299.1603918,1552,0.075864,1252,126955022.602
2018-10-24,2915,40345177.0128,14151400.0,221.753562,1934462778.07,0.171246,14922.6090221,1517,0.074612,1251,130110369.793
2018-10-25,2784,60749364.963,12567300.0,218.80082,1926101358.52,0.171246,14735.4726549,1491,0.074289,1231,171835157.358
2018-10-26,2524,48470818.609,13464800.0,224.732386,1912061815.78,0.171246,13361.5470379,2420,0.073748,1264,207252955.652
2018-10-27,2384,51080722.252,10316000.0,200.622482,1910482804.52,0.171246,14800.0382006,1402,0.073687,1149,134276732.021
2018-10-28,2368,34257979.2003,11226100.0,190.139883,1893464313.13,0.171246,13588.2861417,1337,0.07303,1079,82794495.0868
2018-10-29,2715,50552914.7137,21315700.0,214.988102,1893762366.74,0.171246,16190.7761786,1583,0.073042,1222,105922889.084
2018-10-30,2669,36550979.3573,11418800.0,215.031722,1805361552.27,0.171246,13092.4910154,1543,0.069632,1212,86331863.0014
2018-10-31,2891,45270839.7953,16366000.0,227.713074,1807705359.26,0.171246,13944.6005895,1517,0.069723,1240,153694913.77
2018-11-01,2619,61520726.2733,11256600.0,220.991812,1807075162.46,0.171246,13768.9115432,1376,0.069698,1150,172413597.586
2018-11-02,2772,115768446.173,18823400.0,226.643836,1835994514.59,0.171246,20607.695748,1584,0.070814,1287,342298403.52
2018-11-03,2230,55560617.5201,14948900.0,182.59823,1881288901.84,0.171246,17580.9421202,1273,0.072561,1038,265577850.516
2018-11-04,3024,101693658.409,52924200.0,244.930002,1853585421.53,0.171246,21447.6097223,1765,0.071492,1371,294464491.935
2018-11-05,2982,69671645.9212,34358100.0,245.736119,1969453963.71,0.171246,30276.9521779,1759,0.075961,1391,188044067.955
2018-11-06,3780,73591615.0834,49473200.0,306.249235,1966090123.7,0.171246,12477.7040889,2227,0.076337,1726,153554871.0
2018-11-07,3235,58926078.8508,36852900.0,269.266076,2100603231.45,0.171246,17040.7588907,1930,0.08102,1508,142103626.74
2018-11-08,3013,56347139.6363,32149600.0,249.303233,2032454300.54,0.171246,15319.6261557,1755,0.078391,1407,99373752.5185
2018-11-09,2683,279487856.31,23756800.0,214.219594,1978871061.65,0.171246,20790.7696988,1550,0.076324,1196,765397600.19
2018-11-10,2302,26394925.776,15012100.0,178.648171,1922922814.97,0.171246,14169.5494442,1301,0.074167,1016,40615984.6644
2018-11-11,2610,34346968.7679,23663500.0,209.860438,1948779781.75,0.171246,14040.2159518,1441,0.075164,1189,55007581.9275
2018-11-12,2829,44287827.6036,20975100.0,232.019811,1991673566.24,0.171246,14746.2005792,1601,0.076818,1271,168117912.039
2018-11-13,2385,34327456.7442,20329300.0,189.965251,1967434586.1,0.171246,16101.8793425,1387,0.075883,1077,66033721.0301
2018-11-14,3489,86828879.4251,54964400.0,274.078162,1904043446.85,0.171246,15574.228375,2244,0.073439,1543,920346998.704
2018-11-15,3716,93225152.4651,60267800.0,300.405697,1681292742.98,0.171246,12060.8556045,2506,0.064847,1680,772412883.82
2018-11-16,3316,41707245.3915,27544700.0,278.260542,1639687839.47,0.171246,6168.79507273,2028,0.063242,1575,520779483.988
2018-11-17,2247,28874767.8584,17926300.0,164.718378,1583171827.27,0.171246,11636.9471263,1161,0.061062,918,282077025.521
