,activeaddresses,adjustedtxvolume(usd),averagedifficulty,blockcount,blocksize,exchangevolume(usd),fees,generatedcoins,marketcap(usd),medianfee,mediantxvalue(usd),paymentcount,price(usd),txcount,txvolume(usd)
2017-07-31,,,,,,1075960.0,,,0.0,,,,346.36,,
2017-08-01,,,,,,65988800.0,,,4855615612.79,,,,294.6,,
2017-08-02,,,,,,416207008.0,,,6302412307.06,,,,382.38,,
2017-08-03,74547.0,331906322.71,295657053175.0,35.0,16479358.0,161518000.0,20.23473119,437.5,7392235056.31,0.00033919,644.959722782,12444.0,448.49,20909.0,421398544.18
2017-08-04,89602.0,331263600.376,225505642692.0,19.0,21743417.0,185038000.0,21.32449804,237.5,5969656149.71,0.00025842,676.81952884,16108.0,362.18,26517.0,449196829.237
2017-08-05,54665.0,174792481.253,225505642692.0,13.0,12025454.0,144043008.0,11.22425776,162.5,3809332514.43,0.00025225,458.248975536,9989.0,231.11,15194.0,232012894.523
2017-08-06,41841.0,130809246.441,151123557512.0,65.0,8983068.0,107606000.0,9.15282496,812.5,3497474586.91,0.00023615,381.697737613,7905.0,212.18,11791.0,191645705.459
2017-08-07,57375.0,150346417.535,144323701657.0,78.0,11194094.0,346545984.0,8.6803523,975.0,3688627309.69,0.00019493,538.023965539,12207.0,223.76,16114.0,282879190.79
2017-08-08,38121.0,142413578.694,133028839463.0,23.0,10794377.0,274880000.0,8.44009814,287.5,5297452201.45,0.00021661,643.875630054,9440.0,321.35,12855.0,312630132.366
2017-08-09,31772.0,124659820.276,115459053828.0,95.0,6894409.0,165032000.0,5.51291228,1187.5,5692395447.26,0.00019493,860.455617882,7460.0,345.28,10798.0,191201527.031
2017-08-10,31655.0,88893023.9619,115459053828.0,100.0,7010906.0,136636992.0,5.30796253,1250.0,5032212212.17,0.00021382,623.570448978,7609.0,305.21,9949.0,135527819.536
2017-08-11,30846.0,87362030.0575,115459053828.0,67.0,6132245.0,233971008.0,4.78128428,837.5,4548837163.09,0.000187,789.495501458,8549.0,275.88,10507.0,190050948.035
2017-08-12,24982.0,84793179.3707,115459053828.0,72.0,8563011.0,126007000.0,4.60345208,900.0,5405527079.59,0.00021728,620.380651147,5010.0,327.82,7543.0,246686489.678
2017-08-13,23401.0,56704210.9146,115459053828.0,78.0,8666790.0,120722000.0,4.83887706,975.0,5215745763.5,0.00021681,548.403667438,5244.0,316.29,7814.0,89347465.4117
2017-08-14,32359.0,102598103.909,115459053828.0,91.0,12249457.0,174968000.0,5.78545113,1137.5,4883059628.31,0.000187,554.8993947,8689.0,296.1,9833.0,142280000.493
2017-08-15,26281.0,127273252.44,115459053828.0,112.0,8196260.0,133924000.0,4.87569032,1400.0,4917881691.88,0.000187,518.55753259,5920.0,298.18,7696.0,145177003.756
2017-08-16,186217.0,83440394.4953,115459053828.0,84.0,30708572.0,106436000.0,4.35333251,1050.0,4914665035.0,7.5e-06,0.0122882828,38301.0,297.97,135552.0,100361819.853
2017-08-17,32859.0,156567061.372,115459053828.0,65.0,6632735.0,744604992.0,8.46124586,812.5,4965215780.33,0.000134,722.448,9243.0,301.02,10813.0,271072509.438
2017-08-18,61270.0,307666228.143,115459053828.0,65.0,12230381.0,3087490048.0,8.81946855,812.5,7565968051.5,0.000113,1374.55045702,19914.0,458.67,22796.0,697648681.374
2017-08-19,76080.0,468073695.967,115459053828.0,131.0,15789341.0,3196229888.0,11.99113257,1637.5,11499090679.1,0.000134,1749.53889379,23583.0,697.04,27728.0,852794710.489
2017-08-20,52368.0,301625224.614,72294285468.2,464.0,13646833.0,1494019968.0,8.876545,5800.0,12747049866.9,0.0001567,2314.4599466,16626.0,772.42,19530.0,476761705.315
2017-08-21,45427.0,198230884.395,68222137509.7,764.0,14376178.0,1123399936.0,7.12165057,9550.0,11949942329.2,0.000134,1689.93240137,15262.0,723.7,16436.0,329480156.304
2017-08-22,41639.0,255448934.977,74685287379.0,855.0,12271777.0,1393260032.0,6.34074654,10687.5,9850964668.97,0.0001125,1801.6143093,15785.0,596.19,15033.0,474187796.755
2017-08-23,32761.0,207463284.563,272888550039.0,22.0,6471527.0,501983008.0,4.19772886,275.0,11417008464.0,9.6e-05,1436.02659705,10902.0,690.96,9684.0,345180631.414
2017-08-24,55709.0,276434158.75,91536833682.3,569.0,17391062.0,407176992.0,7.21468871,7112.5,11075904905.7,0.00011226,2976.25849924,14160.0,670.03,13311.0,749058824.827
2017-08-25,29945.0,152994259.049,89420641867.3,688.0,6820313.0,348632000.0,5.53354222,8600.0,10371026230.3,7.84e-05,1886.78937777,13041.0,627.06,10916.0,375702750.124
2017-08-26,38672.0,129003445.847,89420641867.3,676.0,15280977.0,193414000.0,3.66496469,8450.0,10621494192.2,9.6e-05,824.754307896,9915.0,641.88,8233.0,266954819.695
2017-08-27,21483.0,180754465.076,131701291700.0,43.0,3846288.0,402718016.0,2.93697368,537.5,10357223585.0,9.6e-05,1171.67521174,7930.0,625.89,6328.0,277326784.034
2017-08-28,30950.0,175963866.405,125189898707.0,174.0,7451820.0,216272992.0,4.39485369,2175.0,10256146061.2,9.726e-05,1079.64734489,10250.0,619.7,10161.0,218513373.713
2017-08-29,38786.0,318990634.112,119369386419.0,142.0,7802240.0,370016992.0,5.11311822,1775.0,9867112579.42,0.0001,1584.23478961,11959.0,596.13,12858.0,587682370.539
2017-08-30,97424.0,534175063.862,119369386419.0,86.0,66936991.0,443856000.0,3.97986965,1075.0,9092915200.9,0.000113,559.238620798,9002.0,549.32,15867.0,764677649.403
2017-08-31,70395.0,165496090.594,119369386419.0,86.0,75923072.0,298144000.0,4.39237606,1075.0,9539399202.53,0.00014894,296.57513,7305.0,576.25,13568.0,199346319.293
2017-09-01,33396.0,161795056.518,119369386419.0,116.0,27172842.0,393839008.0,3.7594561,1450.0,9741313145.72,9.6e-05,675.760289328,7979.0,588.4,10362.0,221919863.356
2017-09-02,21607.0,154351537.362,119369386419.0,134.0,4239513.0,350478016.0,2.77770443,1675.0,10298021845.2,9.6e-05,1127.82818681,6151.0,621.96,7858.0,211185556.22
2017-09-03,25534.0,141677677.781,119369386419.0,131.0,6114668.0,344862016.0,2.50160359,1637.5,9575598536.75,9.6e-05,1288.04091108,5865.0,578.27,7515.0,220267404.698
2017-09-04,21795.0,304610602.379,119369386419.0,129.0,4683681.0,328956992.0,4.31505577,1612.5,10073186170.3,9.6e-05,1433.21174911,6858.0,608.26,7599.0,382734875.99
2017-09-05,23292.0,207401721.886,119369386419.0,112.0,8652978.0,338977984.0,2.36431426,1400.0,8527801718.34,5.978e-05,947.3979785,6799.0,514.9,7328.0,306061291.325
2017-09-06,25853.0,231832494.916,119369386419.0,140.0,6711565.0,693240000.0,2.3711804,1750.0,8965564672.3,9.6e-05,1637.317872,8300.0,541.28,8578.0,383299421.409
2017-09-07,22843.0,147012451.842,119369386419.0,207.0,5515438.0,1082380032.0,2.36196092,2587.5,10550305074.0,7.04e-05,1400.37868022,8138.0,636.85,8677.0,252139480.187
2017-09-08,20130.0,165910952.885,119369386419.0,188.0,4227766.0,809763008.0,1.71427559,2350.0,10841973953.5,5e-05,1238.37794309,8331.0,654.37,7552.0,250535731.484
2017-09-09,18439.0,172024192.884,119369386419.0,158.0,4107429.0,234578000.0,1.52744926,1975.0,9689359254.25,4.693e-05,639.386297718,6064.0,584.73,6257.0,492042510.339
2017-09-10,13683.0,98303155.7035,119369386419.0,155.0,10032758.0,289508000.0,1.16558703,1937.5,9056343980.33,5.22e-05,1004.49439336,224818.0,546.47,5430.0,198475741.352
2017-09-11,18271.0,88407560.1028,112376158820.0,174.0,4146681.0,274712000.0,1.20747464,2175.0,8903742948.25,2.588e-05,618.422281718,7840.0,537.19,7256.0,416200658.812
2017-09-12,14463.0,131788566.562,109634813602.0,193.0,3265514.0,273824992.0,1.31772647,2412.5,8935490924.68,2.6e-05,638.643159053,7328.0,539.03,5993.0,269401047.311
2017-09-13,16557.0,107692046.964,109634813602.0,172.0,4290986.0,340344000.0,1.31399,2150.0,8446565741.16,3.42e-05,619.460267979,6994.0,509.47,6356.0,143860362.774
2017-09-14,18483.0,148776843.362,109634813602.0,186.0,4331944.0,257431008.0,2.22638457,2325.0,8360809736.97,7.48e-05,1007.6954032,7806.0,504.22,7296.0,259256679.356
2017-09-15,81860.0,128401700.693,109634813602.0,170.0,37112444.0,707230976.0,2.0176211,2125.0,6127535001.07,7.48e-05,927.007393974,9734.0,369.49,8634.0,272207180.207
2017-09-16,17394.0,106308037.236,109634813602.0,171.0,3455254.0,313583008.0,1.84246263,2137.5,7040532697.65,9.143e-05,424.482711507,6959.0,424.49,7809.0,224614369.49
2017-09-17,13562.0,83675042.3455,109634813602.0,177.0,2791293.0,221828000.0,0.73514599,2212.5,7280591937.99,3.74e-05,667.939846497,4977.0,438.9,5027.0,143742760.424
2017-09-18,21334.0,104182418.901,109634813602.0,357.0,4336847.0,458550016.0,1.34094764,4462.5,7003505594.91,9.6e-05,412.838428777,7798.0,422.09,8675.0,407160157.032
2017-09-19,24951.0,137620853.299,109634813602.0,266.0,6137802.0,802321024.0,1.42698773,3325.0,7976565806.79,7.355e-05,569.52805239,9788.0,480.64,9520.0,672096690.676
2017-09-20,20914.0,181390942.211,120996082127.0,248.0,4745883.0,669264000.0,1.38372935,3100.0,8743375626.47,7.48e-05,756.905190056,8853.0,526.74,8099.0,265072608.346
2017-09-21,16232.0,143158259.956,167136744099.0,34.0,3593046.0,316731008.0,1.15108873,425.0,7898574349.65,4.52e-05,953.008740135,8104.0,475.83,5859.0,232165064.743
2017-09-22,17598.0,116026158.199,107766775886.0,410.0,3926908.0,241904992.0,1.28153827,5125.0,6939423689.12,4.08e-05,839.953473722,7441.0,417.92,6746.0,492013126.211
2017-09-23,14097.0,88907224.0727,106967784187.0,352.0,3055430.0,189127008.0,0.88750027,4400.0,6897911317.74,2.6e-05,419.506695091,7361.0,415.31,5601.0,174872783.008
2017-09-24,16448.0,83389940.0939,106967784187.0,264.0,4383946.0,114527000.0,1.0734338,3300.0,7123327440.38,3.74e-05,67.419340672,8961.0,428.8,6580.0,144405627.764
2017-09-25,37335.0,174617572.45,106967784187.0,282.0,5344856.0,302272000.0,1.36306084,3525.0,6972789092.27,5e-05,66.2554960375,31118.0,419.65,8976.0,258668290.61
2017-09-26,16249.0,132788769.917,106967784187.0,313.0,4501039.0,165303008.0,1.09161226,3912.5,7401744024.87,3.74e-05,306.441518453,8327.0,445.36,6464.0,195894444.118
2017-09-27,20965.0,225571548.653,106967784187.0,276.0,5202814.0,197884992.0,1.13267958,3450.0,7345110074.14,2.6e-05,408.315831356,10848.0,441.86,8802.0,411904527.258
2017-09-28,19608.0,209333036.8,152495837056.0,73.0,4332069.0,300420992.0,1.27726594,912.5,7592302057.42,5e-05,1029.67221022,9035.0,456.71,7926.0,367149569.199
2017-09-29,15601.0,162123213.955,196793402010.0,13.0,3191937.0,148724992.0,1.25288,162.5,7442080161.59,3.4e-05,874.187260661,7676.0,447.66,5755.0,241319417.217
2017-09-30,23008.0,133342793.369,65512203013.4,588.0,5621314.0,150564992.0,1.64584862,7350.0,7261921933.63,5e-05,802.311390026,10475.0,436.64,8445.0,272081162.482
2017-10-01,20179.0,243078175.474,64485451161.8,970.0,5024852.0,164290000.0,1.25746342,12125.0,7213065203.07,4.683e-05,1205.67113419,9568.0,433.38,7883.0,402643133.464
2017-10-02,19559.0,186569605.278,74313850887.7,437.0,4592161.0,219590000.0,1.2556313,5462.5,6923816255.17,4.52e-05,1297.46986864,9643.0,415.87,7252.0,277207012.118
2017-10-03,14637.0,154503591.71,212589267721.0,14.0,3421173.0,130247000.0,1.02391342,175.0,7022466668.05,3.74e-05,1033.13008085,6640.0,421.79,4542.0,214495479.743
2017-10-04,27618.0,222371061.916,56814857740.4,848.0,6222380.0,251584000.0,1.89150925,10600.0,6733855011.47,4.52e-05,1360.10102374,11456.0,404.2,9481.0,454779770.474
2017-10-05,21231.0,165512200.819,56319734962.6,1129.0,5716268.0,268340992.0,2.39906599,14112.5,5976308521.13,5e-05,1274.7495398,12227.0,358.42,8625.0,466814030.826
2017-10-06,22466.0,152955055.307,184620073300.0,34.0,4320838.0,182031008.0,1.16513427,425.0,5926669511.53,3.84e-05,843.208028538,9072.0,355.43,6088.0,352386617.474
2017-10-07,12825.0,95644222.9888,91080818283.7,141.0,2961396.0,91004000.0,1.19532024,1762.5,6063509023.2,5e-05,727.197185736,6134.0,363.6,5044.0,210679027.379
2017-10-08,18005.0,127751894.27,91080818283.7,107.0,4691644.0,203754000.0,1.58498505,1337.5,6005454077.78,5e-05,1040.40458014,7606.0,360.09,6828.0,358160526.609
2017-10-09,22439.0,182430245.48,91080818283.7,91.0,5027713.0,288075008.0,1.84858972,1137.5,5716809409.4,5e-05,1248.10989721,9522.0,342.76,9074.0,472701633.975
2017-10-10,21649.0,111968881.492,91080818283.7,112.0,5132341.0,367808992.0,2.04591345,1400.0,5224540922.0,5e-05,1018.88844147,10379.0,313.22,8335.0,281140901.934
2017-10-11,22137.0,105241410.078,91080818283.7,100.0,5474775.0,131577000.0,1.92143734,1250.0,5341300421.97,4.52e-05,498.245942008,8373.0,320.2,7284.0,209426218.816
2017-10-12,45290.0,164259382.907,47740821066.3,556.0,14240806.0,262066000.0,3.01332509,6950.0,5264692653.25,3.74e-05,490.021718279,12351.0,315.47,12256.0,386157899.205
2017-10-13,84118.0,131549409.361,49014297675.8,929.0,40712154.0,288209984.0,4.41591041,11612.5,5246293831.87,6.262e-05,465.971372164,14618.0,314.15,14947.0,270788089.09
2017-10-14,175291.0,125770600.418,84768257679.7,94.0,123516948.0,164136992.0,7.54337325,1175.0,5370034315.82,0.0002,221.766961142,11090.0,321.54,12997.0,168206417.822
2017-10-15,39054.0,91951084.4229,84768257679.7,42.0,15077093.0,133385000.0,2.91138846,525.0,5384882608.99,5.086e-05,398.630499229,7760.0,322.42,8288.0,111619757.184
2017-10-16,30123.0,142184444.585,84768257679.7,56.0,8394981.0,117797000.0,2.41668296,700.0,5265621404.06,1.93e-05,168.767338192,14708.0,315.26,9968.0,213632281.542
2017-10-17,36028.0,236765255.285,84768257679.7,31.0,8540360.0,1008160000.0,2.74179545,387.5,5239651085.53,5e-05,689.6638034,13812.0,313.7,13193.0,358149760.636
2017-10-18,24757.0,178080429.245,84768257679.7,95.0,6197153.0,477184000.0,2.5634634,1187.5,6241333956.55,5e-05,1466.4439779,9957.0,373.65,10049.0,400602720.69
2017-10-19,19841.0,123524528.714,84768257679.7,115.0,6179519.0,195578000.0,1.77423759,1437.5,5667547082.64,4.52e-05,710.772502414,9407.0,339.27,9348.0,176048863.291
2017-10-20,31812.0,138788502.685,84768257679.7,120.0,15115831.0,160204000.0,2.11907119,1500.0,5528351789.4,1e-05,19.74232125,9531.0,330.9,18183.0,242031178.695
2017-10-21,23549.0,110750283.55,84768257679.7,75.0,7114191.0,129938000.0,1.66897923,937.5,5459227630.55,5.595e-05,284.990327272,7957.0,326.75,9069.0,160126990.222
2017-10-22,19428.0,114206260.261,84768257679.7,14.0,6012402.0,355545984.0,1.3989601,175.0,5405017781.01,3.74e-05,323.29296,6512.0,323.5,7376.0,168067979.271
2017-10-23,30712.0,139792448.063,68756490742.7,108.0,9703716.0,191558000.0,2.01424906,1350.0,5525168428.9,3.616e-05,366.888050324,10721.0,330.67,9250.0,177373642.247
2017-10-24,25254.0,131797773.54,67814622099.4,158.0,8304559.0,267442000.0,1.86735472,1975.0,5279083875.48,4.52e-05,489.5391735,9323.0,315.9,8717.0,182884542.924
2017-10-25,28136.0,131872720.72,67814622099.4,172.0,7935003.0,151935008.0,1.98621041,2150.0,5458449822.97,3.322e-05,424.647566487,11578.0,326.59,10485.0,176569996.512
2017-10-26,24523.0,102523721.582,67814622099.4,399.0,7475632.0,234967008.0,1.89708771,4987.5,5552425758.88,6.78e-05,1485.27859878,10485.0,332.11,9350.0,200054806.59
2017-10-27,26735.0,118857314.358,68525102430.2,1168.0,8341717.0,501988992.0,2.39550734,14600.0,5660765442.73,5e-05,835.195520386,15121.0,338.3,11743.0,228274932.225
2017-10-28,25483.0,149371394.326,69019035780.6,1254.0,7670149.0,781036992.0,2.23479462,15675.0,6189209164.53,5e-05,842.063078309,14847.0,369.54,11800.0,444533888.014
2017-10-29,32058.0,406129712.545,113547502830.0,93.0,7191547.0,2002439936.0,2.45184144,1162.5,7042866510.03,4.52e-05,1267.18917094,14953.0,420.47,12962.0,734763170.644
2017-10-30,33366.0,304402148.239,118823623365.0,73.0,9358271.0,796409024.0,3.254575,912.5,7679329939.2,5e-05,483.428854553,16355.0,458.45,14855.0,557083695.432
2017-10-31,25877.0,209361551.753,113081236211.0,77.0,6659255.0,343799008.0,2.18451816,962.5,7527768482.26,5e-05,452.285049709,12379.0,449.37,11353.0,350844083.751
2017-11-01,31770.0,294982787.52,113081236211.0,80.0,8710840.0,1152230016.0,3.06784607,1000.0,7342686275.37,5e-05,524.09932884,13561.0,438.3,13645.0,481282840.975
2017-11-02,40019.0,411084054.562,113081236211.0,81.0,10088240.0,1632060032.0,3.93366783,1012.5,8840635718.07,4.52e-05,806.887941248,19203.0,527.68,17751.0,716976267.512
2017-11-03,47349.0,409338961.653,113081236211.0,355.0,11338356.0,1682210048.0,4.2538031,4437.5,9842466958.51,4.52e-05,851.54236458,23401.0,587.32,22425.0,904055211.63
2017-11-04,35483.0,277639274.165,113081236211.0,300.0,8868192.0,1161369984.0,2.82618354,3750.0,10649595284.6,5e-05,570.618674071,16604.0,635.35,15077.0,444636301.779
2017-11-05,42976.0,290401823.2,113081236211.0,182.0,10989051.0,816028032.0,3.10678128,2275.0,10392312679.1,5.595e-05,218.491656065,18213.0,619.91,16958.0,445587880.495
2017-11-06,44637.0,326875681.69,113081236211.0,223.0,11065745.0,794105024.0,2.92330696,2787.5,10568341181.9,5.595e-05,163.93696232,20134.0,630.31,19297.0,660073227.448
2017-11-07,48809.0,223665320.138,113081236211.0,222.0,15121304.0,375367008.0,3.4162994,2775.0,10106712266.9,5e-05,357.762973922,18423.0,602.68,17192.0,430157260.728
2017-11-08,51074.0,294072106.533,113081236211.0,218.0,13572224.0,837646016.0,4.12320792,2725.0,10319014629.2,5.595e-05,345.85655076,24207.0,615.24,23218.0,809770986.099
2017-11-09,53376.0,497520542.121,113081236211.0,141.0,14131853.0,710387008.0,4.45365019,1762.5,10438823601.0,5.595e-05,777.837933008,27094.0,622.31,24815.0,1119204305.63
2017-11-10,103366.0,908839473.919,128916098622.0,454.0,27511443.0,5195420160.0,8.12904659,5675.0,10936786927.8,2.46e-05,1955.20742795,48969.0,651.78,46855.0,3918496806.43
2017-11-11,100078.0,1176090214.01,130615449710.0,744.0,26081561.0,5139769856.0,8.19722994,9300.0,16816709247.2,1.92e-05,1547.49989449,56635.0,1001.64,46787.0,6367287092.66
2017-11-12,167099.0,1992979490.58,133771872119.0,869.0,42535097.0,8371319808.0,14.59882916,10862.5,22629197023.2,1.7e-05,1211.50299113,83021.0,1346.97,76458.0,7084298360.87
2017-11-13,100173.0,1799498390.33,326175674111.0,61.0,25790511.0,4850570240.0,8.31108119,762.5,23215716001.8,4.499e-05,1293.02953917,43656.0,1381.82,35112.0,3144084338.05
2017-11-14,65645.0,879563035.782,215195044733.0,136.0,13785734.0,1697910016.0,8.0931007,1700.0,22628481327.0,5.595e-05,1097.0583651,32059.0,1346.73,24406.0,1511550561.47
2017-11-15,63557.0,827798190.605,184791755803.0,169.0,14177110.0,1321779968.0,7.43158824,2112.5,21338376523.5,5.595e-05,846.639301272,34541.0,1269.79,24790.0,2027954508.3
2017-11-16,71603.0,747785096.453,174428949081.0,82.0,16386073.0,2034690048.0,7.97368086,1025.0,20203188600.4,5.595e-05,889.958444548,31313.0,1202.17,28469.0,1404446770.85
2017-11-17,81418.0,561935769.783,127481693173.0,156.0,25752305.0,3203429888.0,9.22575883,1950.0,15280820345.0,0.0001114,1129.53060144,24192.0,909.16,22432.0,1956354699.73
2017-11-18,47696.0,627321162.693,178636948619.0,166.0,11068778.0,3053769984.0,6.2505701,2075.0,20128424102.8,5e-05,1143.24972912,26072.0,1197.43,22013.0,1481381069.44
2017-11-19,39875.0,598625043.585,162872436953.0,133.0,11618811.0,1285910016.0,4.09528384,1662.5,21198287544.2,2.6e-05,823.103282789,17936.0,1260.95,14869.0,1827379786.71
2017-11-20,39022.0,553409221.484,167226522950.0,141.0,8874206.0,800052992.0,3.60323072,1762.5,19712197488.3,2.26e-05,654.966107611,18013.0,1172.43,15738.0,1107739824.95
2017-11-21,40440.0,627800486.784,167613711607.0,153.0,9816250.0,772859008.0,4.30914317,1912.5,20527461478.9,3e-05,1102.56520714,21616.0,1220.78,18071.0,1578497998.52
2017-11-22,43924.0,695925494.409,173545162910.0,149.0,10992207.0,1517619968.0,9.38299135,1862.5,19760822449.4,3e-05,1386.33858464,23449.0,1175.06,18927.0,1585164320.01
2017-11-23,65849.0,1001950664.53,222746677749.0,161.0,15027424.0,4112090112.0,3.40935395,2012.5,21902076147.0,1.108e-05,1306.05183669,30010.0,1302.23,27057.0,1721466234.47
2017-11-24,116711.0,993440642.592,254839755640.0,131.0,22603888.0,3128960000.0,3.23172586,1637.5,27785193723.5,1.13e-05,1651.85590339,49242.0,1651.86,24345.0,1700823938.3
2017-11-25,43693.0,816853566.57,218451008301.0,147.0,9164649.0,1560039936.0,2.72247894,1837.5,27487781174.9,1.527e-05,1377.86778756,21302.0,1634.0,18565.0,1151531771.47
2017-11-26,44139.0,624151458.262,209029696682.0,141.0,9917449.0,1593049984.0,2.33252906,1762.5,26437301068.5,1.264e-05,1214.38494735,21475.0,1571.39,18929.0,903143313.875
2017-11-27,47009.0,1365486531.6,210124965792.0,122.0,10340385.0,1391459968.0,2.52455452,1525.0,28989460228.0,1.499e-05,1687.18643881,23675.0,1722.93,20146.0,2333728478.57
2017-11-28,51960.0,1162938380.46,188897456984.0,145.0,12533917.0,1274880000.0,2.63699524,1812.5,27280217910.6,1.424e-05,1594.18332329,26313.0,1621.17,23380.0,2603728692.79
2017-11-29,61369.0,1133003567.66,175995555042.0,142.0,14015676.0,2345250048.0,3.3087131,1774.85590507,25944476678.1,1.313e-05,1550.22097984,31350.0,1541.63,28233.0,2394679475.64
2017-11-30,47112.0,936646196.885,164412336964.0,134.0,11285980.0,1211730048.0,2.35942722,1675.0,23232735633.5,1.13e-05,1408.02615518,25237.0,1380.36,21815.0,1747844354.96
2017-12-01,41612.0,681805077.977,165220402263.0,148.0,9741511.0,965150976.0,2.18879575,1850.0,23259714095.8,1.264e-05,1394.14160407,22115.0,1381.81,19169.0,1116584156.93
2017-12-02,38808.0,582392580.049,154772319842.0,137.0,9226800.0,574510016.0,1.95560365,1712.5,24613030794.5,1.52e-05,1134.84427577,19880.0,1462.06,17581.0,1041353396.85
2017-12-03,45152.0,668658824.712,164656118232.0,143.0,11153881.0,1476739968.0,2.25182489,1787.5,24166079800.5,1.274e-05,1113.48327589,25157.0,1435.36,21761.0,1544647957.28
2017-12-04,44359.0,805383403.019,165835952921.0,142.0,10519764.0,780633984.0,2.2378911,1775.0,26270071590.5,1.391e-05,743.131978848,25458.0,1560.16,21854.0,1602968814.21
2017-12-05,46341.0,1055933939.42,157272427545.0,148.0,16329846.0,1032800000.0,2.15972999,1850.0,26609716632.1,1.264e-05,790.076286624,27029.0,1580.16,20813.0,1868025820.01
2017-12-06,86238.0,1392319667.57,153886598727.0,156.0,36294562.0,1154620032.0,3.11935041,1950.0,25237362537.4,1.355e-05,596.6537633,29154.0,1498.49,26703.0,2313430526.13
2017-12-07,64701.0,1088944858.49,147168111396.0,76.0,16293335.0,1285209984.0,2.98545942,950.0,24097162388.0,1.13e-05,860.39036483,28609.0,1430.71,24274.0,1666366014.86
2017-12-08,61820.0,1343972055.62,117973849115.0,173.0,17016376.0,2553979904.0,3.22386862,2162.5,22389650356.4,1.547e-05,1351.92401824,30934.0,1329.16,27341.0,12448237185.8
2017-12-09,42200.0,913409358.609,124534795151.0,148.0,13455277.0,1059609984.0,2.63721723,1850.0,24674346992.1,1.13e-05,951.492983584,21495.0,1464.63,18108.0,2383812211.18
2017-12-10,40410.0,764717468.083,130793269206.0,130.0,9306674.0,885886016.0,1.79230544,1625.0,23787280352.3,1.393e-05,712.903031232,20833.0,1411.84,16352.0,1674314537.38
2017-12-11,55122.0,614437275.452,120720966221.0,146.0,15098735.0,922792000.0,2.41267119,1825.0,22242363000.5,1.93e-05,380.7210396,25676.0,1320.0,22787.0,1026239726.39
2017-12-12,68563.0,1037662502.48,121267944321.0,144.0,15918156.0,1386249984.0,2.84742062,1800.0,24054314813.3,1.558e-05,660.4344522,29350.0,1427.38,25125.0,1620919471.82
2017-12-13,52907.0,1268029138.72,127378843912.0,158.0,12815171.0,1245190016.0,2.40974637,1975.0,27252830310.0,1.13e-05,1057.99977481,28127.0,1616.99,23160.0,2537431759.29
2017-12-14,150421.0,1653615384.13,151604386904.0,151.0,75112441.0,2717410048.0,3.5602122,1887.5,26980793477.9,8.36e-06,1094.94663698,38758.0,1600.67,35177.0,3785749740.64
2017-12-15,140902.0,1949699902.61,135927525949.0,136.0,99850498.0,1457229952.0,3.49314199,1699.99577502,33288102466.2,1.125e-05,626.144741934,30437.0,1974.66,28591.0,2823087886.81
2017-12-16,165153.0,1196851077.21,148137069002.0,124.0,129183818.0,971254976.0,3.32447723,1550.0,30765488309.9,1.108e-05,646.197359773,27787.0,1824.85,25037.0,1830419446.43
2017-12-17,171118.0,671720220.336,128308051784.0,149.0,135237281.0,1020590016.0,3.87252355,1862.5,30557718784.1,1.13e-05,449.891059363,30771.0,1812.33,28796.0,1025917618.17
2017-12-18,172241.0,1345170666.9,142895709527.0,175.0,130005537.0,2538650112.0,4.21425997,2187.5,31520932167.4,1.13e-05,783.253851314,36471.0,1869.21,32452.0,2915648810.39
2017-12-19,244605.0,2218949317.61,175318776382.0,151.0,149230878.0,3913339904.0,6.67871052,1887.5,37087421782.3,1.108e-05,2812.54023458,68097.0,2199.06,57288.0,9495555312.81
2017-12-20,429597.0,3911785457.03,278279019137.0,163.0,158208482.0,11889600512.0,32.78148611,2037.5,47650240077.5,1.212e-05,1513.88820702,170891.0,2825.03,127904.0,13940470374.7
2017-12-21,328112.0,3044640471.78,302709486051.0,131.0,145981772.0,3664329984.0,7.75477235,1637.5,65940139200.0,9.71e-06,789.07042728,91888.0,3909.0,77136.0,6914623273.4
2017-12-22,330847.0,2490474432.9,242543620391.0,126.0,144911695.0,3877769984.0,6.53308475,1575.0,56077126500.3,1.125e-05,900.13600896,67987.0,3324.0,54048.0,5742812696.41
2017-12-23,261048.0,2251102186.76,241401108119.0,159.0,98531441.0,2843310080.0,4.34047209,1987.5,46347501832.5,1.108e-05,654.597168628,58025.0,2746.95,47006.0,4013773332.37
2017-12-24,87923.0,1712966343.56,243751733619.0,159.0,17164135.0,1712160000.0,2.75322425,1987.5,55019580378.8,1e-05,504.127036361,44973.0,3260.55,34686.0,2428124463.32
2017-12-25,77773.0,1521047071.54,292585341371.0,125.0,14283794.0,1355440000.0,3.09369754,1562.5,49435417665.0,1e-05,501.905982363,39282.0,2929.35,28791.0,2030872892.79
2017-12-26,84216.0,1335757299.52,260422162983.0,143.0,15550513.0,1544429952.0,2.64458879,1787.5,49751071398.0,1.117e-05,591.697757305,41363.0,2947.74,31570.0,2027339947.99
2017-12-27,113828.0,2318930849.46,259709010500.0,142.0,34102162.0,1406450048.0,5.07017577,1775.0,52466770878.0,1.87e-05,589.997710251,47578.0,3108.32,47033.0,2722553724.67
2017-12-28,149298.0,2060609225.76,241297671782.0,147.0,40204640.0,3221299968.0,3.19988789,1837.5,48763962324.0,1.82e-05,519.510840509,43423.0,2888.64,33174.0,2890405326.01
2017-12-29,319432.0,1825273557.07,232924873580.0,135.0,152921213.0,2479419904.0,5.07105197,1687.5,43681385900.0,1.823e-05,662.270456556,55824.0,2587.3,43170.0,2880845258.88
2017-12-30,330886.0,1399700094.99,244343319723.0,158.0,159221009.0,1257760000.0,4.99510947,1975.0,47135251961.5,1.824e-05,658.526617085,51117.0,2791.55,35630.0,1932326300.15
2017-12-31,339990.0,1063536013.25,269081652518.0,142.0,156123764.0,1300819968.0,4.01495387,1775.0,40139040144.4,1.825e-05,365.315101248,47764.0,2376.96,28315.0,1330023759.71
2018-01-01,241267.0,1126118929.19,271245073875.0,131.0,127001476.0,922812992.0,3.27212982,1637.5,42809022402.5,1.826e-05,484.683439164,47004.0,2534.82,24050.0,1642505690.19
2018-01-02,203378.0,1311469624.83,249515672032.0,159.0,92753546.0,1831229952.0,4.19690237,1987.5,41119617937.5,1.826e-05,974.415417255,62240.0,2434.5,42971.0,2406842777.47
2018-01-03,158203.0,2393414619.64,271916189214.0,132.0,39580518.0,4688840192.0,4.16219664,1650.0,45617724357.3,1.827e-05,1135.87301542,70832.0,2700.55,47394.0,7642549956.94
2018-01-04,192868.0,1995953466.8,248414953546.0,146.0,42941580.0,5377260032.0,4.80237917,1825.0,44073793228.3,1.129e-05,1127.44054557,75554.0,2608.87,51493.0,4370978364.31
2018-01-05,167701.0,1693485406.61,235148414388.0,134.0,40198559.0,2115709952.0,4.23417229,1675.0,40561762688.5,1.13e-05,1086.22179915,70018.0,2400.74,46082.0,5276092184.07
2018-01-06,110616.0,1702193134.82,227092540844.0,153.0,19231286.0,1669159936.0,3.15300169,1912.5,43658078242.8,1.108e-05,724.365395917,71894.0,2583.71,40660.0,5257348734.15
2018-01-07,112241.0,1598144300.51,239726579796.0,147.0,20152743.0,1444780032.0,8.79931547,1837.5,47059073107.0,1.129e-05,739.116699453,60443.0,2784.68,36338.0,3326032885.64
2018-01-08,142308.0,1490035928.91,238086392172.0,126.0,34836094.0,1428899968.0,12.46138623,1575.0,47095908610.6,1.129e-05,995.124370094,61610.0,2786.6,37027.0,3949830220.59
2018-01-09,160075.0,1314409441.54,228409408147.0,152.0,46541695.0,1084749952.0,6.60752892,1900.0,40775487836.0,1.129e-05,991.264729241,59368.0,2412.36,40223.0,5230965009.41
2018-01-10,173149.0,1328616049.53,255358931119.0,158.0,48471625.0,2578810112.0,7.66417152,1975.0,40402600969.0,1.13e-05,785.721680122,71316.0,2390.02,42595.0,3278412703.52
2018-01-11,98213.0,1779222886.94,283517512541.0,153.0,18502318.0,1947949952.0,5.99672875,1912.5,48886387663.3,1.13e-05,919.496562743,64351.0,2891.55,35538.0,3385394939.66
2018-01-12,133389.0,2510099369.02,287384431718.0,135.0,83220849.0,1110220032.0,5.69679194,1687.5,41863321867.7,8.18e-06,768.429286758,64471.0,2475.9,34997.0,8201612177.97
2018-01-13,103474.0,2505235611.18,306812152015.0,151.0,172304955.0,1218569984.0,6.06170251,1887.5,44265154132.0,4.004e-05,34.291346,1204357.0,2617.66,55684.0,3815116460.02
2018-01-14,100033.0,994624427.306,324962068663.0,151.0,599461994.0,993310016.0,11.45334225,1887.5,45444503910.0,4.837e-05,3.129074208,3422954.0,2687.1,110551.0,1800705915.11
2018-01-15,96603.0,1417531243.45,322873560445.0,126.0,593538382.0,1412359936.0,10.36320726,1575.0,42987458107.0,5.595e-05,3.7336572674,2557968.0,2541.58,105658.0,3436172767.95
2018-01-16,90290.0,1616290758.97,303472412136.0,142.0,21472746.0,1704029952.0,6.12757129,1775.0,40713119987.7,1.13e-05,1198.45848626,67191.0,2406.86,34235.0,3060437125.33
2018-01-17,95543.0,1058451539.76,268317571673.0,143.0,19284272.0,1457730048.0,5.59885731,1787.5,29902570660.4,1.905e-05,1740.04389638,61959.0,1767.58,39742.0,2084514233.99
2018-01-18,100366.0,1022334161.22,277286113887.0,152.0,21248073.0,1024060032.0,5.18431713,1900.0,29646897067.0,1.782e-05,1775.9591484,75144.0,1752.27,40297.0,1533725024.54
2018-01-19,66400.0,595977721.972,274723296802.0,151.0,15814961.0,743246976.0,3.29693698,1887.5,29445438321.9,9.86e-06,398.068046506,47256.0,1740.17,25075.0,812261738.481
2018-01-20,62260.0,548305297.526,310431936872.0,127.0,11109659.0,1116240000.0,3.53660992,1587.5,30194340579.7,7e-06,356.74501577,39755.0,1784.26,24322.0,766069353.818
2018-01-21,56936.0,360857146.464,296828951072.0,144.0,10258983.0,745179008.0,2.68572294,1800.0,34419177701.2,1e-05,294.876555207,39553.0,2033.7,21762.0,503164309.471
2018-01-22,69023.0,465602929.712,287426377808.0,147.0,22260901.0,681350016.0,3.08441133,1837.5,30373478575.0,9.77e-06,392.725018009,51668.0,1794.46,21865.0,705729405.565
2018-01-23,61874.0,626824439.562,301091800205.0,163.0,13026549.0,578984000.0,6.0519984,2037.5,27476980573.0,1.108e-05,323.454145152,37683.0,1623.14,23842.0,792292702.657
2018-01-24,53825.0,626849569.969,314213007071.0,127.0,9979662.0,488160992.0,2.71300943,1587.5,27462796731.5,6.76e-06,315.703952284,33529.0,1622.15,21773.0,825328286.298
2018-01-25,58482.0,520869935.89,329997839962.0,153.0,11825749.0,522193984.0,2.98861816,1912.5,28124376309.5,5.97e-06,154.6511292,40027.0,1661.04,24994.0,728074933.762
2018-01-26,85064.0,613465866.625,328799041054.0,143.0,17457393.0,594667008.0,2.85848969,1787.5,27723479654.8,8.17e-06,367.91950375,35985.0,1637.19,22111.0,1162118207.63
2018-01-27,55988.0,224015532.686,326963049378.0,146.0,9835464.0,441742016.0,2.2693748,1825.0,27138978500.0,6.79e-06,381.595104175,38596.0,1602.5,18722.0,368824136.94
2018-01-28,60709.0,481296868.323,340475358774.0,143.0,11622180.0,580544000.0,2.11383133,1787.5,27716182997.0,9.65e-06,286.367528062,30062.0,1636.41,19414.0,1280668414.82
2018-01-29,59654.0,509688012.233,328892972413.0,147.0,11155073.0,362212992.0,2.89573483,1837.5,29564674856.7,1e-05,363.371472676,44988.0,1745.36,20970.0,721933331.7
2018-01-30,67316.0,573546461.625,376138997611.0,155.0,13709206.0,649822976.0,3.0362149,1937.5,28082864126.2,1.145e-05,745.467453263,42103.0,1657.69,27968.0,1479355110.66
2018-01-31,74776.0,929230983.268,349128113547.0,118.0,16424815.0,729209024.0,3.55814592,1475.0,24917920528.4,2.26e-05,1148.50632245,48467.0,1470.74,36542.0,1876301120.39
2018-02-01,63006.0,587130120.407,349446219879.0,161.0,11562672.0,678019968.0,2.84223906,2012.5,25266208284.6,1.13e-05,1023.81891716,37700.0,1491.12,24194.0,955981534.206
2018-02-02,290328.0,708490816.024,333776352294.0,130.0,29413216.0,896665984.0,3.41397169,1624.99995,21563880438.0,1.13e-05,681.462573975,46906.0,1272.5,25327.0,1454387883.2
2018-02-03,49683.0,374770419.611,327013013963.0,138.0,8352060.0,453100992.0,1.87721147,1725.0,20239571194.0,7.28e-06,555.972307597,28614.0,1194.23,17699.0,549488261.865
2018-02-04,74494.0,368356990.197,328606843296.0,151.0,14065519.0,656033984.0,2.00226516,1887.5,21579817720.3,6.76e-06,433.575815453,28883.0,1273.17,16009.0,478863931.198
2018-02-05,50446.0,412709143.305,316211092831.0,134.0,10097548.0,568116992.0,2.33756986,1675.0,19661767820.9,1e-05,342.089454606,27912.0,1159.89,20821.0,537687343.033
2018-02-06,56803.0,234975800.216,314503188949.0,155.0,11348085.0,777420032.0,2.51286255,1937.5,15104804203.2,9.7e-06,355.499613813,37557.0,890.97,21160.0,327897797.835
2018-02-07,54781.0,233563429.764,336115523057.0,146.0,10046160.0,866222016.0,2.34672504,1825.0,16464770647.0,6.76e-06,471.90203595,34648.0,971.08,21149.0,304651211.317
2018-02-08,60541.0,264400897.892,367756128165.0,164.0,11046504.0,2203709952.0,3.41336554,2050.0,16135939014.8,1.114e-05,491.489587576,39652.0,951.57,22268.0,437138524.997
2018-02-09,61060.0,501513199.036,417087709412.0,126.0,11061813.0,1133760000.0,2.8309052,1575.0,21603242863.0,7.34e-06,754.040111159,38084.0,1273.87,22390.0,897017602.27
2018-02-10,119975.0,351089052.713,420257446406.0,155.0,35930983.0,734606016.0,2.41950994,1937.5,22252235993.0,1.125e-05,324.691888715,30916.0,1311.99,23849.0,517485286.453
2018-02-11,47909.0,266216046.445,425481028445.0,141.0,8662750.0,651555008.0,1.70621204,1762.5,21297866901.1,6.96e-06,393.907084893,30498.0,1255.59,16767.0,333826368.303
2018-02-12,54511.0,214120474.466,433481112049.0,149.0,11171817.0,466212992.0,2.15766164,1862.5,20737669249.0,6.99e-06,288.560566958,32413.0,1222.43,19744.0,480548804.606
2018-02-13,52868.0,210331381.349,396514328316.0,136.0,9634380.0,442663008.0,2.14401108,1700.0,21805228245.6,1.06e-05,285.947545364,31372.0,1285.23,20706.0,289734350.555
2018-02-14,58778.0,285020045.65,426541232116.0,141.0,10715355.0,629852032.0,2.4699299,1762.5,20856449674.3,6.68e-06,336.841709253,38857.0,1229.18,21342.0,376461959.478
2018-02-15,62867.0,407914086.908,426014701572.0,147.0,10583676.0,502454016.0,2.76765234,1837.5,23055764023.5,3.9e-06,360.8460681,36910.0,1358.65,23467.0,898777438.654
2018-02-16,54917.0,302054580.033,419176630885.0,151.0,11553984.0,961009984.0,2.83892717,1887.5,23304567775.9,5.37e-06,550.274123959,29620.0,1373.16,21584.0,480956965.869
2018-02-17,53447.0,158220378.757,401485356075.0,138.0,9970319.0,641718976.0,2.52008212,1725.0,26282680091.6,5.22e-06,419.251393574,32596.0,1548.48,19905.0,229752452.526
2018-02-18,48913.0,209051702.763,409022003123.0,141.0,9471771.0,907873024.0,2.23481324,1762.5,26346878099.0,9.6e-06,408.463564993,27714.0,1552.1,19746.0,312886299.228
2018-02-19,52318.0,202769009.266,465336857575.0,145.0,10163702.0,578905984.0,2.46637838,1812.5,25182366512.0,7.7e-06,554.763167306,33563.0,1483.34,18498.0,268056283.833
2018-02-20,57697.0,314850024.698,389463748925.0,139.0,10162037.0,820947008.0,2.97570468,1737.5,26202467567.2,9.6e-06,771.577590356,32739.0,1543.27,20715.0,413224254.222
2018-02-21,53030.0,249066228.984,385291863115.0,141.0,10769936.0,575353984.0,2.6931827,1762.5,23990599194.1,1e-05,685.791978784,28271.0,1412.85,19156.0,337740408.832
2018-02-22,53722.0,554294926.111,348333554473.0,142.0,9347254.0,475079008.0,2.40135795,1775.0,22155833969.8,6.7e-06,499.407696309,35564.0,1304.66,18988.0,913027426.712
2018-02-23,51597.0,275981377.854,365313174510.0,141.0,8769760.0,492542016.0,2.25431197,1762.5,20675444419.4,9.6e-06,529.429657049,29629.0,1217.36,17589.0,358896330.87
2018-02-24,43888.0,218792848.975,399516244860.0,146.0,7760879.0,413263008.0,1.92867463,1825.0,21513360695.6,6.76e-06,492.728152275,25068.0,1266.56,15909.0,282784790.163
2018-02-25,43474.0,180764316.723,368822218667.0,140.0,7321707.0,362664992.0,1.91500568,1750.0,20237953881.6,7.4e-06,314.385768472,25918.0,1191.35,14810.0,313497018.07
2018-02-26,49850.0,214882103.366,359340254916.0,149.0,11967803.0,460182016.0,2.26935268,1862.5,20006230454.5,2.26e-06,403.913131242,31965.0,1177.58,32393.0,299463419.478
2018-02-27,52777.0,296971677.177,356904992185.0,132.0,9597729.0,420912000.0,1.29397776,1650.0,21331256791.8,6.7e-06,627.725,30035.0,1255.45,19160.0,626819593.738
2018-02-28,51260.0,236618180.653,351939068423.0,149.0,9285462.0,375300992.0,1.12765071,1862.5,21126452987.2,4.86e-06,312.960717569,29782.0,1243.26,19562.0,309589585.809
2018-03-01,53558.0,332500406.071,352665964026.0,153.0,9929853.0,482240000.0,1.25300514,1912.5,20475894348.0,4.52e-06,446.904325176,30588.0,1204.84,19482.0,408874483.477
2018-03-02,48942.0,251072763.728,358976969609.0,143.0,9058796.0,421497984.0,1.31817248,1787.5,21839620551.8,5.22e-06,453.920897321,27931.0,1284.95,18261.0,323652066.042
2018-03-03,50102.0,244714979.642,344909726099.0,138.0,9330637.0,371664000.0,1.24305882,1725.0,21667095594.0,5.22e-06,388.309108197,30011.0,1274.67,17814.0,357719673.751
2018-03-04,43950.0,100085800.711,336204457062.0,141.0,8022083.0,367584000.0,1.02411811,1762.5,21553540759.2,5.2e-06,335.123151455,27071.0,1267.86,15001.0,155988953.946
2018-03-05,47304.0,313754713.519,366485621240.0,142.0,12824681.0,350078016.0,1.70834409,1775.0,21882952425.5,2e-06,600.839684473,25773.0,1287.1,38489.0,530103945.249
2018-03-06,51303.0,192199480.077,362135139998.0,146.0,9442704.0,401782016.0,1.32567367,1825.0,21495717874.5,5.22e-06,430.492206097,32010.0,1264.19,18850.0,277868465.784
2018-03-07,48361.0,172381374.321,359331289361.0,146.0,8700489.0,455224992.0,1.84017905,1825.0,20505776463.0,4.54e-06,325.100276149,29293.0,1205.84,17901.0,231275188.334
2018-03-08,49530.0,197803908.992,360227662414.0,147.0,8974021.0,446519008.0,1.49898895,1837.5,18616802457.1,3.9e-06,233.351775727,31835.0,1094.64,18593.0,264936216.973
2018-03-09,60504.0,205496386.763,390174910705.0,141.0,12156702.0,510887008.0,1.14652492,1762.5,17599029276.1,4.52e-06,236.011309393,27806.0,1034.69,18891.0,260933342.494
2018-03-10,44308.0,123429679.695,360585088803.0,151.0,8859447.0,370367008.0,1.36846792,1887.5,18221212145.8,3.9e-06,239.400589659,28413.0,1071.15,14639.0,159704875.78
2018-03-11,45011.0,134810955.309,391536549344.0,144.0,8663164.0,514167008.0,0.85447338,1800.0,17056069852.8,4.08e-06,188.51869996,26046.0,1002.55,13530.0,180059972.96
2018-03-12,46369.0,156259331.756,366582601661.0,142.0,9776028.0,425558016.0,1.20808356,1775.0,19463524232.2,5.84e-06,215.158755658,26697.0,1143.94,15893.0,202056025.731
2018-03-13,47706.0,206804609.641,373666109138.0,145.0,8410114.0,458028000.0,1.43420417,1812.5,17885296164.0,4.52e-06,256.188758274,27881.0,1051.07,16918.0,268548898.714
2018-03-14,47742.0,168069718.426,375296567106.0,138.0,9765978.0,406616000.0,1.27392944,1725.0,18234729384.3,3.82e-06,297.353304375,29766.0,1071.5,19661.0,239310102.475
2018-03-15,47209.0,146336269.054,361970139337.0,144.0,8916146.0,374740992.0,1.72811614,1800.0,16164826924.8,3.9e-06,287.500118352,28708.0,949.77,17474.0,186939344.579
2018-03-16,46167.0,166529776.812,368017509163.0,145.0,9157570.0,472032992.0,1.19225271,1812.5,16061675751.1,4e-06,275.7607307,29238.0,943.6,18341.0,231225258.627
2018-03-17,44857.0,92101259.3865,385289655631.0,151.0,8643400.0,411316000.0,0.98908975,1887.5,16592787980.4,3.9e-06,208.479928086,27905.0,974.7,16278.0,178528994.892
2018-03-18,40876.0,75945197.6878,393452362331.0,145.0,7425203.0,435070016.0,1.96758974,1812.5,16144849387.0,4.52e-06,240.769723903,23320.0,948.28,14658.0,116601006.25
2018-03-19,53423.0,189747419.397,382716780242.0,148.0,11401712.0,425419008.0,2.28122108,1850.0,16049884051.8,5.18e-06,224.913993372,29515.0,942.6,15976.0,253987084.189
2018-03-20,49118.0,242393561.059,394716776414.0,138.0,10158196.0,503262016.0,1.21683475,1725.0,16997724635.9,4e-06,168.05002464,28314.0,998.17,19091.0,393364155.209
2018-03-21,57365.0,214789033.221,413580430158.0,139.0,10672754.0,389291008.0,2.87886565,1737.5,18155143843.2,4.54e-06,206.065208705,35537.0,1066.03,18557.0,432190446.642
2018-03-22,49594.0,205919501.204,389905942261.0,140.0,9612148.0,344283008.0,1.70544521,1750.0,17598871792.5,4.58e-06,268.520911991,29634.0,1033.26,17059.0,349573476.808
2018-03-23,42760.0,141359992.188,381097097755.0,151.0,7433165.0,303600000.0,1.05906788,1887.5,17235777825.0,4.52e-06,316.848675649,25880.0,1011.83,14926.0,189749282.632
2018-03-24,42520.0,83262738.9958,384284939797.0,141.0,7616548.0,264080000.0,0.78143666,1762.5,17515131515.5,4.52e-06,211.964837569,27477.0,1028.12,14397.0,105762163.956
2018-03-25,40954.0,88144280.0812,379098806704.0,142.0,7005834.0,237008000.0,0.70205131,1775.0,16587933455.3,4.52e-06,177.398653192,25990.0,973.6,13298.0,116095594.827
2018-03-26,43620.0,195228162.015,382638611427.0,144.0,8663029.0,347366016.0,1.57398763,1800.0,16492592957.4,4.52e-06,235.255780126,26802.0,967.9,15207.0,223887106.098
2018-03-27,48801.0,207611088.578,385453110882.0,155.0,8703721.0,339011008.0,1.02306664,1937.5,15626883807.3,3e-06,135.629139061,31011.0,916.99,18438.0,289395194.771
2018-03-28,46728.0,245858408.68,387200324469.0,124.0,20114908.0,337268000.0,1.04675104,1550.0,14935880162.0,2e-06,269.987814478,30038.0,876.36,78109.0,476721909.895
2018-03-29,51360.0,251878820.391,354845901983.0,145.0,10693392.0,452656000.0,1.15085215,1812.5,14686015166.9,2.99e-06,187.217220733,32308.0,861.61,21654.0,474158343.818
2018-03-30,50554.0,173679876.76,357631802525.0,138.0,10534196.0,416567008.0,1.05358472,1725.0,12144203152.3,2.92e-06,130.147774954,37671.0,712.41,21062.0,281071702.414
2018-03-31,44532.0,133424639.614,335414242170.0,148.0,8486462.0,306972000.0,0.81035573,1850.0,11893296340.9,3e-06,150.421884782,28450.0,697.62,16902.0,724365845.879
2018-04-01,41956.0,113175466.696,338769779389.0,153.0,7986433.0,318440000.0,0.72322394,1912.5,11730782374.7,3.74e-06,184.901449082,32698.0,688.01,13651.0,1039816403.15
2018-04-02,50350.0,117290931.343,343178081237.0,131.0,8883731.0,282036000.0,0.89417064,1637.5,10989397774.0,2.6e-06,116.059866933,28984.0,644.46,16925.0,315312748.633
2018-04-03,93984.0,151092073.215,320899887140.0,150.0,16531284.0,303771008.0,1.09134152,1875.0,11326315908.5,3.79e-06,344.026737891,38035.0,664.15,22117.0,771628825.005
2018-04-04,50294.0,190953836.523,326483917967.0,147.0,9607761.0,282960000.0,0.96137787,1837.5,12117506279.0,2.95e-06,178.965837071,34567.0,710.47,20109.0,894858344.295
2018-04-05,44767.0,133130243.58,358967364284.0,131.0,8186835.0,243988992.0,0.72532756,1637.5,11063959398.0,3e-06,181.16165848,26937.0,648.63,16564.0,243910312.28
2018-04-06,49025.0,128922997.509,329021067416.0,146.0,8840440.0,225186000.0,0.81978377,1825.0,10949546361.6,3e-06,139.308524168,32576.0,641.86,16843.0,199631785.976
2018-04-07,42461.0,81878028.6341,324083031051.0,152.0,7995491.0,231143008.0,2.50550357,1900.0,10427679182.6,2.91e-06,56.170966912,25940.0,611.2,12991.0,153391908.609
2018-04-08,34651.0,94934577.3075,336559195732.0,140.0,5783968.0,198906000.0,0.44711149,1750.0,10935343182.3,3.74e-06,67.3039734138,22250.0,640.89,11220.0,153299023.879
2018-04-09,50702.0,105382018.136,341140549072.0,145.0,14351562.0,254947008.0,0.79360465,1812.5,11195936844.7,4.24e-06,161.401354841,28505.0,656.09,11934.0,131853681.944
2018-04-10,36428.0,97788514.9868,329219221663.0,145.0,6314242.0,225054000.0,0.98872564,1812.5,10883216122.6,4.52e-06,176.450359239,23345.0,637.7,11522.0,149430048.978
2018-04-11,37070.0,111984971.477,343606472357.0,150.0,6487410.0,252158000.0,0.79313598,1875.0,11075644204.0,4.6e-06,183.5374716,24559.0,648.9,11968.0,178239719.814
2018-04-12,40668.0,161890466.629,349971208830.0,121.0,7573697.0,417016992.0,0.88421478,1512.5,11375216646.4,4.58e-06,260.945769212,23551.0,666.39,14686.0,192146588.135
2018-04-13,44709.0,166210415.337,334056918544.0,153.0,7510888.0,384095008.0,0.87435559,1912.5,12561095439.0,4.35e-06,296.266445056,28948.0,735.78,15111.0,268687511.482
2018-04-14,37225.0,74833698.1795,350917694857.0,152.0,6104981.0,267415008.0,0.58956557,1900.0,12612750534.5,3.82e-06,122.05944432,27178.0,738.72,11368.0,91001089.3602
2018-04-15,43406.0,68035530.5777,376620293354.0,144.0,7244756.0,327336000.0,0.684176,1800.0,12668391486.0,2.94e-06,66.7719,31777.0,741.91,14279.0,96628662.3186
2018-04-16,44005.0,171589678.481,364627813343.0,142.0,8675931.0,382080000.0,0.74230518,1775.0,13339423966.6,2.72e-06,50.4022210496,30951.0,781.12,17182.0,294032993.08
2018-04-17,41211.0,124405577.367,359646755499.0,143.0,7894148.0,331700992.0,0.83733981,1787.5,13094515336.0,3.74e-06,91.245534358,24918.0,766.7,16306.0,184115668.425
2018-04-18,47716.0,166149888.692,383109832343.0,154.0,8885455.0,634652992.0,0.86848972,1925.0,12951610675.2,3.74e-06,170.210557238,29943.0,758.25,18182.0,269902867.031
2018-04-19,47559.0,229073854.041,421201344414.0,153.0,9396348.0,658164992.0,0.97918364,1912.5,15215002032.0,3.73e-06,136.540084012,28854.0,890.66,19306.0,521465824.177
2018-04-20,56577.0,316961103.247,473234273304.0,148.0,10960995.0,1006640000.0,1.12529917,1850.0,16574721705.0,2.92e-06,194.965719377,35216.0,970.15,21846.0,702150037.515
2018-04-21,46173.0,193343963.293,471280109221.0,155.0,8756402.0,1093510016.0,0.90915945,1937.5,19254276504.6,3.13e-06,225.369453296,28763.0,1126.86,18421.0,288366250.617
2018-04-22,47680.0,185970209.383,496401891187.0,146.0,10309693.0,968409024.0,0.82163989,1825.0,19608683293.5,2.72e-06,122.998920516,34648.0,1147.48,19243.0,283499081.742
2018-04-23,72195.0,486507040.862,564400460558.0,145.0,19264976.0,1934290048.0,1.60122914,1812.5,20417952313.0,3.82e-06,539.242274593,73595.0,1194.71,27823.0,1152535970.66
2018-04-24,73568.0,805853208.453,615590720194.0,131.0,14493978.0,2053920000.0,1.45172973,1637.5,24510009294.6,3.82e-06,543.092726971,42441.0,1434.01,28861.0,1310435817.3
2018-04-25,63990.0,422326011.412,514716073710.0,153.0,12718992.0,1830969984.0,1.20342737,1912.5,24387966734.1,3.74e-06,291.767530895,39191.0,1426.71,26093.0,634309958.462
2018-04-26,61721.0,283245321.373,553726387299.0,144.0,11642234.0,1281929984.0,1.11500082,1800.0,22045524501.5,3.82e-06,99.3655433862,33198.0,1289.54,21587.0,500327527.575
2018-04-27,49205.0,247316965.291,567561689469.0,148.0,9603521.0,905273024.0,1.06301293,1850.0,24313670850.0,3.74e-06,197.084433048,31294.0,1422.06,19505.0,530634703.991
2018-04-28,44662.0,214102538.466,575566062835.0,149.0,8414352.0,808801984.0,0.72113941,1862.5,22878246326.5,3.74e-06,96.33312,28388.0,1337.96,17959.0,352182738.388
2018-04-29,46066.0,328382955.848,591718756138.0,139.0,9073539.0,1049449984.0,0.91679707,1737.5,23838744963.9,2.84e-06,69.8160096842,30284.0,1393.99,18793.0,459975649.616
2018-04-30,50224.0,417853786.338,574220392358.0,147.0,10369180.0,753113984.0,0.94401788,1837.5,24644630807.7,3.74e-06,46.6233703392,32031.0,1440.96,21532.0,588727252.568
2018-05-01,46226.0,343625842.806,564787152774.0,145.0,9172827.0,774633024.0,0.92413306,1812.5,23068116324.0,3.17e-06,103.56697465,29240.0,1348.64,18868.0,484608072.642
2018-05-02,55208.0,332668904.623,599363585876.0,146.0,11226093.0,1165139968.0,1.02843011,1825.0,23154433525.5,3.15e-06,157.93528378,32738.0,1353.54,22533.0,508656461.435
2018-05-03,57337.0,745476495.21,623880937931.0,133.0,11981225.0,1282659968.0,1.15262236,1662.5,24970309798.5,2.82e-06,109.770887276,33252.0,1459.55,25575.0,923885211.329
2018-05-04,54057.0,381758818.598,598291889483.0,145.0,10466261.0,960185024.0,0.87024672,1812.5,25689029070.5,3.74e-06,63.444089268,33562.0,1501.4,22938.0,536864101.708
2018-05-05,55747.0,323985985.633,646120511765.0,155.0,10959194.0,1664400000.0,1.07417652,1937.5,25954416961.9,3.74e-06,198.69294,32852.0,1516.74,23115.0,517607567.115
2018-05-06,51523.0,349711694.334,694995299833.0,138.0,13704550.0,1946960000.0,1.08991072,1725.0,30100088971.0,3.74e-06,255.579491903,29683.0,1758.83,20260.0,627347894.306
2018-05-07,60196.0,544756977.544,674274464004.0,147.0,12252445.0,1407629952.0,1.20876175,1837.5,30237357563.0,3.82e-06,247.16981428,32331.0,1766.66,19494.0,835246097.286
2018-05-08,52693.0,443375332.264,665855481974.0,138.0,10003460.0,1060739968.0,0.98576483,1725.0,28638399284.8,3.74e-06,160.684788172,31699.0,1673.07,19668.0,859130762.385
2018-05-09,49259.0,317715032.235,665518974917.0,147.0,9034149.0,1273219968.0,1.04895437,1837.5,27525307415.1,3.76e-06,210.957689184,29857.0,1607.87,18394.0,504715041.288
2018-05-10,51225.0,394273321.742,671586103871.0,140.0,10219227.0,1070040000.0,1.60470528,1750.0,28183487228.0,3.82e-06,181.973915134,30910.0,1646.15,20798.0,618946247.475
2018-05-11,50244.0,404327292.934,650090785372.0,145.0,9388691.0,1513260032.0,2.41190216,1812.5,26154695742.4,3.82e-06,198.75852629,31753.0,1527.49,19102.0,658851254.345
2018-05-12,43814.0,223687643.336,652920516868.0,144.0,7722822.0,1461449984.0,2.11074231,1800.0,23564116623.1,3.82e-06,177.683075473,26929.0,1376.05,16556.0,283445469.068
2018-05-13,41897.0,199419505.765,674252581443.0,142.0,7347575.0,921628032.0,1.91394087,1775.0,25257108450.0,3.74e-06,106.012060773,25368.0,1474.76,15385.0,339939798.619
2018-05-14,49740.0,374213553.119,652285871717.0,145.0,12165777.0,1158710016.0,2.32913806,1812.5,25509337323.5,3.82e-06,253.24413919,33098.0,1489.33,19064.0,739257645.529
2018-05-15,50316.0,572150621.298,636606127001.0,140.0,9871870.0,939358016.0,2.076592,1750.0,24500428222.2,3.82e-06,103.453511166,41883.0,1430.28,20332.0,812669748.616
2018-05-16,49872.0,279182358.279,619624054099.0,148.0,9469656.0,913177984.0,1.97333124,1850.0,22988806592.4,3.74e-06,71.478991386,30409.0,1341.89,20461.0,407465534.837
2018-05-17,43330.0,260016960.529,622074245401.0,129.0,7617402.0,804139008.0,1.39850233,1612.5,22105694070.8,3.82e-06,116.334892576,27102.0,1290.22,16498.0,349964689.195
2018-05-18,43773.0,312282309.237,567594368995.0,149.0,7280283.0,876974976.0,1.6261896,1862.5,20599862303.0,3.89e-06,158.811389408,27089.0,1202.2,15221.0,526634990.665
2018-05-19,36921.0,181091207.76,576527238304.0,145.0,6122112.0,595862016.0,1.18918032,1812.5,20677615239.5,3.82e-06,109.697970796,23307.0,1206.61,12495.0,273071810.021
2018-05-20,38433.0,238140981.999,596180788756.0,148.0,7149708.0,805598976.0,1.40056365,1850.0,20278583790.3,4e-06,75.421794312,26426.0,1183.2,14395.0,350980515.405
2018-05-21,44345.0,255955825.177,582751034932.0,152.0,8702450.0,622772992.0,1.54866331,1900.0,22214861421.0,3.82e-06,102.284190995,27375.0,1296.03,15508.0,343713385.269
2018-05-22,45517.0,278926285.692,615936790952.0,126.0,8455672.0,634201984.0,1.47924085,1575.0,21148393825.0,3.82e-06,123.33496292,27927.0,1233.7,15170.0,341797834.052
2018-05-23,44666.0,419111250.561,548958506177.0,145.0,7517170.0,858105984.0,1.61525033,1812.5,19582833947.0,3.82e-06,270.258611655,28154.0,1142.25,16111.0,820636631.991
2018-05-24,41407.0,194383069.378,548879713898.0,149.0,7142388.0,785384000.0,1.54681536,1862.5,17231838646.9,3.89e-06,195.827344211,25923.0,1005.01,15130.0,311626067.042
2018-05-25,42021.0,203797239.607,570580007678.0,142.0,7252442.0,620339968.0,1.41751321,1775.0,18395050517.0,3.82e-06,105.157033429,27624.0,1072.74,15209.0,271209394.844
2018-05-26,34729.0,127153516.666,576005208212.0,147.0,5918408.0,486185984.0,1.24986646,1837.5,17418467640.0,3.82e-06,101.568,22335.0,1015.68,11872.0,182618975.124
2018-05-27,33072.0,152949739.666,569269729673.0,141.0,5870024.0,507305984.0,1.27192377,1762.5,17309174025.6,3.82e-06,100.54124724,22366.0,1009.2,11560.0,266941821.172
2018-05-28,39549.0,254392466.311,539940047650.0,148.0,6578725.0,566168000.0,1.44688184,1850.0,17095673538.1,3.82e-06,152.790900026,24744.0,996.65,14257.0,439020493.513
2018-05-29,42884.0,177279318.355,538412313977.0,147.0,8053089.0,688334016.0,1.77820761,1837.5,15385508483.1,3.82e-06,133.308375921,26250.0,896.85,15350.0,321617379.002
2018-05-30,46467.0,326754377.709,563932549523.0,140.0,7918110.0,591774976.0,1.41835512,1750.0,16986326846.2,3.82e-06,141.310463443,27760.0,990.07,15741.0,413605557.768
2018-05-31,57394.0,451181274.503,558538663260.0,140.0,12227456.0,705260032.0,1.51560049,1750.0,16876665962.3,3.8e-06,114.537287135,26484.0,983.57,15869.0,665935138.509
2018-06-01,40255.0,257609903.373,554940822073.0,143.0,7463357.0,538528000.0,1.1821347,1787.5,17085824298.0,3.79e-06,92.4627026884,27569.0,995.66,14552.0,325828982.57
2018-06-02,39463.0,155808937.857,580063535162.0,153.0,7849711.0,689121024.0,1.72611546,1912.5,17219362667.9,3.76e-06,95.1132258415,24716.0,1003.33,14000.0,223073403.23
2018-06-03,40511.0,238267154.208,612665030261.0,148.0,7203988.0,842262016.0,1.43634606,1850.0,18590856859.1,3.82e-06,119.748394095,27877.0,1083.13,13935.0,392400597.752
2018-06-04,42844.0,266127553.042,613650317028.0,147.0,9040370.0,910656000.0,1.76769446,1837.5,20097492402.0,3.82e-06,151.28037079,27817.0,1170.78,15324.0,388034947.424
2018-06-05,41465.0,163722510.222,640506925205.0,153.0,7914355.0,727427008.0,1.20707119,1912.5,19057459746.0,3.82e-06,69.167906665,27083.0,1110.07,16233.0,221498288.925
2018-06-06,45642.0,183021820.366,706979474867.0,135.0,8387760.0,608502976.0,1.41522638,1687.5,19870777435.0,3.74e-06,70.751170623,29943.0,1157.33,15798.0,239336372.092
2018-06-07,38628.0,126407708.65,713617244953.0,138.0,7339088.0,561721024.0,1.38155895,1725.0,19491916059.0,3.82e-06,70.493995556,24997.0,1135.15,15307.0,183328312.929
2018-06-08,39319.0,191851336.196,699335065132.0,149.0,7853609.0,503856000.0,1.25777565,1862.5,19669024037.6,3.82e-06,47.5199962524,27847.0,1145.34,16067.0,221477535.694
2018-06-09,34271.0,70321276.591,676742896619.0,146.0,7292214.0,407028000.0,0.9951704,1825.0,19190374515.0,3.82e-06,39.4284099105,22281.0,1117.35,12834.0,98622017.4187
2018-06-10,36995.0,223711761.622,696559144327.0,129.0,7576207.0,757265984.0,1.31940363,1612.5,18678704354.6,6.76e-06,91.0667495452,26841.0,1087.46,15242.0,282164101.062
2018-06-11,39392.0,186801843.151,670122764316.0,149.0,8494488.0,619150976.0,1.54074322,1862.5,16107026964.9,5.22e-06,66.5176193727,28338.0,937.63,17091.0,251699114.038
2018-06-12,43610.0,306543515.22,656660224220.0,150.0,8173940.0,523140992.0,1.45577333,1875.0,16443991670.5,3.82e-06,75.2865171206,29623.0,957.14,16269.0,596077770.77
2018-06-13,38557.0,167780851.702,656322734258.0,144.0,7205829.0,547672000.0,1.39424143,1800.0,15066814478.6,3.82e-06,112.729435764,24611.0,876.89,14523.0,270800576.732
2018-06-14,39029.0,199000563.97,639647345083.0,143.0,7402743.0,522806016.0,1.50639926,1787.5,14509387915.5,3.82e-06,79.379381268,25986.0,844.36,14325.0,334991801.668
2018-06-15,35782.0,149653226.302,668422178459.0,137.0,6502877.0,371601984.0,1.15214958,1712.5,15405563098.2,3.74e-06,89.6408396037,23864.0,896.43,12739.0,276187160.962
2018-06-16,30332.0,95812050.9412,647844651795.0,140.0,5184404.0,311148000.0,0.80606187,1750.0,14560420743.7,3.32e-06,26.68554,21548.0,847.16,11207.0,123489284.325
2018-06-17,29228.0,101563667.696,634835051902.0,144.0,5277738.0,290560992.0,0.91989351,1800.0,14663378726.7,3.82e-06,25.4542526056,20659.0,853.06,11092.0,129673155.443
2018-06-18,36969.0,173460768.091,628747530860.0,149.0,14713116.0,381404000.0,1.25133907,1862.5,14609045969.2,3.82e-06,49.9821955113,25933.0,849.81,13355.0,198999251.965
2018-06-19,40460.0,220333187.949,650821670213.0,153.0,8296891.0,397230016.0,1.41570449,1912.5,15232760073.0,3.82e-06,49.4422821144,28345.0,885.99,14102.0,275016463.579
2018-06-20,36897.0,163163988.01,639713998936.0,144.0,7470341.0,430131008.0,1.24904022,1800.0,15573430240.8,3.82e-06,62.9625590685,25348.0,905.71,14151.0,237414576.05
2018-06-21,40565.0,303293769.956,642591122559.0,141.0,40345947.0,361313984.0,1.93018559,1762.5,15315905183.0,1e-05,8.8019101152,194284.0,890.64,20775.0,354495514.024
2018-06-22,37700.0,204445054.644,664425608371.0,125.0,7795537.0,589187968.0,1.38166733,1562.5,15047844523.6,3.82e-06,102.242204433,24810.0,874.97,14477.0,261873687.251
2018-06-23,32304.0,84839472.0031,610687220733.0,151.0,6362068.0,397206016.0,1.05481463,1887.5,12990026005.6,3.82e-06,26.1649197324,22696.0,755.24,14122.0,118101774.445
2018-06-24,31685.0,119806911.933,602948297555.0,155.0,6038784.0,642142016.0,1.2028947,1937.5,13152947192.0,3.74e-06,65.3014459098,22443.0,764.62,12984.0,185747936.023
2018-06-25,46274.0,166179944.753,624900775523.0,135.0,9406791.0,447070016.0,1.31257997,1687.5,12879006853.9,3.85e-06,60.1507435688,22385.0,748.63,13187.0,206983333.603
2018-06-26,34663.0,165813246.61,638247489811.0,141.0,6562147.0,357417984.0,1.01395705,1762.5,13028685354.4,3.82e-06,39.9067645275,23420.0,757.25,13693.0,202695180.954
2018-06-27,38687.0,166740094.985,619678262461.0,163.0,7232167.0,333936992.0,1.25941669,2037.5,12015471670.7,3.74e-06,51.7418567028,23361.0,698.28,14345.0,207386567.861
2018-06-28,35482.0,85961651.5119,732937322454.0,120.0,6528538.0,340686016.0,0.94346187,1500.0,12299147227.5,3.74e-06,67.890039112,22338.0,714.7,13010.0,115545187.558
2018-06-29,34393.0,155958871.776,582641872519.0,139.0,6362325.0,407536000.0,1.14681893,1737.5,11410618880.1,3.75e-06,97.17873438,22916.0,663.0,13754.0,189422476.282
2018-06-30,37605.0,107881495.72,598578095070.0,144.0,7298054.0,576081024.0,1.28167278,1800.0,12341935922.7,2.49e-06,22.0103243736,22744.0,717.04,17196.0,158171219.79
2018-07-01,59116.0,106589872.131,641673569621.0,162.0,11719458.0,558793984.0,0.83280977,2025.0,12896762035.1,1.92e-06,0.0256669068,24111.0,749.18,42258.0,156240582.585
2018-07-02,82308.0,175879644.9,694851490395.0,137.0,16423935.0,413921984.0,1.24937202,1712.5,12727056188.9,1.92e-06,0.023907345,26330.0,739.25,62609.0,303702690.713
2018-07-03,43663.0,181003576.32,646496821471.0,145.0,19883944.0,478640000.0,1.27931625,1812.5,13345034621.3,2.6e-06,0.0,30878.0,775.07,72761.0,569714148.195
2018-07-04,37528.0,209480883.082,633386117481.0,143.0,7810638.0,420710016.0,1.07006162,1787.5,13051232153.7,2.78e-06,27.3005552277,24049.0,757.93,16833.0,374535222.422
2018-07-05,36823.0,233400771.217,672741886848.0,150.0,15006543.0,469756992.0,1.03037734,1875.0,13145143823.6,2.6e-06,0.0,25576.0,763.29,49648.0,336276976.134
2018-07-06,31576.0,223436278.758,729946322977.0,134.0,6707096.0,375967008.0,1.03818729,1675.0,12891275644.0,2.78e-06,20.566246928,21845.0,748.48,14837.0,329424863.238
2018-07-07,31253.0,161808658.549,700622603896.0,147.0,14519049.0,772953024.0,0.89578519,1837.5,12690697150.3,2.6e-06,0.0,21114.0,736.76,52584.0,215752200.942
2018-07-08,32274.0,82206408.3122,623130091853.0,152.0,6678613.0,328903008.0,0.94104904,1900.0,13364387936.9,2.6e-06,2.9536814986,22171.0,775.78,15447.0,119591063.933
2018-07-09,32083.0,158932277.512,724037990049.0,138.0,8442379.0,338876000.0,0.96981895,1725.0,12948654077.7,2.6e-06,0.1119764143,21463.0,751.57,20197.0,190663082.754
2018-07-10,34096.0,102458441.963,729242161622.0,140.0,6920261.0,374505984.0,0.98531703,1750.0,12627498410.7,3e-06,30.277817756,22911.0,732.86,15124.0,129870350.568
2018-07-11,33770.0,92001262.5731,666474414646.0,142.0,13532981.0,321031008.0,1.08090916,1775.0,11870771447.1,2.6e-06,0.0,24197.0,688.87,43587.0,167817674.407
2018-07-12,35226.0,118485539.334,684574789622.0,149.0,8717599.0,336003008.0,0.81679625,1862.5,12184074791.2,2.6e-06,0.0689588292,26290.0,706.98,20483.0,169153668.442
2018-07-13,36164.0,112312384.65,728104052050.0,150.0,12572841.0,352371008.0,1.00636286,1875.0,11835031087.9,2.6e-06,14.0449244955,21193.0,686.65,15252.0,147028084.572
2018-07-14,32286.0,49459090.5168,742007090781.0,147.0,5896642.0,272856000.0,0.61323978,1837.5,12004706228.7,2.6e-06,5.712977007,22294.0,696.42,14120.0,64023163.5063
2018-07-15,28285.0,53027704.6202,700937072720.0,132.0,5719966.0,322284000.0,0.77548487,1650.0,12119236795.5,2.6e-06,9.7795610262,17608.0,702.99,13733.0,75433959.5067
2018-07-16,39387.0,140199679.155,729061006530.0,146.0,13324280.0,534068000.0,1.15757713,1825.0,12490912401.0,2.6e-06,0.0,25918.0,724.48,39399.0,184478580.459
2018-07-17,41751.0,135694186.274,664866424293.0,131.0,17206624.0,752280000.0,1.5184469,1637.5,13848111610.2,2.6e-06,0.0,30986.0,803.12,51396.0,193230825.112
2018-07-18,44891.0,364592907.961,620750537234.0,146.0,13771156.0,720550976.0,1.27966482,1825.0,14654018237.4,2.6e-06,0.0,30495.0,849.77,33677.0,437141416.636
2018-07-19,48066.0,148203909.329,620391455343.0,137.0,34571420.0,684182976.0,1.35760212,1712.5,14287538890.3,3e-06,0.0,26250.0,828.43,100695.0,192790389.861
2018-07-20,49822.0,157430508.868,623380159587.0,153.0,33801944.0,612099008.0,1.47251772,1912.5,14202209178.7,3.14e-06,0.0,28261.0,823.4,98845.0,293750012.014
2018-07-21,33297.0,104661209.892,638716260370.0,136.0,27674290.0,513512992.0,1.21440981,1700.0,13245910881.1,3.1e-06,0.0,25301.0,767.88,94877.0,168916478.74
2018-07-22,30681.0,92762121.2415,557655620456.0,139.0,10369733.0,529767008.0,0.89420912,1737.5,13602457756.5,2.6e-06,0.0,22439.0,788.47,26923.0,130072824.162
2018-07-23,36167.0,208937785.62,531835701156.0,136.0,8845567.0,608630016.0,1.114371,1700.0,13624846934.7,2.6e-06,0.2494077927,20975.0,789.69,21305.0,272283173.335
2018-07-24,40467.0,189584341.532,525644129573.0,151.0,11490772.0,905811968.0,1.83809838,1887.5,13555785647.7,2.6e-06,0.076627424,28717.0,785.6,30590.0,317665163.888
2018-07-25,39384.0,154686825.377,557349563592.0,145.0,9105671.0,692334016.0,1.31619178,1812.5,14896314670.4,2.6e-06,1.140494368,24126.0,863.2,21890.0,238086286.572
2018-07-26,44199.0,94637217.2893,517525649905.0,146.0,7549026.0,597276992.0,1.25777893,1825.0,14337716474.4,3.74e-06,36.349402533,33947.0,830.74,15800.0,149361302.081
2018-07-27,36942.0,147267410.2,524037715419.0,133.0,7416602.0,589747968.0,1.16528873,1662.5,13883583159.5,3.75e-06,8.989785601,26671.0,804.35,16400.0,188234459.311
2018-07-28,39304.0,149998431.245,520414091963.0,152.0,7239752.0,525351008.0,0.83027812,1900.0,14181053274.0,2.6e-06,9.0667769151,22050.0,821.49,14207.0,183639524.592
2018-07-29,34326.0,124063083.244,565725713609.0,148.0,11847040.0,565436032.0,0.92250016,1850.0,14174268996.5,2.6e-06,0.0,22467.0,821.01,37976.0,166952165.497
2018-07-30,38024.0,128607355.048,601519158431.0,153.0,7745321.0,568282000.0,1.14800582,1912.5,14306009588.7,4.38e-06,49.815342496,25150.0,828.55,16210.0,171518144.062
2018-07-31,41114.0,108059586.734,592898056350.0,138.0,8409709.0,420759000.0,1.45631204,1725.0,14103282304.7,3.07e-06,33.9327384811,24297.0,816.73,19074.0,165606776.076
2018-08-01,47226.0,121774525.562,593303104544.0,139.0,166075410.0,499193000.0,3.27871062,1737.5,13469582501.1,2.89e-06,0.0,61078.0,779.95,687613.0,176377475.166
2018-08-02,37064.0,171348457.761,583755431075.0,133.0,17799104.0,387197000.0,1.17875025,1662.5,13258784764.0,2.6e-06,0.0,24515.0,767.67,58780.0,199517550.787
2018-08-03,34815.0,100405055.896,568176490357.0,145.0,7821142.0,361851000.0,1.15558903,1812.5,12657839307.3,2.84e-06,12.305675904,20331.0,732.8,19013.0,142768466.569
2018-08-04,29097.0,98002213.483,590824207752.0,155.0,6201710.0,327670000.0,0.83236863,1937.5,12494571232.5,4.48e-06,40.3612361241,19129.0,723.27,14284.0,162451152.623
2018-08-05,28980.0,60430395.754,596881879683.0,143.0,5632486.0,313362000.0,0.85662402,1787.5,12026001835.6,3.74e-06,13.1881389799,21152.0,696.07,12927.0,80397220.5374
2018-08-06,34480.0,126434695.151,587617726579.0,155.0,7388266.0,316406000.0,0.96817882,1937.5,12285515126.7,3.74e-06,18.6892320247,21136.0,711.01,17215.0,141358764.768
2018-08-07,45881.0,110529256.584,596144208745.0,131.0,9630741.0,378007000.0,0.58141884,1637.5,11969134585.6,2.84e-06,13.8425360861,21348.0,692.63,18475.0,151673301.406
2018-08-08,48269.0,220671516.691,562251721606.0,141.0,10028040.0,450595000.0,0.8710883,1762.5,11407145429.8,3.27e-06,51.65049662,24754.0,660.05,16542.0,264011903.777
2018-08-09,35835.0,164967034.712,589744960447.0,138.0,7626466.0,355208000.0,0.61704123,1725.0,10206616060.9,3.04e-06,17.0491804644,21241.0,590.52,17161.0,192822748.865
2018-08-10,32901.0,81071828.0422,542960057525.0,151.0,6397763.0,345223000.0,0.61091472,1887.5,10550457979.7,3.21e-06,47.408765352,19947.0,610.35,15028.0,107082138.656
2018-08-11,27944.0,68105684.3669,585918445172.0,143.0,6906911.0,341530000.0,0.44233261,1787.5,9886750827.51,2.29e-06,0.8049580506,17674.0,571.89,18505.0,94277943.3343
2018-08-12,34918.0,51960900.4563,575942073799.0,138.0,7059296.0,324257000.0,0.4802778,1725.0,9758861232.93,2.6e-06,1.1610643688,16547.0,564.44,15331.0,68789896.3419
2018-08-13,36906.0,170936272.775,572985798624.0,155.0,7154510.0,379411000.0,0.62422942,1937.5,9873694237.67,3.28e-06,48.6517262688,19225.0,571.02,14280.0,198392694.344
2018-08-14,92369.0,121233563.621,519666376215.0,136.0,18954357.0,420396000.0,0.89434434,1700.0,9251378501.89,2.6e-06,0.0088057708,23864.0,534.98,26864.0,166753348.024
2018-08-15,35384.0,145385074.327,559252499428.0,138.0,8204216.0,378019000.0,0.57297595,1725.0,8876633604.58,2.46e-06,1.1447271375,22282.0,513.25,20366.0,167852796.202
2018-08-16,31797.0,65983717.4671,520647675515.0,151.0,7297502.0,402136000.0,0.58477082,1887.5,8870885615.91,2.6e-06,1.0357460937,20570.0,512.87,19736.0,91194576.1015
2018-08-17,43866.0,86581761.4722,541802428948.0,149.0,9148075.0,463256000.0,0.7448296,1862.5,8935794750.89,2.26e-06,5.2506877632,18694.0,516.56,20550.0,117518909.321
2018-08-18,29242.0,68117762.1033,594365542406.0,144.0,17767930.0,413731000.0,0.58599016,1800.0,10339941230.4,2.6e-06,0.0,21230.0,597.67,66701.0,83351798.5595
2018-08-19,32521.0,43503889.8719,604365330907.0,135.0,30842136.0,383846000.0,0.74798268,1687.5,9601373092.51,2.1e-06,0.0,22877.0,554.93,128532.0,56368650.9521
2018-08-20,32893.0,140891584.313,548618595474.0,137.0,13018370.0,374592000.0,0.91144711,1712.5,9865069418.0,2.6e-06,0.0,19389.0,570.11,43166.0,160724779.675
2018-08-21,29791.0,143463776.035,526094439572.0,156.0,8911141.0,304026000.0,0.55523664,1950.0,8896144105.53,2.6e-06,0.0,18556.0,514.06,27521.0,161575612.769
2018-08-22,32597.0,79876290.3983,578628223829.0,141.0,7894428.0,319315000.0,0.5521317,1762.5,9262150940.91,2.6e-06,0.954054717,20077.0,535.15,21346.0,110452639.382
2018-08-23,32867.0,57888852.5844,540837073255.0,141.0,11074513.0,282362000.0,0.51652254,1762.5,8985560930.43,2.6e-06,0.0,21729.0,519.12,33625.0,72171303.6238
2018-08-24,35334.0,90513396.8194,520720225111.0,148.0,7925191.0,304350000.0,0.54556678,1850.0,9201807782.46,2.6e-06,0.200192361,19014.0,531.55,19820.0,109287222.705
2018-08-25,28002.0,51011833.1952,548572513940.0,138.0,9488565.0,272027000.0,0.54423205,1725.0,9262177694.13,2.6e-06,0.0,17519.0,534.99,28156.0,63159238.2359
2018-08-26,28916.0,87852900.3988,535282679191.0,134.0,7501928.0,257257000.0,0.48589642,1675.0,9289140577.96,2.6e-06,0.0523292346,19831.0,536.49,20265.0,105750127.997
2018-08-27,55074.0,71717716.5935,524346936006.0,152.0,13758951.0,305426000.0,1.01616552,1900.0,9056780335.49,2.6e-06,0.0872815776,21293.0,523.02,22443.0,92608668.3198
2018-08-28,44093.0,79226325.9344,536428738461.0,143.0,12244359.0,429636000.0,0.73721242,1787.5,9439744476.08,2.6e-06,11.928094656,29246.0,545.08,22908.0,107648416.654
2018-08-29,54563.0,94372024.2195,536226200149.0,139.0,12713669.0,299414000.0,0.73123437,1737.5,9775500078.98,2.6e-06,3.2281599273,27097.0,564.41,26021.0,119660930.639
2018-08-30,34505.0,79640226.2052,516148944309.0,144.0,17300763.0,337841000.0,0.712077,1800.0,9597550884.85,2.6e-06,0.0,24792.0,554.07,60724.0,100441505.995
2018-08-31,40184.0,98611092.6981,508569529478.0,147.0,126586116.0,307222000.0,1.95143711,1837.5,9330796336.29,2.6e-06,0.0,46562.0,538.62,534090.0,134076115.482
2018-09-01,57287.0,92018619.2229,540614379984.0,160.0,484937952.0,490619000.0,6.05853455,2000.0,9424457209.78,2.6e-06,0.0,188538.0,543.96,2103739.0,121549023.266
2018-09-02,72822.0,78920093.3457,560882358787.0,146.0,313760227.0,570200000.0,4.18329207,1825.0,10674205922.9,2.6e-06,0.0,209262.0,616.03,1370438.0,105069448.229
2018-09-03,38364.0,91617630.268,586063036390.0,141.0,147580402.0,397157000.0,2.183725,1762.5,11235061631.0,2.1e-06,0.0,180949.0,648.33,448407.0,108924628.184
2018-09-04,65452.0,125843638.732,576499187043.0,133.0,342992255.0,386332000.0,3.96695973,1662.5,10871920959.1,2.1e-06,0.0,250343.0,627.32,1526043.0,155270494.157
2018-09-05,47353.0,152286041.761,612552867707.0,165.0,387860667.0,520184000.0,4.51843876,2062.5,10853923358.2,2.1e-06,0.0,305780.0,626.2,1511603.0,233760494.99
2018-09-06,47060.0,119474653.201,634049922465.0,104.0,171858673.0,441732000.0,2.32269741,1300.0,9186281429.77,2.1e-06,0.0,167073.0,529.95,663949.0,148724317.674
2018-09-07,32851.0,164225802.347,564713030420.0,160.0,25916540.0,368854000.0,0.78081925,2000.0,8993482543.51,2.6e-06,0.0,22260.0,518.77,40446.0,210658300.957
2018-09-08,30783.0,74364394.2214,555691086625.0,137.0,7460510.0,311599000.0,0.62169118,1712.5,8700419722.76,2.6e-06,29.9130184892,18916.0,501.82,21803.0,103271893.976
2018-09-09,31171.0,44246583.4808,540602647523.0,146.0,14351381.0,286768000.0,0.59321288,1825.0,8229874092.95,2.6e-06,0.0,19322.0,474.63,51924.0,58782984.1087
2018-09-10,38617.0,75815485.294,521213963840.0,149.0,17313130.0,300172000.0,0.79080182,1862.5,8397089392.4,2.6e-06,0.0,24327.0,484.22,57771.0,122309237.377
2018-09-11,53822.0,108064268.761,524322180167.0,140.0,33003183.0,355090000.0,1.6237408,1749.99999,8122850102.51,2.6e-06,0.0,36418.0,468.35,114119.0,155313425.301
2018-09-12,38311.0,181211300.339,560582312958.0,142.0,8276854.0,319094000.0,0.65120601,1775.0,7640665709.6,3.5e-06,5.28612,23966.0,440.51,20374.0,252714704.09
2018-09-13,46013.0,154060526.312,521099145645.0,144.0,7687855.0,393614000.0,0.55583058,1800.0,7520537285.88,3.82e-06,56.8309854214,19968.0,433.54,14728.0,192624193.434
2018-09-14,36425.0,158349926.847,496835569820.0,135.0,7893252.0,314701000.0,0.5897558,1687.5,8104111444.7,2.6e-06,9.8899969479,22357.0,467.13,18964.0,199363491.441
2018-09-15,44219.0,41817692.6924,484358520036.0,146.0,9961095.0,276833000.0,0.5766379,1825.0,7765777740.37,5.2e-06,0.044758,30600.0,447.58,26091.0,73464359.2488
2018-09-16,35246.0,70029015.5323,484507247048.0,153.0,7827060.0,277244000.0,0.59752395,1912.5,7782702498.5,2.6e-06,6.1315039633,21058.0,448.51,19656.0,117466923.404
2018-09-17,35882.0,142805757.04,486232305785.0,132.0,6594159.0,365115000.0,0.55781394,1650.0,7815926068.56,3.82e-06,47.6348370344,20675.0,450.38,14430.0,196219197.508
2018-09-18,36156.0,98470220.5764,486249654615.0,144.0,8685514.0,332161000.0,0.59454952,1800.0,7264426974.0,2.6e-06,1.8328072704,24471.0,418.56,21791.0,139754715.44
2018-09-19,41034.0,184706461.569,483524425786.0,146.0,10572672.0,337321000.0,0.75810663,1825.0,7519091606.09,2.6e-06,0.22742475,22542.0,433.19,25602.0,245783076.876
2018-09-20,34225.0,145283033.036,504153654348.0,146.0,13759379.0,369099000.0,0.83826012,1825.0,7461314319.45,2.6e-06,0.0,21856.0,429.81,43898.0,185154655.824
2018-09-21,43895.0,185504030.553,511309665580.0,147.0,9915608.0,597228000.0,0.7663257,1837.5,7943120340.43,2.6e-06,9.8664462512,26333.0,457.52,22381.0,221878431.327
2018-09-22,33180.0,102592012.154,507623652743.0,144.0,9261702.0,412279000.0,0.69492375,1800.0,8687620830.5,2.6e-06,0.0,18672.0,500.35,24974.0,127650696.345
2018-09-23,29476.0,43940526.5273,520273160558.0,148.0,6473678.0,384226000.0,0.80272877,1850.0,8469001673.96,2.6e-06,6.6837924324,17088.0,487.71,16739.0,62663173.1179
2018-09-24,33344.0,105761880.109,505139844375.0,139.0,8195751.0,385322000.0,0.88899407,1737.5,8473541966.87,2.64e-06,2.6522160192,20096.0,487.92,20099.0,144483875.862
2018-09-25,37168.0,134733594.125,496533882807.0,135.0,8459009.0,414548000.0,0.7784356,1687.5,8026021887.04,2.6e-06,6.4144241403,21538.0,462.11,19024.0,186134765.022
2018-09-26,45089.0,116063086.885,502290306113.0,157.0,11539200.0,856458000.0,0.81376851,1962.5,7726380462.47,2.6e-06,3.561820512,25506.0,444.8,27608.0,229396782.28
2018-09-27,45741.0,220892338.076,578776373652.0,147.0,10607085.0,1083230000.0,1.18824744,1837.5,8942668090.47,2.61e-06,32.486980269,26742.0,514.77,23359.0,293350042.706
2018-09-28,38341.0,127102288.375,574462265909.0,141.0,9027260.0,673844000.0,0.66518267,1762.5,9875915067.58,2.6e-06,12.9086758205,22908.0,568.43,20373.0,171523982.352
2018-09-29,34258.0,85650242.0422,563153379815.0,149.0,27557921.0,581112000.0,0.89350122,1862.5,9365403853.63,2.6e-06,0.0,23970.0,538.99,105008.0,133528253.274
2018-09-30,34515.0,74164095.9291,564937862939.0,141.0,7036321.0,477471000.0,0.61339658,1762.5,9324172790.72,4.52e-06,28.5947525744,23626.0,536.56,14609.0,95651817.8086
2018-10-01,37040.0,99219729.5039,572929423597.0,139.0,65842347.0,450906000.0,1.31038095,1737.5,9239594019.46,2.6e-06,0.0,32655.0,531.64,288522.0,128367983.421
2018-10-02,34416.0,94291057.6055,566775054475.0,143.0,9574780.0,536291000.0,0.61795794,1787.5,9232044547.88,2.6e-06,0.053115,19720.0,531.15,25367.0,124401541.601
2018-10-03,34907.0,99831618.4568,557253301616.0,143.0,7410929.0,512420000.0,0.70006075,1787.5,9241514825.97,3.74e-06,7.6370086,21437.0,531.64,17439.0,115269682.681
2018-10-04,39452.0,149708912.144,570533937589.0,150.0,10875888.0,466791000.0,0.97111769,1875.0,8984258493.0,3.76e-06,49.8553824554,18752.0,516.79,13627.0,1405539846.43
2018-10-05,36109.0,76371968.0571,566017338393.0,150.0,7137234.0,384914000.0,0.57037221,1875.0,8935031649.62,3.35e-06,28.254222,21713.0,513.9,14125.0,101782526.578
2018-10-06,35540.0,40709939.3752,563617268327.0,145.0,6847554.0,391070000.0,0.81669049,1812.5,9040661024.77,3.24e-06,16.5354212976,19263.0,519.92,15070.0,56164570.1206
2018-10-07,27821.0,40230964.5649,578524721192.0,138.0,9837663.0,382426000.0,0.48307049,1725.0,8862507890.95,2.6e-06,0.253642851,29298.0,509.63,24237.0,50930469.968
2018-10-08,30429.0,70395667.947,572534718157.0,139.0,8041706.0,397869000.0,0.56201691,1737.5,9021260693.67,2.6e-06,1.9633536597,18347.0,518.71,19108.0,92032032.3926
2018-10-09,29276.0,141297935.625,574822423765.0,141.0,5923064.0,372000000.0,0.63614522,1762.5,9164714185.51,3.85e-06,25.525570389,19147.0,526.9,13674.0,157432848.917
2018-10-10,31652.0,165121123.037,567954524820.0,153.0,8046304.0,369806000.0,0.47786064,1912.5,8987661411.12,3.81e-06,41.1966807564,19259.0,516.66,13543.0,194922409.645
2018-10-11,38750.0,148421239.257,543664188311.0,134.0,11201250.0,487652000.0,1.18687673,1675.0,8903322554.47,3.79e-06,46.884170886,20198.0,511.77,16451.0,287475229.837
2018-10-12,32527.0,66622947.8185,527534015599.0,136.0,6828402.0,289722000.0,0.59540297,1700.0,7487610480.6,3.82e-06,24.4879951785,20010.0,430.35,15168.0,97285418.8771
2018-10-13,30256.0,45790110.0563,527635354009.0,151.0,6675073.0,245372000.0,0.45983114,1887.5,7711692083.63,5.41e-06,11.4951496584,20312.0,443.18,15341.0,78718378.928
2018-10-14,29568.0,115809612.657,527365182871.0,146.0,7395428.0,242400000.0,0.53098046,1825.0,7799764734.01,4.52e-06,4.6906758658,22068.0,448.19,15948.0,335726573.271
2018-10-15,42695.0,118105906.696,512536389586.0,139.0,9303807.0,571575000.0,1.06417636,1737.5,7634445712.85,2.46e-06,2.806008958,26322.0,438.65,21859.0,392151790.33
2018-10-16,36971.0,234942229.742,516994448712.0,143.0,8963239.0,302192000.0,0.73822756,1787.5,7995027730.07,2.6e-06,2.5818101608,24727.0,459.32,23488.0,334553228.24
2018-10-17,33098.0,165941421.278,500686952262.0,145.0,7190870.0,292950000.0,0.76519379,1812.5,7987708458.89,3.82e-06,23.7540725835,20810.0,458.85,16609.0,270697354.664
2018-10-18,42098.0,234260773.564,545281265999.0,144.0,9935073.0,327540000.0,1.13422148,1800.0,7820735549.81,3.9e-06,25.8558633528,22537.0,449.22,16762.0,365307846.417
2018-10-19,40314.0,101717889.265,490910694910.0,145.0,13140206.0,303766000.0,0.74555447,1812.5,7631609151.27,2.6e-06,0.0,26472.0,438.31,40161.0,145995906.083
2018-10-20,30624.0,124798058.189,484445985254.0,148.0,10242001.0,266812000.0,0.58087246,1850.0,7677153490.05,2.6e-06,0.0,20161.0,440.87,32530.0,150429180.362
2018-10-21,36693.0,64250403.5518,521715635604.0,130.0,11405453.0,295702000.0,0.5794161,1625.0,7793960068.7,2.6e-06,0.0,20463.0,447.54,31552.0,75839600.8697
2018-10-22,36068.0,59527771.8719,513061410411.0,155.0,10487422.0,261566000.0,0.67379872,1937.5,7788731235.97,2.6e-06,0.23477475,25652.0,447.19,26263.0,72482375.3271
2018-10-23,34156.0,117108476.928,492294046629.0,138.0,8517557.0,262509000.0,0.63258327,1725.0,7789219241.33,2.6e-06,1.878114,23064.0,447.17,20699.0,229660559.856
2018-10-24,42893.0,55260170.0661,515566771705.0,145.0,27665178.0,249002000.0,2.87901791,1812.5,7687096601.84,3.72e-06,3.4595568,23579.0,441.27,24112.0,66536704.1838
2018-10-25,32781.0,228671195.184,492046141451.0,156.0,12900541.0,226378000.0,0.62469165,1950.0,7703858023.45,2.6e-06,1.0153027634,22295.0,442.18,25210.0,294926985.287
2018-10-26,34559.0,137792509.127,535135948703.0,128.0,8490423.0,259970000.0,0.73555357,1600.0,7651265303.25,3.78e-06,14.8382643992,23572.0,439.12,16427.0,159555446.15
2018-10-27,34763.0,87145186.5689,496077429569.0,141.0,9331879.0,235687000.0,0.5565065,1762.5,7642930887.03,2.6e-06,0.250502004,19316.0,438.6,23355.0,117979172.669
2018-10-28,29560.0,82618093.4221,491415731509.0,139.0,6265285.0,226911000.0,0.513793,1737.5,7648868727.88,3.96e-06,16.4213941286,18942.0,438.89,14168.0,112519404.056
2018-10-29,48552.0,129165732.968,471402435600.0,150.0,10962397.0,294419000.0,0.80785925,1875.0,7672642062.02,4.52e-06,32.2959494227,23139.0,440.21,17949.0,245615320.746
2018-10-30,35678.0,186024127.932,499119807633.0,145.0,10444834.0,243462000.0,0.65804249,1812.5,7280943500.33,2.6e-06,4.7329832277,20078.0,417.69,27018.0,221785323.985
2018-10-31,34040.0,155436042.799,474794041448.0,145.0,21766645.0,286666000.0,0.75760016,1812.5,7360755127.85,2.6e-06,0.0,24104.0,422.23,77158.0,220988436.514
2018-11-01,33051.0,121017689.605,486232537777.0,139.0,156998089.0,228640000.0,2.19807626,1737.5,7376151412.5,1.92e-06,0.0,52316.0,423.07,733782.0,153854666.404
2018-11-02,38819.0,254970840.147,487409134224.0,150.0,22882591.0,524499000.0,1.01380791,1875.0,7397350910.89,2.6e-06,0.0,26525.0,424.24,78553.0,336126435.197
2018-11-03,48158.0,141548390.073,523311991502.0,153.0,12558966.0,470238000.0,0.79075909,1912.5,8052695481.23,3.06e-06,0.046177,31357.0,461.77,31871.0,279458905.212
2018-11-04,56650.0,241134286.891,599687039870.0,151.0,17383749.0,1452890000.0,1.29350322,1887.5,8346021566.65,2.29e-06,128.076244613,32643.0,478.54,37812.0,351295361.663
2018-11-05,48892.0,333036300.288,615401851611.0,147.0,12498234.0,907963000.0,1.20079767,1837.5,9727870794.57,3.9e-06,82.090081764,29167.0,557.72,24781.0,462045247.04
2018-11-06,50624.0,181936882.004,624434784270.0,149.0,20499676.0,958116000.0,1.07491359,1862.5,9595442196.44,1.92e-06,54.5602978565,30112.0,558.55,68800.0,257183126.837
2018-11-07,49203.0,331037320.35,684894970288.0,135.0,11722024.0,935156000.0,1.15712607,1687.5,10994146319.3,4.09e-06,105.726754316,27749.0,630.18,22252.0,434947042.322
2018-11-08,46016.0,283224310.586,661359316533.0,143.0,10662681.0,824619000.0,1.17248573,1787.5,10757089973.5,5e-06,89.3742665061,31093.0,616.53,21341.0,396490175.792
2018-11-09,44453.0,282921191.875,640572043458.0,147.0,10657723.0,860474000.0,1.09632381,1837.5,10016183447.3,4e-06,98.6746092999,28399.0,574.01,21261.0,406784217.493
2018-11-10,41451.0,184833338.087,633969919602.0,146.0,308558253.0,656843000.0,4.04162289,1825.0,9473971864.1,1.92e-06,0.0083929248,91430.0,542.88,1567326.0,299466337.378
2018-11-11,46402.0,284527760.726,634946670894.0,148.0,10237221.0,693990000.0,0.94506847,1850.0,9700157683.33,4.83e-06,111.153115502,28247.0,555.78,17950.0,379623819.048
2018-11-12,54858.0,497260212.545,697131922179.0,139.0,42469042.0,951132000.0,1.65913131,1737.5,9313370216.97,5.01e-06,0.0272227414,125402.0,533.57,119014.0,706210426.595
2018-11-13,87182.0,583100027.038,706752247599.0,155.0,24970059.0,972530000.0,1.38338308,1937.5,8982958737.75,2.6e-06,0.0,35301.0,514.58,52634.0,784985641.519
2018-11-14,79773.0,906227507.039,718897893385.0,116.0,20503923.0,1167480000.0,2.06317267,1450.0,8932155760.0,4.31e-06,120.540028,35453.0,511.63,29320.0,1191240249.83
2018-11-15,45130.0,680442920.699,557494238393.0,156.0,97147789.0,979243000.0,1.67612441,1950.0,7681811590.0,1.92e-06,0.0024021816,81941.0,439.96,386713.0,1043094990.1
2018-11-16,14131.0,96037704.2649,883217024550.0,154.0,11410748.0,502805000.0,0.15947115,1925.0,7355078640.0,1.92e-06,0.0,38174.0,421.2,41256.0,99549996.1829
2018-11-17,9630.0,100911162.528,826914286510.0,123.0,183661315.0,356307000.0,1.9092384,1537.5,6802103344.93,1.92e-06,0.00212667,88795.0,389.5,877450.0,117373982.48
