Date,activeaddresses,adjustedtxvolume(usd),averagedifficulty,blockcount,blocksize,exchangevolume(usd),fees,generatedcoins,marketcap(usd),medianfee,mediantxvalue(usd),paymentcount,price(usd),txcount,txvolume(usd)
2017-11-13,,,,,,45916500.0,,,0.0,,,,277.0,,
2017-11-14,,,,,,39340400.0,,,0.0,,,,253.21,,
2017-11-15,,,,,,30094100.0,,,0.0,,,,160.54,,
2017-11-16,19187.0,10028220.2097,3246568.7323,151.0,3893483.0,27949200.0,0.6987999,1887.49999985,0.0,2.278e-05,161.866357925,12155.0,161.87,5090.0,12852783.3092
2017-11-17,15323.0,15343376.8391,2988552.06532,144.0,3483477.0,24935100.0,4.38828602,1799.99999984,0.0,2.622e-05,141.090693075,10599.0,138.75,5059.0,18768116.123
2017-11-18,19932.0,13832488.7117,2909324.81655,151.0,4628962.0,24642900.0,4.04755235,1887.49999996,0.0,3.42e-05,221.1892114,14657.0,153.07,5993.0,17648111.525
2017-11-19,15071.0,13834166.6133,3489825.11507,136.0,3606402.0,19503400.0,0.9303063,1699.99999996,0.0,2.281e-05,203.690816649,8905.0,154.91,4636.0,17580055.2668
2017-11-20,56520.0,68331897.2685,2724814.72349,153.0,11813794.0,93826896.0,6.3746348,1912.5,0.0,6.41e-05,303.796978264,14313.0,135.2,14294.0,127876884.637
2017-11-21,80004.0,173879662.037,5154291.53934,171.0,18881595.0,370782016.0,11.06228395,2137.49999996,0.0,2.575e-05,501.978428449,21929.0,250.85,25481.0,246198643.261
2017-11-22,77019.0,166634699.286,4973247.91154,145.0,19492626.0,111451000.0,8.03925191,1812.5,0.0,2.25e-05,424.711003261,18614.0,264.18,11965.0,181608640.722
2017-11-23,42422.0,66492052.6639,4984716.07522,154.0,9843659.0,154038000.0,7.84789094,1924.99999991,0.0,2.27e-05,370.852670929,17349.0,241.97,10930.0,92479311.5833
2017-11-24,73395.0,239914837.188,7122678.78789,157.0,15743304.0,537472000.0,7.2356648,1962.5,0.0,5e-05,1010.84721374,28333.0,295.75,22061.0,381455111.673
2017-11-25,77362.0,162186859.289,6976159.47258,144.0,18831785.0,208662000.0,3.79134717,1800.0,6569216429.29,1.93e-05,756.048058896,22373.0,394.04,13333.0,381400726.135
2017-11-26,138204.0,145975313.71,6879050.52308,147.0,44424813.0,141228000.0,3.49975986,1837.49999999,5931014450.99,3.42e-05,232.720525708,25657.0,355.72,15488.0,440330678.321
2017-11-27,106654.0,175266771.573,6575275.03379,152.0,23114049.0,129160000.0,2.89751696,1899.99999994,6172971083.39,1.94e-05,370.821540449,25877.0,370.18,11717.0,413057365.444
2017-11-28,34311.0,119806036.169,7126543.14971,143.0,7357422.0,101004000.0,1.86211841,1787.49999999,5993168317.02,1.93e-05,564.188264352,20109.0,359.36,9906.0,183434497.771
2017-11-29,33078.0,114378433.162,6220226.41809,159.0,7238456.0,252312992.0,2.03023923,1987.49999997,5494140507.04,1.93e-05,545.328620694,20289.0,329.4,9679.0,162601428.638
2017-11-30,21417.0,66298842.6914,5673668.72249,152.0,4767957.0,151331008.0,1.35363791,1899.99999999,4909648769.62,1.93e-05,441.961048009,16045.0,294.33,5924.0,94074278.2608
2017-12-01,21805.0,92683461.1637,5816425.8783,154.0,4718321.0,134598000.0,1.21715588,1924.99999999,5077292378.05,1.93e-05,475.159276522,17998.0,304.34,5667.0,115624130.235
2017-12-02,28764.0,77035819.9369,6185241.48233,144.0,5416042.0,88196704.0,1.10406844,1799.99999999,5197487305.97,1.93e-05,368.50309394,11702.0,311.51,5800.0,89979183.5342
2017-12-03,22201.0,69541577.2248,5976406.49332,155.0,5183549.0,252844000.0,1.38404888,1937.49999999,4986715210.88,1.93e-05,358.585049088,18275.0,298.84,6328.0,82962747.3569
2017-12-04,19917.0,76501978.8722,6101224.25247,146.0,4334644.0,130453000.0,1.12656662,1824.99999998,5373900184.92,1.93e-05,447.484452021,12430.0,322.01,5483.0,99461009.1387
2017-12-05,19529.0,82706400.1818,6085587.8043,147.0,4246095.0,113206000.0,1.17269512,1837.49999998,5499063509.34,1.93e-05,502.776099451,13922.0,329.47,5519.0,111911815.595
2017-12-06,25205.0,64456602.5828,4549224.55046,128.0,5457124.0,156602000.0,1.2888388,1600.0,5102083055.11,1.93e-05,524.377504129,15818.0,305.66,6546.0,97049989.6903
2017-12-07,19661.0,67049160.383,3887632.0319,154.0,4204634.0,137884992.0,1.28959173,1924.99999996,4658020991.74,1.93e-05,500.977390315,16646.0,279.03,5394.0,92647917.9633
2017-12-08,23312.0,54898844.7788,4981432.19968,136.0,5287054.0,178502000.0,1.18202936,1699.99999993,4235863242.36,1.93e-05,423.690803397,24487.0,253.71,5119.0,71007177.0671
2017-12-09,19299.0,59836020.0349,4050213.30494,150.0,7806608.0,105017000.0,1.7118588,1874.9999999,4355452069.36,1.93e-05,410.73537341,22672.0,260.84,4736.0,86422358.3044
2017-12-10,17854.0,43517020.9162,4791122.64474,139.0,3966658.0,140891008.0,1.02467348,1737.4999999,4091020232.24,1.93e-05,330.721000963,19331.0,244.98,4418.0,59631412.793
2017-12-11,21854.0,67200687.1762,4283772.27819,154.0,4820889.0,265127008.0,1.74647184,1924.99999993,3830038568.0,1.93e-05,380.429629459,21626.0,229.33,5425.0,86350285.1963
2017-12-12,26544.0,49244534.6336,4116691.0844,150.0,5961517.0,205848992.0,2.13936087,1874.99999987,4248330573.21,2.26e-05,356.085091045,22701.0,254.35,6687.0,56091834.1572
2017-12-13,25714.0,42682825.9183,4672233.33466,146.0,5629851.0,221863008.0,1.93893682,1824.99999989,4612378930.2,1.94e-05,508.174518635,25800.0,276.11,6805.0,61254489.019
2017-12-14,26483.0,83366695.7866,4285061.14505,150.0,6024644.0,467875008.0,1.59085631,1874.99999991,4534753034.6,1.93e-05,454.880444095,24264.0,271.43,6604.0,105987032.262
2017-12-15,21671.0,67012039.5426,4517200.76209,143.0,4816012.0,175999008.0,1.32099984,1787.49999989,5294417987.29,1.93e-05,446.50612429,24699.0,316.87,5258.0,82338981.9851
2017-12-16,22611.0,38936555.4789,4541078.56023,154.0,4778436.0,136415008.0,1.2325521,1924.99999991,4963927727.48,1.93e-05,407.112355879,22440.0,297.06,5714.0,49736841.8158
2017-12-17,40111.0,47915054.2043,4775828.64003,142.0,7450640.0,120807000.0,1.56894457,1774.99999992,4973796464.8,1.93e-05,537.376654325,21947.0,297.61,5877.0,66839972.0026
2017-12-18,26381.0,82613203.3248,4268577.76973,147.0,6374955.0,313796992.0,1.83484248,1837.49999989,5014211519.11,1.93e-05,531.968469,22230.0,300.0,6117.0,110931059.173
2017-12-19,31339.0,63824927.5742,4546447.15814,154.0,9110862.0,413363008.0,1.53137232,1924.99999999,5345923520.54,1.93e-05,456.082502532,18133.0,319.81,6659.0,76211264.4939
2017-12-20,32312.0,103296332.798,4854783.86363,150.0,8526244.0,983169024.0,2.27443327,1874.99999993,5924527650.34,1.93e-05,552.895404771,20326.0,354.38,9382.0,151621760.359
2017-12-21,26661.0,90157070.2885,4577497.32853,154.0,5915204.0,352177984.0,1.50092579,1924.99999992,7519762387.29,1.93e-05,539.271824508,20677.0,449.75,7009.0,126852855.092
2017-12-22,18932.0,68964608.6405,4598962.57588,137.0,4073147.0,313312992.0,1.1429871,1712.49999995,6963474844.24,1.93e-05,654.677973834,15902.0,416.44,4881.0,105968495.771
2017-12-23,19257.0,24849568.024,4395975.64351,149.0,4272868.0,217778000.0,0.84882892,1862.49999997,5163539687.86,1.93e-05,344.80549149,17534.0,308.76,4557.0,33035524.13
2017-12-24,13885.0,32023898.3102,4436668.13428,154.0,3048880.0,144898000.0,0.65179163,1924.99999993,5595446065.66,1.93e-05,424.1926725,14677.0,334.55,3443.0,38402915.7745
2017-12-25,14843.0,36918191.7005,4278210.82104,152.0,3958697.0,104619000.0,0.82478433,1899.99999993,5143493586.6,1.93e-05,369.956885615,16496.0,307.49,3659.0,45792115.5458
2017-12-26,18429.0,40524066.2276,4244271.35715,145.0,4394872.0,110025000.0,0.72922149,1812.49999999,5116197697.54,1.93e-05,366.990097481,12481.0,305.83,3782.0,44489195.8023
2017-12-27,23672.0,21244118.6124,4222892.36486,147.0,4744811.0,135076992.0,0.85872062,1837.49999999,5146254871.95,1.93e-05,331.496063974,12895.0,307.59,4690.0,24551765.6978
2017-12-28,14828.0,20955030.1723,3872836.89552,155.0,2941038.0,134169000.0,0.74959362,1937.49999996,5334080369.58,1.93e-05,330.872039467,12916.0,318.78,4054.0,31042908.9142
2017-12-29,16566.0,26111007.2326,3443511.90922,151.0,3695294.0,114615000.0,0.5756716,1887.49999997,4782236338.88,1.93e-05,533.043680395,12724.0,285.77,4268.0,30535741.9873
2017-12-30,15107.0,34127565.4854,4253492.28861,146.0,3358612.0,96001296.0,0.6216014,1824.99999997,4704894306.6,1.93e-05,354.895311142,13330.0,281.12,3911.0,38916589.6984
2017-12-31,13221.0,17856899.8407,3596181.13917,141.0,2842646.0,78952096.0,0.40896483,1762.49999998,4186609346.74,1.93e-05,278.551673156,13930.0,250.12,3364.0,20899253.5626
2018-01-01,13400.0,35292823.9282,3646756.09152,148.0,3403492.0,143836000.0,0.62964733,1849.99999995,4379782425.96,1.93e-05,392.428671672,13623.0,261.63,3395.0,42951151.5894
2018-01-02,16295.0,40337142.0454,3514714.48874,149.0,3916553.0,117571000.0,0.93382006,1862.49999995,4611010669.75,1.93e-05,436.025904215,13218.0,275.42,4094.0,47638608.0123
2018-01-03,16111.0,45416347.2808,3311217.50121,142.0,4476601.0,106643000.0,0.93311528,1774.99999999,4623287162.01,1.93e-05,413.256165988,14257.0,276.12,4583.0,52509327.7336
2018-01-04,17385.0,40731206.4663,3223670.24809,154.0,3947938.0,136988000.0,0.92013885,1924.99999999,4561956836.32,1.93e-05,417.183157798,12114.0,272.43,4702.0,48970528.6549
2018-01-05,15067.0,46486284.3664,3322821.25331,139.0,3698426.0,175164992.0,0.85264457,1737.49999998,4598556706.72,1.93e-05,478.418562479,12853.0,274.58,4049.0,56313170.5432
2018-01-06,14788.0,38153543.5495,3012103.25074,152.0,3366424.0,172099008.0,0.58142292,1899.99999996,4647036076.99,1.93e-05,483.501743919,12897.0,277.45,4196.0,46705956.5836
2018-01-07,18124.0,247837823.094,2838878.2992,141.0,5118562.0,203684000.0,0.71603124,1762.49999996,5018556855.08,1.93e-05,572.607626836,12094.0,299.6,4139.0,253091038.512
2018-01-08,14582.0,102747253.826,2750078.41263,175.0,3561104.0,164036000.0,0.62370249,2187.49999998,5064135729.45,1.93e-05,525.286359642,12225.0,302.28,3921.0,162691846.576
2018-01-09,14232.0,107487890.916,2949752.22278,146.0,3433145.0,152475008.0,0.64216732,1824.99999998,4005366827.47,1.93e-05,436.941561191,13956.0,239.06,3887.0,155570923.617
2018-01-10,12857.0,59548130.8386,2478546.0835,155.0,3064973.0,131618000.0,0.48596561,1937.49999993,4036452970.97,1.93e-05,469.215564574,12158.0,240.88,3503.0,84851415.8511
2018-01-11,13474.0,31655694.7388,2751249.97293,154.0,3080238.0,122452000.0,0.48396887,1924.99999996,4067271911.35,1.93e-05,386.453110154,11304.0,242.69,3523.0,36069892.7832
2018-01-12,10872.0,30392497.1825,2558640.62651,145.0,2704793.0,113420000.0,0.45092,1812.49999998,3547169915.03,1.93e-05,237.339635676,10066.0,211.64,3153.0,36012269.3234
2018-01-13,21712.0,68539952.5907,2655401.96358,176.0,7714812.0,1160489984.0,1.49590562,2199.99999997,3694866914.6,1.93e-05,538.693488445,15374.0,220.42,6830.0,184611747.924
2018-01-14,20049.0,68707033.0456,3226343.37641,162.0,6859418.0,851848000.0,1.35414985,1987.46670759,5684236807.38,1.93e-05,679.426638913,13822.0,339.06,5876.0,121297712.745
2018-01-15,22071.0,46352420.4371,3359391.32419,149.0,9844398.0,1688999936.0,0.84783923,1862.49999996,4633767426.83,1.93e-05,585.359265702,12021.0,276.37,4673.0,53719310.6325
2018-01-16,12903.0,35791087.5075,3234170.78844,146.0,2891639.0,439329984.0,0.57787954,1824.99999997,4466252413.36,1.93e-05,332.506127531,12057.0,266.35,3864.0,41446149.8117
2018-01-17,12438.0,20647214.8672,2981792.5098,155.0,2974994.0,347983008.0,0.49132326,1937.49999997,3184340438.3,1.93e-05,601.979315361,11689.0,189.88,3167.0,26969390.8676
2018-01-18,10895.0,16263092.0035,2717174.65438,155.0,2762926.0,248324992.0,0.78271656,1937.49999996,3132918978.19,1.93e-05,475.620313644,10602.0,186.79,3043.0,21654278.9886
2018-01-19,27267.0,23960731.391,3178113.69235,142.0,6239056.0,667273984.0,1.42429814,1774.99999994,3239435645.64,1.286e-05,211.495087976,11161.0,193.12,4791.0,38589411.8372
2018-01-20,16327.0,15904938.3101,2936807.97833,159.0,4156749.0,288868992.0,0.83149177,1987.49999998,3676605842.91,1.359e-05,220.002288862,12626.0,219.16,4363.0,19638130.5118
2018-01-21,12233.0,14102862.1794,2960194.77361,161.0,2891453.0,182216992.0,0.49332687,2012.49999994,3869679635.5,1.93e-05,230.407134324,10761.0,230.64,3631.0,16457633.524
2018-01-22,12715.0,21122279.4404,3353273.15469,152.0,3241941.0,222920000.0,0.77302022,1899.99999998,3357995409.09,1.93e-05,266.474941091,11014.0,200.12,3644.0,30306260.3867
2018-01-23,13554.0,28442296.8477,3262969.18599,150.0,3516849.0,104756000.0,0.39474571,1874.99999998,3186709441.98,1.25e-05,232.724605752,12794.0,189.89,3334.0,33971806.43
2018-01-24,14671.0,14076692.7642,3141941.91196,155.0,3718364.0,89823400.0,0.50253771,1937.49999999,3172828100.29,1.213e-05,236.299300552,13191.0,189.04,4035.0,18354087.9391
2018-01-25,12465.0,12707781.2839,3002174.94617,143.0,3166549.0,65369400.0,0.78378335,1787.49999999,3240641709.49,1.213e-05,241.633148858,10496.0,193.06,3532.0,18036760.1984
2018-01-26,13112.0,17462180.387,3047751.71149,158.0,3096645.0,90095696.0,0.62125433,1974.99999996,3134067790.53,1.526e-05,248.425675995,11372.0,186.69,3282.0,20554469.6866
2018-01-27,12550.0,9674724.62901,3033698.61835,154.0,2930916.0,55528300.0,0.4954337,1924.99999998,3049539029.57,1.214e-05,262.179032648,10786.0,181.63,2905.0,12082200.9074
2018-01-28,11272.0,16421726.7503,2962574.12375,152.0,2705437.0,130075000.0,0.52352556,1899.99999996,3136699110.34,1.376e-05,277.950403092,8612.0,186.8,3303.0,19288997.9218
2018-01-29,14711.0,16619254.4502,3072447.98591,153.0,6778615.0,49388600.0,0.44065277,1912.49999998,3172104118.33,1.25e-05,330.264881056,10678.0,188.89,3032.0,19255179.4159
2018-01-30,10398.0,24737089.0916,3239592.4069,145.0,2345737.0,47888900.0,0.32100841,1812.49999999,3062190572.1,1.129e-05,446.517172015,8861.0,182.33,2968.0,26608039.3881
2018-01-31,10862.0,18342592.1325,3047585.15853,167.0,2563010.0,56636600.0,0.47398232,2087.49999997,2659809310.27,1.214e-05,396.362678412,10883.0,158.35,2764.0,21624960.1712
2018-02-01,12105.0,17371268.7848,3063561.67092,147.0,3042337.0,51720700.0,0.46910224,1837.49999997,2635607566.99,1.93e-05,271.699133641,11119.0,156.89,3362.0,20958722.7452
2018-02-02,11003.0,13244216.0945,2766794.77474,149.0,2762728.0,84321296.0,0.46302221,1862.49999995,2148788372.56,1.865e-05,296.120503841,11115.0,127.89,2918.0,14978629.6278
2018-02-03,8672.0,6525105.91167,2667629.01627,165.0,2084387.0,42576100.0,0.31148909,2062.49999998,1851002510.26,1.6e-05,232.381777522,9995.0,110.16,2298.0,7597206.20451
2018-02-04,8031.0,6663847.8205,2842255.64955,159.0,1944874.0,52606600.0,0.30574422,1987.49999999,1909659701.62,1.227e-05,237.64614307,10001.0,113.64,2142.0,7650897.51467
2018-02-05,10206.0,7781633.67769,2816967.63347,149.0,2316804.0,33394900.0,0.31678445,1862.49999996,1696246484.34,1.93e-05,180.69337458,9848.0,100.92,2903.0,9251608.81666
2018-02-06,9788.0,15271092.4319,2599641.13213,167.0,2353597.0,47319600.0,0.34619871,2087.49999998,1433255757.11,1.249e-05,257.841291708,9835.0,85.27,2499.0,16575689.9445
2018-02-07,8193.0,13290672.3316,2727316.10565,145.0,2134881.0,35079700.0,0.24203883,1812.49999998,1556773398.17,1.249e-05,193.117685216,8146.0,92.6,2227.0,16579371.2381
2018-02-08,7881.0,14724166.3203,2555051.00404,162.0,1998778.0,95463000.0,0.29907763,2024.99999997,1472517191.69,1.87e-05,238.677536004,9361.0,87.58,2174.0,15923094.1734
2018-02-09,11580.0,15301034.7926,2957418.86179,141.0,3135892.0,110290000.0,0.42373522,1762.49999997,1747170654.12,1.93e-05,357.595364841,9029.0,103.91,2883.0,18083241.2268
2018-02-10,9880.0,11888987.205,3348431.72851,158.0,2347437.0,72058400.0,0.31020908,1974.99999997,2780239079.56,1.525e-05,412.844585739,9925.0,165.33,2770.0,13896080.8473
2018-02-11,9009.0,5083897.61152,2796510.61483,160.0,5427991.0,53976000.0,0.34387012,1999.99999998,2184124486.88,1.582e-05,198.44735886,8542.0,129.86,1958.0,6458546.41644
2018-02-12,8551.0,5444196.32074,2806137.67566,164.0,1918041.0,32417600.0,0.2556619,2050.0,2076720953.98,1.41e-05,252.829067212,8995.0,123.46,2253.0,6488140.04861
2018-02-13,11529.0,7007474.74668,2982001.12008,153.0,4019193.0,84443104.0,0.73869275,1912.49999993,1941498988.05,1.826e-05,277.407244247,7009.0,115.41,2219.0,7790512.33177
2018-02-14,10459.0,7203486.19379,2796694.5866,137.0,2442525.0,84193696.0,0.50007434,1712.49999999,2046421848.66,1.865e-05,219.16385759,9853.0,121.63,2417.0,8383036.36344
2018-02-15,8512.0,5952310.13931,2727247.36019,163.0,2081150.0,52837400.0,0.44316962,2037.49999996,2156951755.58,1.228e-05,256.375180056,8057.0,128.19,2259.0,7076824.8066
2018-02-16,9045.0,7624994.84752,2767557.18561,162.0,2402106.0,83658704.0,2.76687677,2024.99999998,2225388420.67,1.93e-05,208.292716206,8643.0,132.26,2390.0,8788254.58594
2018-02-17,8562.0,5052173.4945,2795062.80913,193.0,2818659.0,53976000.0,0.66557633,2412.49999998,2375315777.14,1.558e-05,216.038574946,8209.0,141.13,2361.0,5812530.35357
2018-02-18,8537.0,6236259.1232,3021724.51272,161.0,2023351.0,65481300.0,0.47847384,2012.49999997,2415461753.88,1.92e-05,169.01016146,8559.0,143.5,2347.0,7444930.84277
2018-02-19,8377.0,5436696.65437,2820076.19638,163.0,2766999.0,43253800.0,0.84404115,2037.5,2214504606.99,1.671e-05,202.463531998,8625.0,131.54,2175.0,7599015.70025
2018-02-20,20093.0,102609476.898,2852217.9315,181.0,16493370.0,52897600.0,1.26081788,2262.49999999,2377246042.42,1e-05,1.9183682966,8401.0,141.19,13292.0,104713604.745
2018-02-21,7953.0,5989137.9143,3233265.24766,154.0,2210698.0,40865000.0,0.45329348,1924.99999997,2224943490.55,1.93e-05,241.314555247,9193.0,132.13,1969.0,7156875.78317
2018-02-22,7951.0,20009759.0846,3114388.47409,152.0,2145537.0,42122500.0,0.98367987,1900.0,2076183740.4,1.93e-05,226.033142786,8221.0,123.28,1886.0,20754624.2601
2018-02-23,6912.0,4779687.76463,3429383.23165,163.0,1878026.0,46248700.0,0.61024025,2024.99990081,1999173948.73,1.93e-05,186.935483168,7116.0,118.7,1813.0,5594848.15608
2018-02-24,7708.0,5566097.76364,3301227.21823,150.0,1998009.0,24640700.0,0.86347171,1862.49999988,2086818336.87,1.93e-05,198.612599569,7599.0,123.89,1729.0,6731181.22994
2018-02-25,7358.0,6353023.67763,3202575.91427,158.0,1694576.0,19969000.0,0.57265205,1974.99999998,1984905220.9,1.93e-05,252.79253031,7728.0,117.83,1794.0,7934973.15253
2018-02-26,7935.0,5821612.2179,3367723.89603,147.0,1916870.0,24567900.0,0.28362635,1837.49999999,1941168085.26,1.93e-05,223.159893229,7178.0,115.21,1907.0,7247523.50914
2018-02-27,11250.0,11095808.6792,3097652.79039,166.0,3567658.0,36913200.0,1.30799397,2062.5,2019628809.85,1.584e-05,313.861387044,7630.0,119.85,2472.0,11540845.7797
2018-02-28,37333.0,12299280.2842,3258659.51335,152.0,20939209.0,21112300.0,0.86581941,1899.99999998,2028266459.27,9.849e-05,29.4191302104,8211.0,120.36,4140.0,15607459.6744
2018-03-01,34991.0,7514417.59455,3315155.95517,173.0,20933976.0,26936600.0,0.57896304,2162.49999997,1905790268.66,9.849e-05,24.9817400736,8242.0,113.07,4093.0,9981844.78303
2018-03-02,35832.0,9147419.04447,3691981.8874,137.0,22272386.0,30317000.0,2.58719201,1712.49999998,1914361100.04,9.849e-05,22.8846650461,8235.0,113.57,4675.0,76797750.6908
2018-03-03,35872.0,6422272.59359,3190554.39009,167.0,23592780.0,19943900.0,0.97296976,2087.49999998,1881575631.95,9.849e-05,20.1130684528,9510.0,111.61,4618.0,8502441.8811
2018-03-04,34260.0,4227475.37407,3081405.0789,173.0,29964123.0,19616800.0,1.32989421,2162.49999999,1882454033.3,9.849e-05,18.3548681085,8665.0,111.65,4533.0,4926283.60169
2018-03-05,37896.0,5526780.5593,3152392.21573,146.0,22710895.0,22328900.0,1.37216546,1812.49957855,1906552666.98,9.849e-05,17.4471331582,7367.0,113.06,4644.0,6555657.46556
2018-03-06,37632.0,6963080.1508,3163884.06855,181.0,22005929.0,25065500.0,1.1350718,2262.49999999,1867861451.45,9.849e-05,16.155348378,7386.0,110.76,4335.0,8522340.32511
2018-03-07,39051.0,7020426.79725,3300245.18804,156.0,21977452.0,28628100.0,1.15931893,1949.99999999,1738789315.1,9.849e-05,13.1956787586,7198.0,103.09,4508.0,8356103.06135
2018-03-08,29973.0,5728708.13144,3111025.21482,156.0,16846973.0,22878700.0,1.35690454,1949.99999999,1543412051.07,9.849e-05,10.531753395,7043.0,91.5,3577.0,6607542.13644
2018-03-09,7315.0,4154607.44721,3110449.46112,180.0,1867096.0,27151600.0,0.94495557,2249.99999997,1467055207.89,1.262e-05,270.41020815,7137.0,86.96,1901.0,4904530.67267
2018-03-10,7008.0,3651845.53199,2953397.80549,172.0,1782006.0,19514900.0,0.84474171,2149.99999998,1446358090.37,1.87e-05,246.13464474,6757.0,85.72,1700.0,4938351.35101
2018-03-11,6213.0,2891065.99124,3173817.80928,140.0,1607181.0,18510800.0,0.72876194,1749.99999999,1368226468.26,1.404e-05,165.401635156,6066.0,81.08,1529.0,3537113.29434
2018-03-12,6742.0,6822620.20375,3041711.97465,149.0,1570850.0,16334300.0,0.77401173,1862.49999999,1429103437.15,1.249e-05,279.935005125,6044.0,84.68,1539.0,7361038.67792
2018-03-13,7636.0,6092203.40904,2857889.99884,171.0,2535248.0,17303400.0,0.6892623,2137.49999999,1345624192.74,1.25e-05,180.165753082,7828.0,79.72,1604.0,7126326.74739
2018-03-14,7185.0,33414903.2663,2841242.87406,178.0,1844614.0,23511600.0,1.11169941,2224.99999999,1335283257.93,1.214e-05,333.727797081,6616.0,79.1,1881.0,43307375.0845
2018-03-15,9545.0,50535257.6133,2870687.44396,165.0,2356719.0,31260500.0,1.31956561,2062.49999999,1157007347.14,1.323e-05,665.315029895,10186.0,68.53,2213.0,158449198.602
2018-03-16,6798.0,87680048.572,2894601.06866,144.0,1898242.0,28649700.0,0.75909104,1799.99999999,1118711099.35,1.214e-05,331.884949275,6875.0,66.25,1928.0,296162082.091
2018-03-17,6810.0,24159876.2832,2954218.33958,156.0,1937607.0,15795900.0,0.82503251,1950.0,1067240901.84,1.214e-05,323.563173072,7798.0,63.2,1752.0,42367475.3933
2018-03-18,6313.0,12059645.0561,3281551.25491,131.0,1526284.0,26012900.0,0.71027113,1637.49999997,989850813.151,1.213e-05,293.143820544,6211.0,58.61,1753.0,16800030.1402
2018-03-19,7443.0,35865535.9432,2723182.82862,167.0,1842668.0,42187500.0,0.81678977,2087.5,1010541670.6,1e-05,203.438997703,8312.0,59.83,2228.0,57703994.6626
2018-03-20,7429.0,38768904.1387,2892241.96217,168.0,2332806.0,42417800.0,1.06035749,2100.0,1155246203.75,1.003e-05,276.587816792,8177.0,68.39,2068.0,87268619.545
2018-03-21,34918.0,61212497.802,2944574.07016,161.0,21180757.0,32135500.0,1.67113933,2012.5,1121052279.11,9.849e-05,6.9616968708,9404.0,66.36,4433.0,210104422.954
2018-03-22,36170.0,59882133.2279,2993365.84857,146.0,21060623.0,25006000.0,0.84827047,1824.99999997,1104140010.49,9.849e-05,6.0427779185,7579.0,65.35,3925.0,91544445.3638
2018-03-23,33769.0,51332193.0526,2748677.21376,163.0,21946435.0,25689800.0,1.10215405,2037.5,1045162902.86,9.849e-05,5.179729684,8396.0,61.85,4081.0,166864584.6
2018-03-24,23634.0,23053616.8258,2813613.12819,163.0,21629985.0,24780300.0,0.90331787,2037.5,1026260927.05,9.849e-05,4.5480196872,8007.0,60.72,3839.0,32170638.3028
2018-03-25,21782.0,5984373.3823,2927837.17946,164.0,11491496.0,19231100.0,0.96094326,2049.99999998,1014190995.04,9.849e-05,5.517147,6906.0,60.0,2583.0,6935896.84942
2018-03-26,12408.0,11105192.8183,2969345.22438,151.0,6889932.0,20747400.0,0.65716996,1887.49999998,1022878837.06,2.245e-05,163.307308818,7977.0,60.51,2230.0,14407674.7093
2018-03-27,24870.0,13276046.8044,2727912.4822,154.0,11916438.0,14757300.0,0.84461117,1924.99999999,954545543.64,9.71e-05,35.469213687,6205.0,56.46,2610.0,17492263.9771
2018-03-28,11926.0,8749412.48032,2562114.32239,184.0,7817762.0,14219400.0,0.87975871,2299.99999999,889949550.626,3.74e-05,340.410260544,6672.0,52.63,2092.0,14214196.7362
2018-03-29,24473.0,12591323.0944,2854994.15287,147.0,19382238.0,16339100.0,1.40065924,1837.5,899638657.042,9.849e-05,34.4123402,7071.0,53.2,3526.0,54436604.8788
2018-03-30,34808.0,2425742.05769,2608589.69367,188.0,21708746.0,13761600.0,0.9728308,2349.99999999,772857514.433,9.849e-05,2.938347765,7289.0,45.7,3705.0,3046054.99809
2018-03-31,34810.0,4507824.57541,2517718.67056,172.0,21126305.0,7037180.0,0.88182843,2149.99999999,753140512.503,9.849e-05,2.6668152252,6870.0,44.52,3411.0,6804549.37348
2018-04-01,31417.0,8930536.30056,2726924.43727,143.0,21553181.0,8668900.0,1.16841049,1787.49999999,751051672.722,9.849e-05,2.410498644,6631.0,44.4,3498.0,16864887.2576
2018-04-02,33392.0,2215562.38362,2416614.08114,186.0,25111307.0,8366690.0,0.96226229,2324.99999999,700761442.752,9.849e-05,2.0813189646,7893.0,41.42,3641.0,2809823.48678
2018-04-03,33838.0,2986724.99433,2767427.33779,135.0,21648829.0,21330600.0,1.03220455,1687.5,727979566.476,9.849e-05,1.9998767628,7802.0,43.02,3864.0,4157631.04152
2018-04-04,33479.0,6408100.03584,2586477.09939,164.0,21389611.0,11470400.0,1.03503192,2049.99999998,792725726.412,9.849e-05,2.0110866416,7487.0,46.84,3545.0,7459302.69976
2018-04-05,32400.0,3801427.8452,2183185.25678,190.0,21440446.0,15492900.0,1.2111007,2375.0,713231286.839,9.849e-05,1.6560548032,6280.0,42.14,3731.0,6671318.41197
2018-04-06,23685.0,4995257.24049,2538017.40108,158.0,13295997.0,7731100.0,0.48304773,1974.99999999,704096557.866,9.849e-05,1.5380863708,6590.0,41.59,2643.0,6540844.93215
2018-04-07,5454.0,2120209.32419,2528102.2826,145.0,1351527.0,6153040.0,0.51274874,1812.49999999,672728758.309,1.074e-05,134.397419333,5596.0,39.74,1235.0,2524835.47079
2018-04-08,4898.0,2332763.01945,2406189.34201,168.0,1396707.0,5044870.0,0.69474664,2100.0,697763159.492,1.213e-05,131.158491296,7100.0,41.21,1235.0,3014418.80778
2018-04-09,5831.0,5503139.807,2329467.87289,164.0,1453485.0,8747160.0,0.63580717,2049.99999999,712799705.471,1.085e-05,204.382643162,7538.0,42.09,1316.0,7375333.35419
2018-04-10,11589.0,3038469.67788,2289165.94212,179.0,4776568.0,7640680.0,0.69906157,2237.5,698012622.436,2.445e-05,435.314556054,6803.0,41.22,1572.0,3449661.51087
2018-04-11,28584.0,4954854.40717,2503783.04806,141.0,15465675.0,13074500.0,0.90820767,1762.49999999,691240814.497,9.849e-05,1.4528976231,7590.0,40.81,3011.0,6008359.8524
2018-04-12,6670.0,12025234.7274,2287197.46191,153.0,1807483.0,30858900.0,0.73543691,1912.49999999,718350027.945,9.66e-06,301.564700908,7770.0,42.41,1703.0,64418652.6264
2018-04-13,6923.0,4825282.70854,2185010.98329,173.0,1775162.0,22189300.0,0.86335934,2162.5,786204709.218,1.074e-05,255.517068452,6884.0,46.41,1758.0,6492827.59638
2018-04-14,6158.0,1623909.62503,2257802.95839,151.0,1540966.0,10333700.0,0.78505591,1887.49999999,764097531.248,1.214e-05,135.299066881,7026.0,45.1,1426.0,2401759.80883
2018-04-15,5946.0,2459927.04209,2108591.91253,175.0,1477741.0,14013200.0,0.68384301,2187.5,775517863.394,1.09e-05,196.800022523,6306.0,45.77,1387.0,3066772.8966
2018-04-16,13721.0,5059074.35361,2498505.00047,155.0,4633352.0,63597200.0,0.87332939,1937.49999999,829252193.524,1.558e-05,184.096248895,8009.0,48.93,2207.0,6536759.30752
2018-04-17,62698.0,5921799.98113,2449050.94249,158.0,44458864.0,20651400.0,1.23797154,1975.0,894295172.941,0.00010543,2.0377357624,8395.0,52.76,4006.0,7298207.57842
2018-04-18,53784.0,11130083.6715,2367926.38292,181.0,55316962.0,26852500.0,1.52914738,2262.49999999,866455881.811,0.00010543,1.8563565991,8199.0,51.11,4046.0,16796229.8424
2018-04-19,23512.0,4493850.96312,2574652.40846,147.0,32784337.0,37101100.0,1.0834604,1837.49999999,938230786.401,3.74e-05,63.774704207,7397.0,55.34,3010.0,5679101.20364
2018-04-20,8619.0,6447755.87403,2483032.37369,149.0,2336994.0,70074096.0,0.79471351,1862.5,1015455864.15,1.93e-05,457.941116069,7278.0,59.89,2082.0,8119909.97859
2018-04-21,8989.0,8199135.66523,2412895.2187,185.0,2608348.0,48952400.0,0.71558916,2312.5,1186025903.35,1.3e-05,305.134576105,7573.0,69.94,2049.0,9643615.857
2018-04-22,7650.0,4058437.68847,2847842.94136,145.0,1878888.0,25525000.0,0.9705582,1812.49999997,1130106519.94,1.3e-05,226.575872051,7783.0,66.64,1691.0,4600747.12051
2018-04-23,13296.0,16421045.0553,2755827.89059,166.0,5653196.0,114377000.0,0.96458219,2062.49999997,1116721075.06,1.225e-05,461.368157512,8426.0,65.84,2643.0,24112375.1515
2018-04-24,16350.0,28074437.7288,3018419.88027,147.0,3893120.0,148078000.0,0.8958191,1837.5,1322590003.08,1.107e-05,632.267474335,9534.0,77.97,3376.0,37769879.9403
2018-04-25,28440.0,12902928.5299,2700542.74502,169.0,16672992.0,89533400.0,1.15946366,2112.49999999,1428527304.04,5.062e-05,63.695139428,8714.0,84.2,4088.0,16077098.632
2018-04-26,9952.0,7177673.81758,2655468.30286,163.0,3750288.0,49274200.0,1.06831949,2037.5,1211387636.13,1.806e-05,412.940947124,7867.0,71.39,2090.0,8391859.69898
2018-04-27,15865.0,8103561.64254,2570617.22199,167.0,5800035.0,31251900.0,0.85672074,2087.49999999,1344870297.71,1.34e-05,465.92630836,8085.0,79.25,2139.0,9577167.60171
2018-04-28,8892.0,5404136.86118,2600798.70174,173.0,3511488.0,24300200.0,0.80887721,2162.5,1245769691.68,1.9e-05,257.728066504,7691.0,73.4,1809.0,6185571.30856
2018-04-29,9347.0,8664928.73975,2624028.31611,172.0,3978304.0,47669300.0,0.73437426,2149.99999998,1321283497.42,1.2e-05,389.199551642,7165.0,77.84,1920.0,9697491.9057
2018-04-30,9202.0,7970656.73281,2669961.11472,161.0,3585566.0,24958700.0,0.67443363,2012.49999999,1335567301.48,1.18e-05,512.026926764,7998.0,78.67,1982.0,11257353.6256
2018-05-01,8109.0,4796424.72369,2432139.3804,168.0,3166743.0,20320400.0,0.5250817,2099.99999999,1244199986.33,1.41e-05,308.78586655,7245.0,73.28,1623.0,6044642.85589
2018-05-02,9997.0,5685618.10691,2528745.49168,166.0,3618396.0,33903200.0,0.57649846,2075.0,1216690227.21,1.89e-05,402.965519007,7590.0,71.65,1862.0,7987643.58094
2018-05-03,9348.0,8913433.29848,2647286.44741,159.0,3679789.0,38523900.0,0.72247506,1987.5,1290795164.43,1.228e-05,475.343220892,8485.0,76.01,2130.0,11523337.3711
2018-05-04,37111.0,22051080.8638,2553244.21693,164.0,25290092.0,26634700.0,1.08638913,2050.0,1306427075.31,9.043e-05,2.61228012,7065.0,76.92,3970.0,23783565.387
2018-05-05,36178.0,18411570.0044,2410557.44798,171.0,23147968.0,61619100.0,0.79479926,2137.5,1273783814.9,9.043e-05,2.0629426543,5960.0,74.99,4419.0,32012714.6036
2018-05-06,18541.0,10477080.698,2523629.25221,171.0,9613873.0,67628600.0,0.79326431,2137.49999998,1368064943.85,5.302e-05,113.214070887,7518.0,80.53,2552.0,13960392.1487
2018-05-07,8601.0,5199916.65199,2530722.3304,164.0,3096068.0,26749600.0,0.68104502,2049.99999999,1320527718.5,1.785e-05,357.980846677,7148.0,77.72,1504.0,6000525.70642
2018-05-08,7207.0,4374085.18117,2546316.09884,152.0,2934152.0,24173700.0,0.77356357,1899.99999998,1253488110.88,1.92e-05,194.865641543,6444.0,73.77,1572.0,5056374.9235
2018-05-09,8740.0,7500040.19303,2393451.73962,160.0,3779054.0,24826900.0,0.52464161,1999.99999997,1217117081.09,1.93e-05,223.492180266,7929.0,71.62,1763.0,9946398.57277
2018-05-10,7971.0,6360531.0334,2479384.68653,155.0,3182772.0,21005700.0,0.87100417,1937.5,1196094094.27,1.93e-05,356.416000376,7172.0,70.37,1586.0,9148521.46177
2018-05-11,8618.0,8581407.88304,2190075.899,193.0,3712441.0,34785000.0,1.0698617,2412.49999999,1098898442.9,1.558e-05,599.883267353,7628.0,64.65,1856.0,11980240.6701
2018-05-12,7819.0,7127434.20131,2180871.21719,174.0,3084854.0,22741400.0,0.50770764,2175.0,966313877.994,1.66e-05,319.991975206,7051.0,56.84,1605.0,9120784.93546
2018-05-13,6821.0,4531986.3981,2127246.3939,169.0,2667068.0,16482100.0,0.68705575,2112.5,975435541.004,1.14e-05,203.678742635,6178.0,57.37,1304.0,6140428.7256
2018-05-14,30691.0,5657586.92281,2176314.75305,153.0,19344257.0,22368900.0,0.76024862,1912.49999999,1016810061.59,0.00012043,7.1484953895,6042.0,59.79,2993.0,6982602.23709
2018-05-15,52258.0,24326598.0293,1977335.38416,144.0,42428424.0,34357600.0,1.01974552,1800.0,993830885.084,0.00012043,1.7435030508,7382.0,58.44,5188.0,26153277.2399
2018-05-16,79322.0,5900785.02682,1960412.04262,187.0,74435583.0,21224900.0,1.68472213,2337.5,992076605.205,0.00030041,3.6753523012,7098.0,58.33,4133.0,22152870.4485
2018-05-17,34914.0,6571729.62167,2348654.04814,143.0,19078235.0,21261100.0,0.60730673,1787.49999999,1017290009.15,6.7e-05,13.128792196,4433.0,59.8,2097.0,12076287.5726
2018-05-18,83431.0,7308845.74537,2403022.25947,156.0,66984504.0,20822400.0,2.69460767,1950.0,906104684.269,0.00024042,1.9646793796,4211.0,53.26,3930.0,10016919.7209
2018-05-19,67216.0,2461110.26313,1701316.72152,155.0,46586472.0,13166900.0,0.97109543,1937.49999998,922864795.528,0.00024042,1.9395996192,3948.0,54.24,2808.0,3305867.339
2018-05-20,4086.0,2703580.52487,1800111.68521,160.0,950825.0,14230500.0,0.3037503,1999.99999999,904771766.107,2.012e-05,251.748521109,5022.0,53.17,802.0,3031888.55276
2018-05-21,4607.0,1933676.09211,1873877.69428,162.0,1234740.0,12601400.0,0.54334353,2024.99999999,953667966.371,2.028e-05,353.566057722,5774.0,56.04,929.0,2471606.96138
2018-05-22,132659.0,1871708.61552,1789363.55432,179.0,99733725.0,11871600.0,1.51939602,2237.49999999,917759767.415,0.00024042,1.294379256,5305.0,53.92,5353.0,2150458.65239
2018-05-23,139054.0,1941732.75891,1654534.27237,156.0,115608802.0,16724500.0,1.6370354,1950.0,861458020.204,0.00024042,1.1539773357,5985.0,50.61,5916.0,2322609.24637
2018-05-24,88808.0,1811154.7321,1596075.56744,160.0,63205421.0,15457600.0,1.19727753,1999.99999999,772061786.335,0.00023287,0.769868856,6056.0,45.35,3654.0,2309035.74052
2018-05-25,93251.0,6707306.22198,1596311.71456,160.0,56090682.0,10904200.0,1.0752087,1999.99999998,800068004.171,0.00023137,0.7449663028,5039.0,46.99,3325.0,7056183.14599
2018-05-26,163837.0,4029328.0404,1756438.03012,168.0,108844362.0,10607800.0,1.61894788,2100.0,770354851.798,0.00023287,0.6161289888,4424.0,45.24,5454.0,6999736.65683
2018-05-27,24439.0,879393.831853,1900901.53393,160.0,8152579.0,10054500.0,0.42308685,1999.99999998,757216471.249,2.299e-05,16.3069383204,4750.0,44.46,1056.0,961779.367846
2018-05-28,4438.0,1925727.78849,1628642.50243,165.0,1155933.0,11881700.0,0.5218019,2062.49999999,754889355.81,1.14e-05,194.395284864,6147.0,44.32,1098.0,2469820.64098
2018-05-29,4064.0,2657084.69801,1787751.76559,159.0,1173744.0,14634600.0,0.59531866,1987.5,689580716.183,1.09e-05,94.098860768,4907.0,40.48,1043.0,3492393.92023
2018-05-30,4116.0,1794787.71794,1633593.7341,143.0,1290711.0,11323700.0,0.80070958,1787.49999999,737449513.755,1e-05,130.301946754,4619.0,43.29,1091.0,2295942.12778
2018-05-31,94554.0,5939059.13227,1656423.04813,161.0,45179193.0,16443900.0,0.83503516,2012.49999999,718066691.498,0.00023438,0.5159195986,5201.0,42.14,2973.0,6424353.402
2018-06-01,138770.0,3247414.32718,1791353.3698,171.0,74017405.0,13487000.0,1.34707778,2137.5,755362865.758,0.00023438,0.5264369253,6255.0,44.33,4662.0,3820947.1424
2018-06-02,3753.0,1635661.01993,1643121.43077,166.0,941701.0,13231300.0,0.3297905,2075.0,747271756.227,1.34e-05,87.69901776,4231.0,43.85,963.0,2402926.04894
2018-06-03,148352.0,2338424.00883,1793546.80375,146.0,76536340.0,16811300.0,1.2163365,1824.99999999,773450949.156,0.00023739,0.502066168,4810.0,45.38,4101.0,2838771.45419
2018-06-04,100393.0,4324130.1796,1852683.01276,154.0,42782372.0,17414900.0,1.05807466,1924.99999999,798668926.634,0.00023739,0.5205986055,5656.0,46.85,2730.0,5112991.41565
2018-06-05,4030.0,1553835.36486,1788952.95261,154.0,1183605.0,14410700.0,0.39656732,1924.99999998,755388714.466,1.672e-05,153.658910122,5209.0,44.31,859.0,1719659.24555
2018-06-06,3923.0,3100282.81118,1751481.97994,155.0,1700163.0,13529300.0,0.40759321,1937.49999999,779293768.847,1.09e-05,128.298612322,4847.0,45.7,854.0,3616364.11696
2018-06-07,3757.0,2773378.71959,1858618.55995,145.0,1140672.0,11735500.0,0.41862151,1812.49999999,767172549.682,1.09e-05,142.536244089,4434.0,44.99,841.0,3354186.21443
2018-06-08,3988.0,4167521.05542,1797655.21829,146.0,1076350.0,14026800.0,0.61771697,1824.99999999,767667563.683,1.115e-05,178.959160917,6279.0,45.01,844.0,4362831.46363
2018-06-09,4047.0,2575895.36871,1849946.22958,139.0,1131160.0,11494000.0,0.83918464,1737.49999999,748830122.246,1.42e-05,147.424907126,5512.0,43.9,917.0,3262874.02773
2018-06-10,4952.0,4612568.39546,1732437.0557,196.0,1705807.0,18470500.0,0.80779527,2449.99999996,743913607.282,1.7e-05,348.87925863,5806.0,43.61,1379.0,6399643.86749
2018-06-11,199769.0,1928321.16867,1861521.24917,155.0,106309820.0,12494400.0,1.75118818,1937.49999989,619465038.545,0.00023889,0.3810364138,5180.0,36.31,5898.0,2289117.41179
2018-06-12,197112.0,11188517.7574,1902593.26403,150.0,80944752.0,14100300.0,1.55924838,1874.99999994,635045069.256,0.00023889,0.3800162,6307.0,37.22,4554.0,13308188.1998
2018-06-13,49732.0,11116664.0989,1904720.03625,141.0,20479844.0,12752500.0,1.25183418,1762.49999987,591294853.273,5.221e-05,42.3615809925,5921.0,34.65,2008.0,16951172.4667
2018-06-14,86020.0,5806731.41476,1796052.19002,162.0,39478496.0,14021800.0,1.01762174,2024.99999978,557605222.02,0.00028384,0.383287707,5749.0,32.67,2317.0,8326014.68657
2018-06-15,98822.0,4795718.98947,1748256.4559,147.0,49379527.0,12128900.0,0.96351033,1837.49999989,588259350.844,0.00023137,0.2895835041,4829.0,34.47,2958.0,5831830.00176
2018-06-16,108904.0,5527544.21414,1804195.93903,173.0,68334806.0,10215900.0,1.29944378,2162.49999994,552320270.746,0.00023137,0.2555504796,5546.0,32.36,3697.0,6045286.26696
2018-06-17,85520.0,11237972.637,1935498.40713,165.0,79459114.0,9034540.0,1.46523956,2062.49999988,557846948.65,0.00023068,0.2139742608,5171.0,32.68,4400.0,12006498.3112
2018-06-18,19096.0,5959161.79046,1859014.50195,162.0,8447785.0,14186100.0,0.60562122,2024.9999997,546818948.202,3.697e-05,56.4400091896,4285.0,32.03,1184.0,19866783.8978
2018-06-19,75077.0,8046281.53381,1827586.1294,154.0,69587926.0,10952800.0,1.17513986,1924.99999994,550770828.092,0.00023287,0.121587015,3830.0,32.25,3729.0,12651360.3389
2018-06-20,3852.0,6651275.06561,1791365.43825,154.0,1258062.0,12899000.0,0.70990358,1924.99999993,567107425.944,1.277e-05,194.933853852,5886.0,33.21,806.0,12021793.9727
2018-06-21,3783.0,3822211.17551,1876110.73218,149.0,1224984.0,11528700.0,0.62959404,1862.49999982,542208066.194,1.45e-05,174.595602357,4542.0,31.75,807.0,8201866.35795
2018-06-22,4187.0,2047091.13745,1741387.95112,149.0,1406892.0,12549900.0,0.73372381,1862.4999998,540348137.885,1.09e-05,315.947641484,5459.0,31.63,945.0,3337552.42898
2018-06-23,3507.0,5077252.66161,1790952.65935,161.0,1229475.0,9861810.0,0.53842739,2012.49999978,449545824.189,9.65e-06,324.149707162,4969.0,26.31,900.0,22075546.0362
2018-06-24,3406.0,2751895.73429,1943454.0473,134.0,1068705.0,12391100.0,0.5863334,1674.99999997,439727360.571,1.265e-05,201.689527783,4116.0,25.74,860.0,3816723.5712
2018-06-25,16839.0,1450474.4613,1712837.62313,160.0,35705619.0,8861650.0,1.15161229,1999.99999985,410269844.131,0.00022836,0.051851996,5239.0,24.01,2449.0,2355164.62419
2018-06-26,17490.0,3544586.03673,1895552.56323,148.0,15274147.0,9377090.0,0.83116203,1849.99999999,439232130.701,0.0001,93.522218788,3888.0,25.7,1370.0,11685782.456
2018-06-27,3530.0,3974580.51493,1823974.87634,155.0,1267053.0,8210370.0,0.50713576,1937.5,417083074.723,9.65e-06,203.163367976,4502.0,24.4,848.0,4455746.08583
2018-06-28,3090.0,821571.198527,1736483.47767,157.0,890940.0,9298970.0,0.37755301,1962.49999999,422965608.421,9.79e-06,163.898198951,3440.0,24.74,692.0,1025356.64838
2018-06-29,3047.0,1226404.78687,1810429.6895,148.0,946676.0,9678440.0,0.66345757,1850.0,400358237.927,1.006e-05,164.201875648,3562.0,23.42,693.0,2232014.75439
2018-06-30,3246.0,936665.514711,1923568.7827,149.0,924615.0,12016800.0,0.6398012,1862.49999999,416574674.069,1.013e-05,220.964898736,4858.0,24.37,827.0,1812818.77901
2018-07-01,3141.0,631112.69272,1908465.08028,141.0,978599.0,12607800.0,0.50535033,1762.5,450357987.702,7.44e-06,136.399466904,4272.0,26.34,701.0,841109.341909
2018-07-02,3246.0,468428.726656,1816527.0713,151.0,899290.0,16719900.0,0.59971614,1887.5,460997007.626,1.085e-05,121.338009819,5085.0,26.96,758.0,605708.927368
2018-07-03,3122.0,350370.919506,1284605.35832,181.0,1051634.0,13432500.0,0.94689209,2262.49999994,499973349.735,1.14e-05,120.887397546,5220.0,29.23,607.0,471537.42338
2018-07-04,2848.0,411449.831245,90346.6363489,171.0,846399.0,12865000.0,0.50151345,2137.49999992,491954453.167,5.88e-06,123.782031962,4447.0,28.76,698.0,465438.784788
2018-07-05,4118.0,624424.096621,120653.098273,149.0,1231252.0,11143500.0,1.04007255,1862.49999987,508333220.035,5.8e-06,138.713858362,6155.0,29.72,825.0,1350970.84221
2018-07-06,3993.0,966446.24816,121753.841704,146.0,1002443.0,12468600.0,0.99824964,1824.99999991,490344185.357,7.77e-06,163.379320384,6914.0,28.66,924.0,1389309.01177
2018-07-07,3498.0,1127242.86896,123739.121383,136.0,907307.0,15383000.0,0.55173616,1699.99999992,511650047.109,8.94e-06,163.39885653,5854.0,29.9,762.0,1449712.55047
2018-07-08,3811.0,978575.663055,123267.381257,152.0,1128505.0,9954600.0,0.77143119,1899.99999996,530333928.2,1.18e-05,142.714701434,6866.0,30.99,897.0,1360957.70421
2018-07-09,4187.0,1882432.65405,141912.568221,137.0,1350531.0,12223400.0,1.12493298,1712.49999996,521613392.918,1.147e-05,161.818570241,7606.0,30.48,964.0,2472944.04618
2018-07-10,5090.0,1833468.84006,126675.155229,145.0,1642250.0,8713120.0,0.82307901,1812.49999991,521065757.566,1.155e-05,251.052127479,7583.0,30.44,842.0,2077945.70164
2018-07-11,3930.0,3796511.93032,137865.653131,148.0,1166833.0,8032830.0,0.8313354,1849.99999995,469044217.314,2.26e-05,339.418633812,7088.0,27.4,922.0,64816498.3672
2018-07-12,3802.0,1246163.68461,150594.753746,135.0,1302559.0,8771380.0,0.77502854,1687.49999992,466365692.873,1e-05,114.84550845,7213.0,27.24,927.0,1454822.31181
2018-07-13,4426.0,1329437.58778,122872.298294,151.0,1347293.0,11686700.0,0.86430497,1887.49999993,506331109.827,1.353e-05,149.360290116,6862.0,29.57,963.0,1638210.33135
2018-07-14,3572.0,708538.5707,128710.848694,143.0,974221.0,6831280.0,0.90704294,1787.49999994,471373501.085,1.168e-05,137.622423474,6278.0,27.53,689.0,841445.524341
2018-07-15,5796.0,2724304.11092,152493.339651,145.0,2383670.0,11321300.0,1.15763525,1812.49999992,488835604.083,2.495e-05,247.385640939,7766.0,28.55,1184.0,3213388.14615
2018-07-16,4061.0,1122290.35939,143232.783254,141.0,1348712.0,9442970.0,1.00877865,1762.49999989,482742719.419,1.53e-05,124.146306624,7858.0,28.19,890.0,1210512.60472
2018-07-17,4329.0,6660512.20665,127878.294096,137.0,1507094.0,13527500.0,1.17402966,1712.49999998,508512800.634,1.455e-05,193.985423552,7613.0,29.69,967.0,7418545.09425
2018-07-18,4458.0,10342398.3646,137483.694816,146.0,2094440.0,11376200.0,1.48968257,1824.99999998,538973894.842,1.67e-05,176.451009163,7838.0,31.46,1050.0,11697962.0294
2018-07-19,4164.0,3515157.48657,133004.48898,149.0,1171379.0,9516590.0,0.76566859,1862.49999996,535212128.655,1.9e-05,230.822716212,6771.0,31.24,879.0,4501301.25815
2018-07-20,4144.0,3670171.72621,151665.498984,145.0,1415982.0,9588410.0,1.33240176,1812.4999999,529335083.46,1.66e-05,273.481755822,8535.0,30.89,805.0,4263733.33887
2018-07-21,3985.0,994338.20356,143871.334062,146.0,1228937.0,7355940.0,0.83488412,1824.9999999,477843299.648,1.41e-05,127.534270543,8682.0,27.89,695.0,1209411.97151
2018-07-22,3893.0,1165529.7579,137625.787333,135.0,1095069.0,10237700.0,1.05395017,1687.49999993,495600692.764,1.528e-05,179.944245998,7068.0,28.92,718.0,1493252.27507
2018-07-23,4655.0,5098623.66198,137262.154722,147.0,1424597.0,30682300.0,1.05390063,1837.49999994,488667586.307,2.26e-05,313.633364515,7155.0,28.51,1038.0,5738119.72255
2018-07-24,4545.0,3266068.48509,149647.585162,141.0,1535299.0,24033300.0,1.03403942,1762.49999993,525802338.207,1.568e-05,236.34182299,8599.0,30.68,974.0,3931258.48384
2018-07-25,4824.0,2574687.74792,118900.542317,147.0,1571611.0,12428800.0,1.09521679,1837.49999995,543968961.024,1.699e-05,177.285194948,9175.0,31.73,995.0,3379486.74719
2018-07-26,4697.0,2148031.57843,146995.493421,146.0,1429397.0,11147300.0,0.99601227,1824.99999994,525268774.668,1.613e-05,168.054554501,8838.0,30.64,890.0,2663674.06051
2018-07-27,4463.0,2582918.96934,142865.284667,145.0,1230870.0,16763500.0,0.99025038,1812.49999995,508578076.598,1.402e-05,150.723222,8856.0,29.66,834.0,2860269.63559
2018-07-28,3952.0,2229103.97911,136333.396671,136.0,1262678.0,8720480.0,0.85870314,1699.99999992,545136053.637,1.478e-05,144.90684475,7302.0,31.79,735.0,2457954.62313
2018-07-29,4627.0,2885112.0578,138457.810618,157.0,1353794.0,17609600.0,1.13674842,1962.49999996,522850811.427,1.935e-05,158.525222445,8982.0,30.49,840.0,3083905.71671
2018-07-30,5454.0,1529103.01198,194002.557898,128.0,1561911.0,10120100.0,1.07932777,1599.99999994,576546388.06,1.67e-05,246.293694829,7883.0,33.61,885.0,1881242.51939
2018-07-31,4955.0,1912342.94779,129085.143472,148.0,2487052.0,11556000.0,1.3466134,1849.99999989,489305576.106,1.702e-05,281.636951704,8243.0,28.53,980.0,2467190.25435
2018-08-01,9363.0,1310426.35682,133064.017731,148.0,5808851.0,8412570.0,1.26890147,1849.99999993,480531707.124,1.369e-05,233.690382814,10100.0,28.01,991.0,1590145.01008
2018-08-02,6631.0,1857733.40847,154501.966444,128.0,5360555.0,9541590.0,1.01047012,1599.99999997,475040651.798,1.488e-05,177.811517754,7577.0,27.69,916.0,2169155.53517
2018-08-03,9307.0,2869624.84489,127775.60667,147.0,5880132.0,10327000.0,1.30267204,1837.5,441130504.435,2.157e-05,243.905552927,9149.0,25.71,1036.0,3511011.23075
2018-08-04,9257.0,1788742.28173,130450.40288,141.0,4554539.0,5959840.0,1.13091591,1762.49999998,423268304.438,1.93e-05,104.948481218,8877.0,24.67,780.0,1926662.60835
2018-08-05,16955.0,1649827.22897,150183.754394,146.0,6886200.0,9685280.0,1.09040649,1824.99999994,415268964.069,2.26e-05,137.33987509,8907.0,24.2,880.0,1850739.54552
2018-08-06,15551.0,4878291.38445,143498.130143,148.0,6096977.0,16173300.0,1.10447004,1849.99999993,437938614.961,1.92e-05,268.127694247,8700.0,25.51,1348.0,6101914.05438
2018-08-07,4549.0,5013904.31596,144679.905285,148.0,1686421.0,10909000.0,1.28326121,1849.99999995,444114162.317,1.589e-05,219.907207277,9922.0,25.87,1027.0,6230395.78133
2018-08-08,4615.0,6952014.0638,151245.290041,135.0,1595341.0,9227830.0,1.28742302,1687.49999992,407472996.048,1.301e-05,235.403271304,8454.0,23.73,971.0,7433952.67226
2018-08-09,4261.0,2497578.7802,159065.123504,151.0,1502649.0,8339530.0,1.02877963,1887.49999996,373414859.649,1.294e-05,182.957614178,9638.0,21.75,872.0,2735816.62505
2018-08-10,4314.0,1735754.6844,146558.949785,140.0,1491503.0,7430280.0,0.98466254,1749.99999993,388237539.573,1.202e-05,187.541438013,8133.0,22.61,809.0,2434461.06805
2018-08-11,4017.0,1739913.73081,141575.482536,142.0,1519769.0,7161000.0,0.82554519,1774.99999995,362610933.972,1.401e-05,176.922502788,8828.0,21.11,734.0,1910497.55558
2018-08-12,3976.0,1932220.10056,148573.519188,155.0,1344996.0,6157910.0,1.20542801,1937.49999996,346203922.079,1.314e-05,132.298449494,9060.0,20.16,755.0,2131948.20425
2018-08-13,4138.0,3159026.52948,167368.864562,137.0,1358453.0,7198460.0,1.37872177,1712.4999999,341242135.992,1.232e-05,155.378762541,7401.0,19.87,799.0,4887587.73313
2018-08-14,4899.0,4199042.3199,167866.892323,130.0,1622071.0,11506900.0,1.05890136,1624.99999994,316371423.603,1.603e-05,230.249080105,9417.0,18.42,1163.0,5198876.47372
2018-08-15,4428.0,3587693.34753,146897.187784,154.0,1519534.0,7194800.0,0.87843166,1924.99999993,315903870.199,1.426e-05,187.372640157,7735.0,18.39,983.0,4513978.9366
2018-08-16,3866.0,1535089.1618,163256.343973,148.0,1692594.0,5587850.0,1.03500848,1849.99999991,306262387.66,1.178e-05,168.247528218,7504.0,17.82,768.0,1679751.70138
2018-08-17,4034.0,2949576.9673,142079.311345,142.0,1362184.0,10071300.0,1.19228915,1774.99999997,305605591.741,1.785e-05,222.249959462,8089.0,17.78,865.0,3262983.78166
2018-08-18,11228.0,1545247.88919,148560.320914,143.0,2795093.0,7203170.0,0.84257754,1787.49999995,353950345.286,1.785e-05,207.555078962,7950.0,20.6,760.0,1866950.18793
2018-08-19,13052.0,942684.936969,159506.546794,142.0,2978806.0,7162720.0,0.94454051,1774.99999992,327189451.452,1.36e-05,191.970504499,7248.0,19.04,857.0,1380876.83805
2018-08-20,3759.0,1355497.97856,149895.009442,145.0,1288702.0,6178990.0,0.80415639,1812.49999992,339489504.132,1.039e-05,124.58305135,8322.0,19.75,737.0,1577710.92295
2018-08-21,3750.0,2770064.75511,168433.216967,134.0,1141565.0,5014960.0,0.77284463,1674.99999991,313690800.348,1.09e-05,92.266061085,6474.0,18.25,699.0,2825897.73977
2018-08-22,13495.0,1509671.83093,148837.49423,152.0,7246049.0,6385470.0,1.21469712,1899.99999994,322039083.923,2.26e-05,87.0699921696,9251.0,18.73,841.0,1790222.19761
2018-08-23,16927.0,1816843.91418,136076.345159,140.0,8554875.0,5485620.0,1.31276585,1749.99999996,316661337.686,2.26e-05,89.0991016476,9615.0,18.42,896.0,2075092.18814
2018-08-24,4470.0,1985079.04511,156949.821734,144.0,1603883.0,5681680.0,1.03615242,1799.99999998,321176920.557,1.8e-05,129.189737158,8966.0,18.68,773.0,2307786.95643
2018-08-25,4204.0,2395037.46907,160009.464833,149.0,1646066.0,10381500.0,0.85799706,1862.49999996,330969613.535,1.9e-05,194.16718361,10122.0,19.24,940.0,2826568.47108
2018-08-26,4352.0,1289260.02936,166660.709122,129.0,1343666.0,7658540.0,0.64082818,1612.5,338991773.665,2.147e-05,194.761138473,8705.0,19.71,863.0,1594539.31764
2018-08-27,4507.0,1641586.24933,157332.676173,154.0,1849791.0,8030000.0,0.910254,1924.99999998,334162714.335,2.05e-05,181.249993414,9875.0,19.43,909.0,2279087.99208
2018-08-28,5916.0,4246699.80923,174529.474005,143.0,1819690.0,9615180.0,1.07446723,1787.49999998,354096400.025,1.9e-05,250.840016755,8940.0,20.58,1170.0,5039034.40638
2018-08-29,5750.0,7837994.24754,155337.329197,140.0,2218834.0,10899600.0,0.83828696,1749.99999998,378004804.084,1.785e-05,265.487633939,8987.0,21.97,1247.0,8948181.34243
2018-08-30,4726.0,4105851.83855,161706.64571,147.0,2045312.0,7991750.0,0.90820847,1837.49999995,391552657.971,1.785e-05,181.527328024,10280.0,22.76,939.0,4605198.15903
2018-08-31,4623.0,3246907.96826,191530.060695,141.0,1659514.0,7502920.0,0.82505658,1762.49999996,375044551.24,1.55e-05,155.721042651,9924.0,21.79,955.0,3364984.68212
2018-09-01,6503.0,13485887.5433,146739.595737,143.0,2415913.0,16855100.0,1.37306426,1787.49999998,385471562.532,4.75e-06,454.152633312,10006.0,22.4,1882.0,14517456.0489
2018-09-02,5660.0,5740708.27895,165631.696507,146.0,1885464.0,11572700.0,1.06259177,1824.99999999,381341168.171,1.15e-05,221.489631806,9868.0,22.15,1548.0,6528838.1785
2018-09-03,5661.0,5019639.99833,162369.372402,144.0,2248062.0,9057430.0,0.6200665,1799.99999998,368847624.337,9.81e-06,142.491186779,9327.0,21.43,1470.0,5397895.48425
2018-09-04,6126.0,5770341.06221,156874.309473,141.0,1987017.0,10543300.0,0.91212896,1762.49999998,366268669.185,7.48e-06,185.032070994,9706.0,21.27,1637.0,7442868.80026
2018-09-05,6232.0,6555418.92056,168267.33885,150.0,2316100.0,20829500.0,1.19271714,1874.99999998,369340692.182,1.072e-05,235.41173799,10607.0,21.45,1609.0,7555463.38752
2018-09-06,5540.0,4977408.04166,178364.009673,141.0,2000327.0,9056330.0,0.9653743,1762.49999999,333559831.994,1.054e-05,194.9288328,10817.0,19.37,1430.0,5606215.79229
2018-09-07,5456.0,2963284.63662,170285.873323,142.0,2095809.0,5734940.0,0.81915994,1774.99999999,338881711.41,1.185e-05,145.28017021,8293.0,19.68,1060.0,3123130.58372
2018-09-08,4753.0,3620214.7354,171044.810333,147.0,1849819.0,7520870.0,0.62442,1837.49999996,326956670.071,1.09e-05,223.493050209,9765.0,18.98,981.0,3844199.12406
2018-09-09,4789.0,3282065.11764,187744.199974,140.0,1781059.0,8331430.0,0.63178379,1749.99999998,321805076.334,1.06e-05,119.651711038,9872.0,18.68,925.0,4128472.23233
2018-09-10,18423.0,3779602.8359,182169.824877,146.0,10680799.0,6563970.0,0.73404868,1824.99999995,329925841.371,1.09e-05,91.0256691475,10206.0,19.15,1238.0,4160762.66128
2018-09-11,15338.0,4913156.52776,185481.885854,146.0,6860068.0,5679820.0,0.68579437,1824.99999998,338695679.709,1.036e-05,119.827043356,9999.0,19.66,1189.0,6285925.67316
2018-09-12,5366.0,3017984.50767,198573.670886,144.0,1949278.0,6983340.0,0.64711659,1799.99999996,327342718.381,3.74e-06,154.50592197,10287.0,19.0,1066.0,3361296.05657
2018-09-13,5374.0,5319464.44307,176543.415941,131.0,1940939.0,8666530.0,0.80986614,1637.49999997,330698646.061,2.78e-06,192.23683804,11710.0,19.19,1303.0,5490628.97805
2018-09-14,4796.0,2745770.52152,172173.416206,149.0,1615757.0,6892790.0,0.51985963,1862.49999994,346122934.414,3.74e-06,121.679731607,9201.0,20.08,992.0,3021206.0323
2018-09-15,5254.0,2929564.41717,181761.676575,152.0,1941403.0,5524300.0,0.56502983,1899.99999997,349062351.349,3.74e-06,109.61912574,13207.0,20.25,1063.0,2984392.32162
2018-09-16,4803.0,1237315.58547,191521.508646,135.0,2110001.0,5369990.0,0.6180014,1687.49999995,348615284.678,8.18e-06,121.312963642,15174.0,20.22,947.0,1412242.91835
2018-09-17,5363.0,24319352.5929,168161.336092,139.0,2390358.0,6673440.0,0.5600358,1737.49999995,367875712.286,1.034e-05,208.541061256,13565.0,21.34,1085.0,28016722.6117
2018-09-18,5125.0,4339822.39528,180866.373218,149.0,2205109.0,7099100.0,0.83379745,1862.49999996,350864382.888,1e-05,182.790160515,15350.0,20.35,1027.0,4616926.29487
2018-09-19,7649.0,2791871.38024,198691.795528,146.0,7003883.0,4896810.0,0.7215338,1824.99999992,362857747.094,1.117e-05,137.500255159,13191.0,21.04,960.0,3447154.15119
2018-09-20,5381.0,4005773.55933,192613.534491,141.0,2562201.0,5329380.0,0.71377209,1749.99985709,362702278.817,1.116e-05,96.2667078159,15611.0,21.03,919.0,4081597.16795
2018-09-21,12296.0,3937845.41587,183773.310495,141.0,3924755.0,6649240.0,0.78878218,1762.49999998,372858512.364,1.09e-05,131.804786116,16662.0,21.62,1297.0,4347381.82096
2018-09-22,5097.0,5304873.96374,207541.878832,148.0,2234863.0,7693250.0,0.69191198,1849.99999995,391182625.591,1.09e-05,113.579027075,15080.0,22.68,910.0,5902950.61807
2018-09-23,4902.0,2827640.48425,188543.522043,147.0,2072435.0,7067970.0,0.488959,1837.49999993,382881769.241,9.74e-06,125.38116,14443.0,22.2,967.0,3045685.80527
2018-09-24,4946.0,2113618.25346,198502.213691,143.0,2482399.0,5333100.0,0.58307229,1787.49999995,388715878.887,1e-05,109.255531969,16221.0,22.53,829.0,2251695.60737
2018-09-25,5151.0,2831512.3621,242300.619867,148.0,1989603.0,6090960.0,0.73119789,1849.99999994,378701202.194,1.712e-05,106.170007241,16369.0,21.95,757.0,3011478.32136
2018-09-26,5561.0,7945162.76713,191806.270878,136.0,2747415.0,15907500.0,0.82335844,1699.99999996,376985934.798,1.14e-05,213.930649559,15000.0,21.85,1123.0,9842617.77223
2018-09-27,6740.0,12216715.0436,216391.605767,141.0,3739091.0,25868400.0,0.95035067,1762.49999993,404634471.725,1.282e-05,167.607833586,15207.0,23.45,1468.0,13176144.9018
2018-09-28,6263.0,8197505.62427,216735.709037,149.0,2754015.0,15959500.0,0.73611154,1862.49999991,459838499.519,1.277e-05,240.026441026,16211.0,26.64,1160.0,8898019.15151
2018-09-29,5607.0,5044298.71413,266618.841909,143.0,2477290.0,8490320.0,0.74174498,1787.49999995,464310322.408,1.192e-05,133.019055201,17830.0,26.9,932.0,5273004.70815
2018-09-30,5073.0,1309768.94636,253278.447938,146.0,2390992.0,9520360.0,0.42083057,1824.99999996,452284248.821,1.186e-05,101.638041734,14092.0,26.2,847.0,1379453.42887
2018-10-01,5399.0,2331989.49568,254169.597271,140.0,2818039.0,15219000.0,0.71828423,1749.99999997,446969216.651,1.176e-05,135.517105319,15877.0,25.89,967.0,2590611.24751
2018-10-02,5303.0,1075374.57587,234624.530072,146.0,2586045.0,15433100.0,0.58322157,1824.99999997,425664795.079,1.406e-05,86.65945126,15169.0,24.65,864.0,1133311.64094
2018-10-03,5418.0,4948834.20727,276229.502993,137.0,2163829.0,15435200.0,0.59015257,1712.49999995,439676565.033,1.308e-05,103.539053496,13995.0,25.46,913.0,5056759.47252
2018-10-04,8446.0,2662669.30684,240391.419392,141.0,3054831.0,17749000.0,0.87074825,1762.49999997,449575835.204,1.136e-05,152.399563665,16273.0,26.03,951.0,2910147.99565
2018-10-05,5690.0,4861539.02902,231420.91745,142.0,3129853.0,22447600.0,0.5746511,1774.99999989,434776984.628,1.112e-05,125.82483,18624.0,25.17,938.0,5091500.40328
2018-10-06,7867.0,12332274.5577,286339.664033,147.0,3190287.0,24700500.0,0.82443601,1837.49999995,472742159.701,3.14e-06,101.342515546,19448.0,27.37,1940.0,13148106.9121
2018-10-07,6083.0,6072831.22069,271083.593288,142.0,2136830.0,18243000.0,0.48412124,1774.99999994,487620549.446,2.78e-06,56.4035464929,17483.0,28.23,1385.0,6407708.56126
2018-10-08,6986.0,9038240.81855,258588.744516,149.0,3236295.0,3969260.0,0.70095436,1862.49999992,465313971.305,2.78e-06,74.0076959273,19510.0,26.93,1627.0,9582124.01937
2018-10-09,6600.0,3642860.83466,271012.890475,140.0,2981594.0,3371410.0,0.69291039,1749.99999991,474616267.998,2.78e-06,74.0475040358,17686.0,27.47,1354.0,4027830.64742
2018-10-10,5775.0,9581537.66279,269447.284422,143.0,2508650.0,3269950.0,0.68420403,1787.49999996,455468877.138,3.14e-06,73.2681756688,18367.0,26.36,1130.0,9697685.37203
2018-10-11,5790.0,2876701.35995,265579.737124,143.0,2443221.0,4303110.0,0.56098391,1787.49999997,450013785.432,3.74e-06,76.2521994948,17303.0,26.04,1048.0,3000896.58108
2018-10-12,5333.0,1881311.58694,241420.780422,137.0,2445707.0,3357860.0,0.48922872,1712.49999996,412202188.071,3.74e-06,57.355892874,16811.0,23.85,1006.0,2264824.21821
2018-10-13,5119.0,3779378.32125,257838.272126,141.0,2151635.0,2209480.0,0.51738419,1762.49999997,430075244.346,4.34e-06,56.7444661144,17667.0,24.88,831.0,3845921.03513
2018-10-14,5298.0,1299070.50912,231080.967557,148.0,2445563.0,2510870.0,0.53760209,1849.99999994,423667748.941,4.18e-06,48.99549,18080.0,24.51,871.0,1384802.01222
2018-10-15,6325.0,5860460.761,263503.059269,140.0,3118958.0,4511260.0,0.45038513,1749.99999994,425293558.712,6.7e-06,76.262582016,11211.0,24.6,1205.0,6343722.87537
2018-10-16,8286.0,6701448.27993,285199.702425,141.0,4239460.0,2413200.0,0.84640526,1762.49999998,459150779.413,9.83e-06,85.663991835,8987.0,26.55,1126.0,6798834.79563
2018-10-17,4814.0,977465.291995,274191.869694,144.0,1497599.0,2126010.0,0.5247367,1799.99999991,460980692.472,8.18e-06,75.4055063094,7939.0,26.66,924.0,1014347.03767
2018-10-18,5672.0,906113.214893,255774.700638,143.0,2251806.0,2239220.0,0.37696483,1787.49999999,454722393.341,1.09e-05,55.195855,8888.0,26.29,846.0,991992.843482
2018-10-19,5641.0,1791432.03074,236173.289398,140.0,2074604.0,2009750.0,0.42712083,1749.99999996,450397173.584,1.09e-05,82.5248662476,8399.0,26.04,780.0,2040002.79569
2018-10-20,11641.0,3778116.71714,237645.468434,146.0,5608583.0,2200410.0,0.95112219,1824.99999998,450207445.801,1.45e-05,109.363757036,9498.0,26.03,836.0,3857767.33453
2018-10-21,5077.0,6288759.76021,214890.075205,140.0,1897254.0,1792550.0,0.41443143,1749.99999998,458817093.335,9.66e-06,73.4316281868,8500.0,26.52,786.0,6316070.70469
2018-10-22,5621.0,2848595.96759,243257.325321,142.0,1993726.0,2475360.0,0.55158097,1774.99999995,453245819.112,9.21e-06,76.953344148,9277.0,26.2,976.0,3696783.13852
2018-10-23,5428.0,16344745.9264,211991.307098,137.0,1849781.0,2872480.0,0.4204562,1712.49999994,451979189.582,6.54e-06,92.3231340008,8664.0,26.12,964.0,16624219.6868
2018-10-24,19614.0,5058328.87227,222136.30783,146.0,32242452.0,4598640.0,5.32878631,1824.99999997,462329368.464,0.0018044,17.9415472048,8686.0,26.72,3082.0,7012689.85441
2018-10-25,6623.0,2906723.55217,258625.570018,144.0,1992630.0,2223660.0,0.56405849,1799.99999996,474266095.929,4.828e-05,1246.65231962,10348.0,27.4,2038.0,15003522.7635
2018-10-26,5186.0,2928680.04692,251025.629106,141.0,1908336.0,2684070.0,0.55916897,1762.49999997,468251566.672,4.224e-05,135.478928749,8397.0,27.05,963.0,3668060.0543
2018-10-27,4937.0,5743409.38831,240622.776391,146.0,1570085.0,1989720.0,0.63039945,1824.99999991,463801672.858,4.549e-05,101.45952978,9643.0,26.8,767.0,5956256.96186
2018-10-28,4918.0,1164754.24949,216961.131312,147.0,1582758.0,2297690.0,0.6772452,1837.49999994,468555710.799,4.554e-05,72.2587400905,9213.0,27.07,893.0,1239138.92627
2018-10-29,5221.0,7789913.79435,247179.843672,139.0,2098040.0,2932610.0,0.5374727,1737.49999994,466518009.735,4.452e-05,93.8201141185,8565.0,26.95,933.0,8033498.65395
2018-10-30,5318.0,1182187.79659,270385.817898,136.0,1538363.0,3316340.0,0.38344131,1699.99999992,456929482.827,2.28e-05,106.08813864,8365.0,26.4,920.0,1501401.47939
2018-10-31,6239.0,3580975.59992,205465.796084,143.0,2433153.0,3195840.0,0.58344274,1787.49999997,448931952.066,8.9e-06,103.910540974,8726.0,25.94,988.0,3939346.53245
2018-11-01,6537.0,1307964.08242,252351.213887,146.0,3389472.0,2502860.0,0.48866651,1824.99999993,453197363.844,1.044e-05,74.8249828634,7776.0,26.18,957.0,1374345.19477
2018-11-02,5715.0,4137611.87146,255257.81629,146.0,1865033.0,2867460.0,0.39882678,1824.99999996,457842395.621,1.056e-05,93.574559783,9091.0,26.45,1017.0,4218631.5457
2018-11-03,5540.0,668004.072311,237541.323878,135.0,2064487.0,2121550.0,0.42204711,1687.49999997,472941232.064,9.84e-06,82.059586864,8482.0,27.32,935.0,696172.554827
2018-11-04,6765.0,6008433.27081,233070.130722,149.0,2493701.0,9898720.0,0.62305989,1862.49999995,465109780.667,1.056e-05,121.930525855,9991.0,26.87,1510.0,6126319.81695
2018-11-05,6294.0,17120858.5645,219740.809932,143.0,1961980.0,5361620.0,0.46112453,1787.49999995,508189789.395,6.42e-06,98.2303576968,9504.0,29.36,1314.0,18226916.1478
2018-11-06,6393.0,9197419.47235,251861.337997,147.0,2123089.0,7622240.0,0.37695405,1837.49999992,506156147.423,1.457e-05,165.667168017,9734.0,29.89,1052.0,11039881.8198
2018-11-07,7623.0,28670664.5053,276665.76507,141.0,2557473.0,5898310.0,0.42162743,1762.49999998,552793165.116,5.12e-06,190.732386253,11417.0,31.94,1548.0,35009612.2607
2018-11-08,6467.0,8897243.67056,250402.5626,146.0,1834377.0,4379330.0,0.4871061,1824.99999992,544842753.66,4.09e-06,157.552187856,9665.0,31.48,1166.0,8988908.55637
2018-11-09,10471.0,12885761.6184,278536.661989,143.0,2898575.0,4208790.0,0.56069227,1787.49999996,518511439.303,8.178e-05,39.1846465374,10146.0,29.91,1910.0,13884590.8133
2018-11-10,5331.0,3414953.14219,313943.757032,142.0,1461544.0,3711740.0,0.10406079,1774.99999997,508723697.033,1.252e-05,73.454601501,8606.0,29.34,756.0,3442325.45748
2018-11-11,5658.0,1729727.45319,277342.898494,148.0,1788552.0,4407010.0,0.47949096,1849.99999996,519421120.277,1.93e-05,91.8274233688,9971.0,29.96,887.0,1879966.56176
2018-11-12,5663.0,11281206.7016,271444.958741,137.0,1708463.0,4613950.0,0.50162251,1712.49999995,514839018.932,1.815e-05,124.297185,8544.0,29.69,883.0,12422983.4285
2018-11-13,5450.0,4862640.98639,275715.025251,151.0,1738468.0,3741760.0,0.38816343,1887.49999995,496023999.382,1.87e-05,117.726434254,9097.0,28.6,833.0,4935162.07761
2018-11-14,5750.0,4421881.58323,299945.278139,147.0,1738342.0,7741790.0,0.44308475,1837.49999993,487610831.476,1.817e-05,129.261557925,9844.0,28.12,916.0,4991917.50535
2018-11-15,5424.0,11560186.8496,267607.911972,133.0,1545051.0,6706830.0,0.36098965,1662.49999994,454341523.834,1.52e-05,131.2108634,9157.0,26.19,926.0,14352890.2928
2018-11-16,5677.0,4619278.67162,278664.604435,147.0,1678571.0,5614390.0,0.44259315,1837.49999998,458938722.605,1.522e-05,132.562488757,9319.0,26.46,816.0,5019671.83129
2018-11-17,5795.0,2947825.02779,280280.264996,141.0,1670604.0,4831470.0,0.55820906,1762.49999993,458534337.558,1.47e-05,132.411657793,9494.0,26.43,762.0,3469478.00327
2018-11-18,5382.0,4132885.41579,278911.335811,145.0,1562480.0,5169530.0,0.29598382,1812.49999996,465432598.164,1.614e-05,87.5568996552,9372.0,26.83,758.0,4233806.02078
2018-11-19,6687.0,35325079.4394,323664.923742,149.0,2534744.0,8638000.0,0.49984666,1862.49999997,468905890.6,1.516e-05,136.057174854,10157.0,27.02,1231.0,37154795.1638
2018-11-20,6593.0,6174903.93713,298818.196969,147.0,1949546.0,12102200.0,0.34457573,1837.49999993,446460225.898,1.362e-05,216.388938236,9720.0,25.73,1199.0,9207064.40333
2018-11-21,5324.0,897660.341288,321274.524077,132.0,1370014.0,4023180.0,0.26260217,1649.99999996,358588634.906,1.36e-05,103.504930672,8915.0,20.66,718.0,949403.42288
2018-11-22,4829.0,903155.37819,261563.609264,143.0,1428188.0,3824530.0,0.41039603,1787.49999991,370122887.074,1.652e-05,106.811892444,9295.0,21.32,680.0,950612.150192
2018-11-23,6266.0,1344899.30144,275805.902456,146.0,3254115.0,3672810.0,0.35195652,1824.99999992,338879224.68,1.704e-05,97.7942062368,10340.0,19.52,732.0,1758058.03926
2018-11-24,6729.0,6044424.1831,311456.778549,142.0,6474060.0,7052430.0,0.58319149,1774.9999999,340234929.478,1.67e-05,97.9955704,8644.0,19.6,858.0,7823598.09182
2018-11-25,8922.0,4346209.81652,302561.69616,138.0,13887020.0,8291530.0,1.19651631,1724.99999997,327082813.557,2.26e-05,62.4729326388,9600.0,18.84,1011.0,7551409.48156
2018-11-26,8199.0,2644204.89582,283690.351496,153.0,4987233.0,9295260.0,0.69324434,1912.49999998,336351926.148,1.459e-05,183.154885997,10552.0,19.37,1052.0,3063238.09671
2018-11-27,5377.0,3017764.63548,292947.042145,139.0,1423999.0,5190540.0,0.26709018,1737.49999996,307523229.656,1.36e-05,88.7255749919,9026.0,17.71,810.0,3155884.9134
