Date,activeaddresses,blockcount,exchangevolume(usd),marketcap(usd),mediantxvalue(usd),paymentcount,price(usd),txcount,txvolume(usd)
2017-06-20,2.0,,,,,1.0,,1.0,
2017-06-21,,,,,,,,,
2017-06-22,,,,,,,,,
2017-06-23,,,,,,,,,
2017-06-24,,,,,,,,,
2017-06-25,,,,,,,,,
2017-06-26,,,,,,,,,
2017-06-27,,,,,,,,,
2017-06-28,,,,,,,,,
2017-06-29,,,,,,,,,
2017-06-30,,,,,,,,,
2017-07-01,,,13613000.0,0.0,,,1.03,,
2017-07-02,8274.0,,320452000.0,0.0,303.374325532,13430.0,0.996521,13430.0,43805833.2079
2017-07-03,12510.0,,414950016.0,435552942.279,248.805591061,25440.0,2.72,25440.0,115767930.243
2017-07-04,7174.0,,218559008.0,669328232.552,66.1009344418,15360.0,4.1,15360.0,64268039.193
2017-07-05,5758.0,,124339000.0,560701592.64,3.36,13733.0,3.36,13733.0,77512692.3777
2017-07-06,9250.0,,177463008.0,509157190.521,31.239285,20241.0,3.01,20241.0,96279511.9036
2017-07-07,5357.0,,96596496.0,575649024.304,60.1149599405,11415.0,3.35,11415.0,47604785.3616
2017-07-08,3824.0,,151162000.0,532857517.274,56.4,8490.0,2.82,8490.0,82262221.4372
2017-07-09,4472.0,,87525104.0,536670870.742,80.6,8924.0,2.6,8924.0,88548363.1793
2017-07-10,7129.0,,79608800.0,469612058.607,292.5,11608.0,2.25,11608.0,42827979.9981
2017-07-11,8069.0,,111023000.0,375736916.982,197.035685812,13162.0,1.79,13162.0,66540266.169
2017-07-12,11870.0,,104621000.0,349336241.546,307.9798968,18155.0,1.64,18155.0,86440534.9106
2017-07-13,4446.0,,51203900.0,446072451.126,83.2,8664.0,2.08,8664.0,24739184.2788
2017-07-14,4836.0,,41025200.0,376673103.135,112.171315707,10261.0,1.73,10261.0,26216280.8565
2017-07-15,3551.0,,34208800.0,342147383.923,84.3295945,7194.0,1.55,7194.0,18677267.6436
2017-07-16,2884.0,,30802800.0,287649603.552,11.61,7227.0,1.29,7227.0,14510090.0731
2017-07-17,2809.0,,62295100.0,279980094.156,0.625,7914.0,1.25,7914.0,12352143.679
2017-07-18,2850.0,,58108000.0,347780331.541,0.0,8893.0,1.54,8893.0,18354027.8538
2017-07-19,2896.0,,55057600.0,387936348.269,0.0,8208.0,1.7,8208.0,27620826.7512
2017-07-20,2804.0,,45949800.0,362706410.466,17.113,6403.0,1.57,6403.0,23032064.1422
2017-07-21,3471.0,,58164900.0,409047898.286,10.56,8498.0,1.76,8498.0,20821369.8318
2017-07-22,6290.0,,41809000.0,426742682.786,182.0,11755.0,1.82,11755.0,27790392.2442
2017-07-23,4329.0,,60205000.0,463160033.561,22.365460051,9791.0,1.96,9791.0,30488789.2973
2017-07-24,5695.0,,36585400.0,450431399.701,14.654664202,13750.0,1.88,13750.0,36880491.6788
2017-07-25,2826.0,,42547000.0,452557912.606,0.0,9570.0,1.88,9570.0,19333392.2593
2017-07-26,3792.0,,48693200.0,397881732.736,4.92,10056.0,1.64,10056.0,32028439.5025
2017-07-27,7047.0,,69371696.0,429718157.436,102.5675,14681.0,1.75,14681.0,43100577.6788
2017-07-28,9982.0,,64730400.0,483446361.773,209.577997159,19258.0,1.96,19258.0,67773874.7954
2017-07-29,2565.0,,44021100.0,456657340.0,0.0,8317.0,1.83,8317.0,16073234.924
2017-07-30,8317.0,,27580200.0,461114072.14,183.0,15427.0,1.83,15427.0,75470974.017
2017-07-31,15844.0,,29657700.0,448846641.19,353.6586024,24688.0,1.77,24688.0,79213795.5737
2017-08-01,2766.0,,39175500.0,447460603.792,0.0,11401.0,1.75,11401.0,17060062.0682
2017-08-02,3028.0,,28880800.0,458117403.0,0.0,9723.0,1.78,9723.0,110321000.28
2017-08-03,2915.0,,25878000.0,463104694.467,0.0,8384.0,1.78,8384.0,18861870.6055
2017-08-04,2918.0,,34183300.0,469643166.298,0.0,8456.0,1.8,8456.0,23953691.2494
2017-08-05,3968.0,,52324800.0,474284931.832,0.0,11255.0,1.8,11255.0,21431508.3439
2017-08-06,3795.0,,38436700.0,506079894.253,0.0,11742.0,1.9,11742.0,32053351.4117
2017-08-07,3127.0,,46022400.0,465585063.851,0.0,9376.0,1.73,9376.0,22686132.0884
2017-08-08,3350.0,,76270800.0,490781499.037,0.0,9449.0,1.81,9449.0,31203340.8635
2017-08-09,2848.0,,36813700.0,513729768.765,0.0,9126.0,1.88,9126.0,17732397.1934
2017-08-10,2739.0,,43519300.0,502700731.0,0.0,7636.0,1.83,7636.0,15401801.5817
2017-08-11,3571.0,,49178400.0,506585567.581,16.47,8574.0,1.83,8574.0,27645340.6382
2017-08-12,3274.0,,38131800.0,499858523.623,30.9541184295,7335.0,1.79,7335.0,19974077.4403
2017-08-13,4502.0,,40514200.0,469068857.778,31.2650775778,10886.0,1.67,10886.0,50489905.9386
2017-08-14,5766.0,,39205300.0,456246984.006,90.5239512387,12843.0,1.61,12843.0,117611255.945
2017-08-15,4820.0,,58304700.0,473133518.921,230.610609258,10251.0,1.66,10251.0,32547026.7515
2017-08-16,2665.0,,24022000.0,471141195.675,0.0,7455.0,1.64,7455.0,15621430.8321
2017-08-17,3138.0,,25713300.0,462366165.677,0.0,8843.0,1.6,8843.0,19721296.9703
2017-08-18,3165.0,,26841700.0,449609323.761,0.0,8711.0,1.54,8711.0,17882785.0957
2017-08-19,4621.0,,24769900.0,418292080.757,29.6537109284,9205.0,1.42,9205.0,24960348.0733
2017-08-20,5738.0,,15673200.0,413888869.197,159.8058,9591.0,1.4,9591.0,28484507.43
2017-08-21,2365.0,,20152300.0,408014222.0,0.0,6759.0,1.37,6759.0,13534346.0238
2017-08-22,2181.0,,23774300.0,402679212.5,0.00268,6020.0,1.34,6020.0,15410527.6706
2017-08-23,2488.0,,36567800.0,389116708.851,4.5402320388,6301.0,1.29,6301.0,20903338.674
2017-08-24,2134.0,,18034600.0,427962886.326,0.0,6519.0,1.41,6519.0,11947149.3045
2017-08-25,2222.0,,20444500.0,420934596.0,0.0,6386.0,1.38,6386.0,19418612.4525
2017-08-26,2411.0,,16466000.0,424546267.456,0.0,6787.0,1.38,6787.0,12248521.2729
2017-08-27,2650.0,,18124100.0,420066519.407,5.44,5949.0,1.36,5949.0,12802911.843
2017-08-28,3044.0,,18414400.0,419319368.396,12.8644382925,6655.0,1.35,6655.0,15050415.9924
2017-08-29,1976.0,,18993200.0,422136816.244,1.1656506168,4927.0,1.34,4927.0,18277580.875
2017-08-30,5092.0,,24068700.0,414426709.333,60.3786056511,9534.0,1.31,9534.0,25655471.6045
2017-08-31,1943.0,,22926100.0,391333755.277,0.0,5398.0,1.23,5398.0,14304077.0198
2017-09-01,2757.0,,25853000.0,417868424.0,0.0,7306.0,1.3,7306.0,20893472.432
2017-09-02,1940.0,,38741300.0,421203688.618,0.0,5831.0,1.3,5831.0,20422167.9796
2017-09-03,2388.0,,22618600.0,403873672.256,0.0,8643.0,1.24,8643.0,21945477.741
2017-09-04,4166.0,,43045400.0,408725302.048,0.0,12564.0,1.25,12564.0,62520262.7529
2017-09-05,7870.0,,30273900.0,278750568.053,41.5219354,19529.0,0.848252,19529.0,53702081.4069
2017-09-06,14165.0,,26208300.0,294909972.113,267.254548954,26189.0,0.891735,26189.0,72331343.517
2017-09-07,11936.0,,22912100.0,306636197.931,92.1946,23188.0,0.921946,23188.0,58100192.9196
2017-09-08,14434.0,,18650200.0,326870654.074,230.6502814,25699.0,0.977746,25699.0,191736833.416
2017-09-09,10836.0,,10281100.0,280476013.484,252.3077395,18620.0,0.83378,18620.0,51804295.6531
2017-09-10,3852.0,,9494440.0,268356368.074,0.0,11247.0,0.793394,11247.0,17072094.5132
2017-09-11,3790.0,,7763470.0,251455127.457,0.0,12113.0,0.739553,12113.0,13358000.926
2017-09-12,4288.0,,15475800.0,249492370.414,0.0,13857.0,0.730094,13857.0,17849678.5084
2017-09-13,3025.0,,12370500.0,288920738.824,0.0,9144.0,0.841224,9144.0,14625311.0395
2017-09-14,2899.0,,13131300.0,251437802.372,0.0,8256.0,0.727394,8256.0,16825402.9399
2017-09-15,4318.0,,13121900.0,209790747.787,9.8288973,9683.0,0.60337,9683.0,12627744.5071
2017-09-16,3396.0,,5602950.0,232850548.74,3.94174023408,8245.0,0.666501,8245.0,11649221.6782
2017-09-17,2874.0,,8685770.0,219357202.747,0.2253066219,7316.0,0.624291,7316.0,7568535.22423
2017-09-18,3219.0,,9065170.0,229847210.308,0.0,8664.0,0.650438,8664.0,11189285.9598
2017-09-19,2743.0,,5520750.0,251486331.344,0.0,7907.0,0.708194,7907.0,9179459.52409
2017-09-20,2071.0,,6087520.0,232798839.447,0.64166294088,4979.0,0.651858,4979.0,6429109.7691
2017-09-21,2127.0,,6972060.0,221765941.106,0.0,7509.0,0.615818,7509.0,9560875.43658
2017-09-22,1885.0,,4556540.0,198009113.129,0.0,4999.0,0.547718,4999.0,4772802.19254
2017-09-23,1580.0,,4809880.0,207312341.967,0.0,5360.0,0.57079,5360.0,6087634.5614
2017-09-24,1454.0,,7534280.0,212311087.261,1.9314233611,3795.0,0.580243,3795.0,7900336.819
2017-09-25,1522.0,,5592430.0,200793438.774,0.0,4675.0,0.546514,4675.0,6144175.05859
2017-09-26,2765.0,,5789570.0,211151083.253,0.0,6452.0,0.570981,6452.0,8140331.72954
2017-09-27,1786.0,,11395600.0,207918031.585,0.0,5320.0,0.560208,5320.0,5105262.92199
2017-09-28,2640.0,,22672400.0,236403302.999,0.0,7545.0,0.63294,7545.0,12631026.154
2017-09-29,2350.0,,15499400.0,306691435.129,66.9047252391,4562.0,0.816964,4562.0,12583629.4155
2017-09-30,1899.0,,10179600.0,271199753.775,171.010042023,2964.0,0.718682,2964.0,9149147.17822
2017-10-01,1404.0,,8938190.0,273648821.174,116.710936171,2278.0,0.721765,2278.0,9187801.29002
2017-10-02,1529.0,,8299880.0,269982656.124,108.068201827,2289.0,0.707986,2289.0,9732838.23858
2017-10-03,1305.0,,7114830.0,250190804.518,97.3118979856,1795.0,0.652812,1795.0,7797188.60452
2017-10-04,1282.0,,5449300.0,243402759.94,80.552332373,1994.0,0.631988,1994.0,6471493.98135
2017-10-05,1174.0,,8038660.0,232125483.532,132.921007781,1688.0,0.599336,1688.0,5466697.95023
2017-10-06,1218.0,,6785670.0,236161814.511,67.764206552,1901.0,0.606706,1901.0,5046469.05621
2017-10-07,1195.0,,6250760.0,234581422.078,94.0230394968,1850.0,0.599816,1850.0,4707603.14955
2017-10-08,1335.0,,5854700.0,230856296.454,188.85436924,1793.0,0.587396,1793.0,6183728.3645
2017-10-09,1492.0,,6657950.0,238412389.079,109.861150631,2240.0,0.603543,2240.0,7217093.5361
2017-10-10,1495.0,,7701180.0,221244923.461,98.8667463442,2084.0,0.557554,2084.0,5491937.17547
2017-10-11,1490.0,,8705650.0,221869145.68,140.631483859,2214.0,0.556461,2214.0,11510904.4924
2017-10-12,1739.0,,8681880.0,244519498.613,183.0271706,2442.0,0.610294,2442.0,7197768.17818
2017-10-13,1824.0,,8587370.0,238184840.878,177.4857,2297.0,0.591619,2297.0,7793926.17526
2017-10-14,1499.0,,6436220.0,237387653.656,106.385836168,2194.0,0.584829,2194.0,7626053.39328
2017-10-15,1413.0,,6573060.0,237694046.057,115.316916,2040.0,0.58344,2040.0,5019206.43972
2017-10-16,1501.0,,6005900.0,234159429.212,85.77795,2187.0,0.571853,2187.0,5102915.33733
2017-10-17,1571.0,,6374050.0,231765876.314,61.1897882456,2464.0,0.562389,2464.0,8857903.53999
2017-10-18,1357.0,,7320330.0,229180716.653,154.583622477,1658.0,0.554269,1658.0,5599113.99275
2017-10-19,1686.0,,8084770.0,227089875.131,191.245849804,2342.0,0.545624,2342.0,6411524.83079
2017-10-20,1468.0,,6150650.0,237084809.553,113.3252,2137.0,0.566626,2137.0,7258751.62652
2017-10-21,1537.0,,7066060.0,226891895.112,200.71192417,2150.0,0.540259,2150.0,5154074.16131
2017-10-22,1455.0,,5538990.0,222077526.557,114.790067243,2170.0,0.526479,2170.0,4982556.82747
2017-10-23,1556.0,,6162350.0,219400128.101,144.507420617,2195.0,0.517658,2195.0,5891267.76531
2017-10-24,1608.0,,7089410.0,209723986.238,147.837,2205.0,0.49279,2205.0,4654167.14985
2017-10-25,1381.0,,5046620.0,220269108.709,145.893092413,1915.0,0.514902,1915.0,4571744.63454
2017-10-26,1429.0,,5314240.0,216874388.877,55.9081968109,2356.0,0.50434,2356.0,11170573.8737
2017-10-27,1330.0,,4730120.0,223814358.626,116.385598006,1900.0,0.518989,1900.0,3457809.44961
2017-10-28,1432.0,,5960600.0,226306102.895,144.570897647,2048.0,0.522242,2048.0,5360674.55935
2017-10-29,2403.0,,19902600.0,233965782.304,265.388388944,3459.0,0.536399,3459.0,10985541.5519
2017-10-30,3193.0,,20481800.0,292525859.385,227.41563662,4297.0,0.667644,4297.0,10983533.1939
2017-10-31,2343.0,,16200000.0,313596029.975,233.269931353,3336.0,0.712702,3336.0,10026050.5851
2017-11-01,5227.0,,74917400.0,345759071.372,245.16899564,7755.0,0.785862,7755.0,26875146.3831
2017-11-02,6397.0,,68358600.0,464728950.0,245.734021239,9482.0,1.05,9482.0,34762487.0969
2017-11-03,6002.0,,59247900.0,500301732.231,223.142473882,8829.0,1.12,8829.0,30530374.0987
2017-11-04,3894.0,,37546000.0,537897997.5,238.8,5944.0,1.2,5944.0,18722511.845
2017-11-05,3147.0,,32996400.0,501098702.45,222.999,4719.0,1.11,4719.0,17324010.0059
2017-11-06,3331.0,,26059800.0,485483418.801,271.165759722,5190.0,1.07,5190.0,18562643.5394
2017-11-07,2742.0,,16941200.0,422514025.499,228.82213608,3908.0,0.921145,3908.0,20339233.2655
2017-11-08,3254.0,,37971000.0,439157885.817,299.314762239,4540.0,0.95102,4540.0,16766603.4148
2017-11-09,3346.0,,24725800.0,523100917.695,168.758268,5079.0,1.13,5079.0,16862216.2773
2017-11-10,2962.0,,23024200.0,548607358.544,351.64,3797.0,1.18,3797.0,17194323.0933
2017-11-11,2629.0,,27539300.0,482723277.138,334.935422392,3602.0,1.03,3602.0,16580673.6856
2017-11-12,4759.0,,29229800.0,545824716.404,294.774380708,6278.0,1.16,6278.0,19473111.8691
2017-11-13,2743.0,,20848600.0,512496378.28,492.0914,3373.0,1.09,3373.0,21910648.7464
2017-11-14,6136.0,,107326000.0,559844510.707,544.21623921,8107.0,1.18,8107.0,42562641.3633
2017-11-15,6722.0,,64150700.0,803101369.293,406.223999832,8873.0,1.68,8873.0,47072672.5385
2017-11-16,8073.0,,64675200.0,802011091.248,498.328,9642.0,1.67,9642.0,39792065.6246
2017-11-17,7187.0,,50782500.0,800484890.766,498.0,8193.0,1.66,8193.0,50636969.5448
2017-11-18,4667.0,,52951400.0,842218675.865,348.0,6359.0,1.74,6359.0,37120478.3662
2017-11-19,5088.0,,55081600.0,934867602.383,362.593032173,6645.0,1.92,6645.0,35159489.8493
2017-11-20,5375.0,,55477200.0,925504520.834,378.0,7123.0,1.89,7123.0,39144610.5788
2017-11-21,5516.0,,56022900.0,983537027.368,514.40812784,7297.0,2.0,7297.0,62773249.2072
2017-11-22,4621.0,,44297600.0,938644039.397,404.248805525,6121.0,1.91,6121.0,41516143.8026
2017-11-23,6906.0,,42235000.0,935524485.0,808.1419815,7994.0,1.89,7994.0,41359969.0083
2017-11-24,3613.0,,44111800.0,940325844.016,718.692345,4532.0,1.89,4532.0,32640814.4876
2017-11-25,5779.0,,48591800.0,939234560.293,910.760643983,7604.0,1.88,7604.0,112743331.135
2017-11-26,7732.0,,116846000.0,1024468704.17,633.8395,9305.0,2.05,9305.0,81696776.9002
2017-11-27,8561.0,,126962000.0,1237364386.74,430.868494864,10370.0,2.46,10370.0,63188616.9488
2017-11-28,9666.0,,98904096.0,1443146947.84,560.56,12577.0,2.86,12577.0,180023449.381
2017-11-29,8533.0,,133125000.0,1416747932.63,557.163,10986.0,2.79,10986.0,88233196.8704
2017-11-30,7977.0,,92059600.0,1409297385.47,874.92,10537.0,2.76,10537.0,125375374.673
2017-12-01,6953.0,,74402000.0,1449493390.36,849.046122406,9876.0,2.83,9876.0,152080709.62
2017-12-02,9293.0,,163479008.0,1664796973.96,710.4672,12175.0,3.24,12175.0,112499465.916
2017-12-03,9879.0,,132280000.0,2032386441.31,592.096667519,12710.0,3.94,12710.0,136442394.511
2017-12-04,7433.0,,163900000.0,1874085052.83,714.47491251,9272.0,3.61,9272.0,91096775.7522
2017-12-05,5230.0,,181418000.0,2109014964.5,1624.0,6045.0,4.06,6045.0,79892068.9674
2017-12-06,6137.0,,200252992.0,2226816821.8,1061.13343,7239.0,4.27,7239.0,94572240.9248
2017-12-07,4419.0,,183666000.0,2373610085.58,1134.017602,4951.0,4.52,4951.0,70673436.0271
2017-12-08,5989.0,,149508000.0,2101547766.72,1126.43125292,7063.0,3.99,7063.0,128796198.245
2017-12-09,12328.0,,133142000.0,2263704115.77,3296.59556258,13820.0,4.28,13820.0,241478642.041
2017-12-10,7097.0,,98890000.0,2160678222.01,1083.42222069,8142.0,4.07,8142.0,99966861.8298
2017-12-11,5904.0,,153155008.0,2010133339.35,1068.795,6971.0,3.77,6971.0,92470408.5145
2017-12-12,7805.0,,266450000.0,2342668082.52,1228.4643505,10291.0,4.38,10291.0,148589147.631
2017-12-13,14164.0,,663820992.0,2855407527.33,1545.607364,17911.0,5.32,17911.0,461446034.068
2017-12-14,12751.0,,613600000.0,3904595768.89,1504.7978,16510.0,7.24,16510.0,376134858.416
2017-12-15,11098.0,,640457984.0,4547429242.79,1330.31903,13671.0,8.41,13671.0,324844513.995
2017-12-16,12188.0,,540462016.0,4419849508.13,773.3,14767.0,8.14,14767.0,238320593.896
2017-12-17,9897.0,,361464000.0,4689775057.83,1075.00272866,12094.0,8.6,12094.0,166759225.277
2017-12-18,8459.0,,577649984.0,4498576343.37,1639.00224,10508.0,8.22,10508.0,217823833.191
2017-12-19,12848.0,,1688240000.0,5074950877.89,1841.553252,16567.0,9.24,16567.0,403315124.207
2017-12-20,9632.0,,775977024.0,6862297508.24,1875.4462125,12371.0,12.45,12371.0,341845080.228
2017-12-21,10040.0,,349756000.0,6614982642.05,2192.30800614,12324.0,11.96,12324.0,297755831.368
2017-12-22,9642.0,,612398016.0,5935360451.2,3141.9817,13440.0,10.66,13440.0,517925271.411
2017-12-23,8253.0,,233174000.0,4452516121.01,1435.54843,10791.0,7.97,10791.0,225432209.559
2017-12-24,7080.0,,192175008.0,4771511883.41,2047.8399324,9102.0,8.51,9102.0,185108525.37
2017-12-25,6662.0,,337892992.0,4614813350.09,2454.52158,8044.0,8.2,8044.0,176279936.441
2017-12-26,5979.0,,336595008.0,5517768018.51,1609.6936714,7553.0,9.77,7553.0,179382834.176
2017-12-27,6362.0,,530216000.0,5574419158.87,1677.89323745,8048.0,9.83,8048.0,169914974.991
2017-12-28,7415.0,,478886016.0,5994529166.4,2098.514,9598.0,10.54,9598.0,253557471.326
2017-12-29,5851.0,,448089984.0,5484356822.03,1644.22283986,7357.0,9.6,7357.0,179374909.412
2017-12-30,6340.0,,499400000.0,5423461247.45,1889.72014,7991.0,9.46,7991.0,198481654.603
2017-12-31,5802.0,,312308000.0,4892174933.74,1702.0,7065.0,8.51,7065.0,173161060.237
2018-01-01,7477.0,,331072992.0,5063610228.74,1043.42130943,8883.0,8.77,8883.0,188556811.515
2018-01-02,6952.0,,552188992.0,5162882715.2,1477.24980569,8552.0,8.91,8552.0,525673017.3
2018-01-03,10228.0,,529459008.0,5416153271.96,989.327408121,12256.0,9.32,12256.0,165216649.389
2018-01-04,8328.0,,1204969984.0,6091609857.44,1666.775,9776.0,10.45,9776.0,192413354.514
2018-01-05,7669.0,,618755008.0,6569254485.24,1684.5,8387.0,11.23,8387.0,167075702.707
2018-01-06,8297.0,,688819008.0,6343842588.87,1562.219041,9341.0,10.81,9341.0,172271529.214
2018-01-07,8757.0,,781497024.0,7522755946.52,1792.80904272,9775.0,12.77,9775.0,204175737.851
2018-01-08,9647.0,,697174976.0,7394023061.01,2414.43,12520.0,12.51,12520.0,505012108.539
2018-01-09,8384.0,,546937024.0,5732477886.35,1825.7927,10403.0,9.67,10403.0,230127510.014
2018-01-10,7339.0,,1211789952.0,5549901333.2,2066.72946078,9468.0,9.33,9468.0,245048026.389
2018-01-11,8304.0,,1161849984.0,6766183674.97,2051.762163,10956.0,11.33,10956.0,251132944.723
2018-01-12,13026.0,,2449370112.0,6826798290.11,1697.46,15847.0,11.4,15847.0,389209087.027
2018-01-13,16410.0,,3379130112.0,8369396530.72,1404.50016,19493.0,13.92,19493.0,328130722.825
2018-01-14,12756.0,,1162419968.0,9771610388.2,1614.4128,15255.0,16.17,15255.0,373672680.735
2018-01-15,9196.0,,806380992.0,8140149501.27,1342.0,10759.0,13.42,10759.0,210160248.134
2018-01-16,11420.0,,1599730048.0,7887100859.44,1628.42934626,13550.0,12.96,13550.0,320959195.801
2018-01-17,11181.0,,1625250048.0,6234921110.76,1392.184332,13927.0,10.2,13927.0,271714617.233
2018-01-18,12102.0,,1266300032.0,6250542368.85,2027.9673468,14278.0,10.2,14278.0,300445152.054
2018-01-19,7517.0,,845596032.0,6385684886.25,1394.62014661,9358.0,10.38,9358.0,187616780.621
2018-01-20,10783.0,,2777449984.0,6943205731.31,1811.93623058,14486.0,11.25,14486.0,336737012.239
2018-01-21,9158.0,,2887800064.0,9697572342.8,2944.76017065,11496.0,15.66,11496.0,575535803.089
2018-01-22,9306.0,,2902200064.0,8413913906.53,1885.2404783,11768.0,13.54,11768.0,285712185.143
2018-01-23,8606.0,,1614680064.0,8461927661.31,2046.6549471,10790.0,13.57,10790.0,289293170.997
2018-01-24,8124.0,,1050800000.0,8140846529.71,1866.39658226,9882.0,13.01,9882.0,237101263.61
2018-01-25,8244.0,,1546860032.0,8761574151.29,1653.7016,10451.0,13.96,10451.0,251193340.781
2018-01-26,7568.0,,1444039936.0,8992602574.57,1694.0638176,9557.0,14.28,9557.0,235212764.018
2018-01-27,7620.0,,653830976.0,9057978400.08,1861.20294,9091.0,14.34,9091.0,250225262.404
2018-01-28,8839.0,,646950016.0,9085776535.75,1740.3711066,10884.0,14.34,10884.0,310627453.593
2018-01-29,6976.0,,565307008.0,9552077921.01,1888.06460751,8966.0,15.03,8966.0,313202617.591
2018-01-30,10456.0,,980342016.0,8949712361.33,3183.31414701,13228.0,14.03,13228.0,389769716.127
2018-01-31,7313.0,,1008809984.0,7332761117.61,1784.9713809,9936.0,11.46,9936.0,302865094.733
2018-02-01,7809.0,,919859008.0,7853388453.56,2444.5947096,10570.0,12.24,10570.0,452801572.173
2018-02-02,8315.0,,1534140032.0,6542119314.47,2222.7552,11829.0,10.17,11829.0,369947473.542
2018-02-03,6201.0,,736278016.0,6307335286.12,1753.3242,8063.0,9.77,8063.0,262768788.992
2018-02-04,6620.0,,588172032.0,6323824757.94,2432.13010783,9306.0,9.77,9306.0,461252651.931
2018-02-05,7096.0,,640158976.0,5637142839.21,2593.59438128,10194.0,8.68,10194.0,269208892.108
2018-02-06,8252.0,,1304850048.0,4672430504.31,2151.0,11722.0,7.17,11722.0,373620939.569
2018-02-07,5937.0,,762883968.0,5473033041.56,1850.82927,8092.0,8.35,8092.0,175055151.661
2018-02-08,4384.0,,542067968.0,5037557584.69,1513.77526591,5573.0,7.66,5573.0,95619564.2465
2018-02-09,5542.0,,507606016.0,5603423976.32,1653.65744085,7084.0,8.5,7084.0,134613221.953
2018-02-10,6432.0,,609065984.0,6353394032.26,2007.1729495,8362.0,9.61,8362.0,178768764.106
2018-02-11,5388.0,,408012992.0,6036620259.87,2727.0,6968.0,9.09,6968.0,194093349.714
2018-02-12,4830.0,,353976000.0,5626804091.05,1690.44785004,6102.0,8.45,6102.0,124021748.726
2018-02-13,4774.0,,365436000.0,6128653460.72,1101.6,6026.0,9.18,6026.0,121568315.908
2018-02-14,5828.0,,480308992.0,6176014963.45,1620.92086585,8084.0,9.23,8084.0,341017590.353
2018-02-15,5143.0,,392064992.0,6674728582.03,397.6,10791.0,9.94,10791.0,136864808.702
2018-02-16,4438.0,,249798000.0,6840905003.51,223.3,14640.0,10.15,14640.0,136850827.24
2018-02-17,4968.0,,276848992.0,6765171947.52,281.699383355,17660.0,10.01,17660.0,177780279.225
2018-02-18,4522.0,,353808000.0,6888174070.27,232.13216403,17766.0,10.16,17766.0,161871355.107
2018-02-19,4278.0,,225362000.0,6371191485.42,234.25,20459.0,9.37,20459.0,114256923.651
2018-02-20,5073.0,,305780992.0,6598480251.88,290.7,17540.0,9.69,17540.0,153776428.5
2018-02-21,4659.0,,298552992.0,6329360905.65,1674.34631912,5910.0,9.27,5910.0,129420887.739
2018-02-22,4567.0,,295638016.0,5999867668.72,1568.83,5946.0,8.74,5946.0,131872579.309
2018-02-23,4621.0,,284364992.0,5543139879.41,1230.96068248,5894.0,8.05,5894.0,102585678.315
2018-02-24,4498.0,,241756992.0,5920473776.44,1310.60444028,5743.0,8.57,5743.0,123236127.776
2018-02-25,4496.0,,173548992.0,5660898608.51,1254.3908936,5563.0,8.18,5563.0,146730129.16
2018-02-26,5060.0,,251184992.0,5486348059.29,1476.43673749,6557.0,7.9,6557.0,119922148.58
2018-02-27,5263.0,,330184992.0,5692119927.81,1465.5346,6830.0,8.17,6830.0,149071038.812
2018-02-28,5046.0,,380052992.0,5959041616.52,1370.29558668,6370.0,8.53,6370.0,197592549.944
2018-03-01,4666.0,,214126000.0,5882579219.79,1520.51816786,5854.0,8.39,5854.0,128319881.289
2018-03-02,5223.0,,211631008.0,6107150316.2,944.734238,6709.0,8.68,6709.0,178197852.001
2018-03-03,4871.0,,141850000.0,5720276269.76,813.57057654,6178.0,8.11,6178.0,90078281.6829
2018-03-04,5628.0,,195810000.0,5656286564.3,1194.4,7144.0,8.0,7144.0,155730520.899
2018-03-05,5607.0,,183715008.0,5808483651.88,1539.1464889,6905.0,8.18,6905.0,126135732.082
2018-03-06,5535.0,,233026000.0,5697591755.03,1760.0,7345.0,8.0,7345.0,147841641.01
2018-03-07,6029.0,,423460000.0,5177115342.36,1740.0,8216.0,7.25,8216.0,170481488.994
2018-03-08,6631.0,,299364992.0,4667363183.7,1700.7020205,8987.0,6.51,8987.0,155244627.441
2018-03-09,6133.0,,429200992.0,4456801146.62,1630.67291659,8611.0,6.2,8611.0,198881690.705
2018-03-10,4773.0,,309652992.0,4445653916.52,1271.800621,6081.0,6.17,6081.0,93072947.4426
2018-03-11,4295.0,,271828992.0,4178590300.63,1095.53692995,5302.0,5.79,5302.0,85164713.0278
2018-03-12,5045.0,,206551008.0,4457706932.57,1168.5,5769.0,6.15,5769.0,125459397.186
2018-03-13,5775.0,,199199008.0,4229203447.64,1743.09,7019.0,5.82,7019.0,352434435.969
2018-03-14,5137.0,,210732992.0,4276668281.43,1572.573,6475.0,5.87,6475.0,124945531.744
2018-03-15,5292.0,,293299008.0,3907562441.56,1636.26164088,7183.0,5.35,7183.0,168644233.546
2018-03-16,4149.0,,184719008.0,3792143387.17,1374.59588,5593.0,5.18,5593.0,107105335.485
2018-03-17,3868.0,,140080000.0,3741229950.06,1198.33369449,4996.0,5.09,4996.0,81155541.3884
2018-03-18,4769.0,,333500992.0,3424567122.0,1699.09869171,6511.0,4.65,6511.0,110079910.452
2018-03-19,5071.0,,660668992.0,3474780625.9,1385.682,7383.0,4.71,7383.0,123751750.937
2018-03-20,5501.0,,667072000.0,4572221771.93,1530.16,7847.0,6.17,7847.0,170235577.809
2018-03-21,9013.0,,765790016.0,4506956804.68,2119.644,13127.0,6.07,13127.0,336654107.27
2018-03-22,13485.0,,1062430016.0,5217760192.34,2103.0,19202.0,7.01,19202.0,445095976.496
2018-03-23,12049.0,,846830016.0,5237694987.97,972.555898992,15827.0,7.02,15827.0,273338575.477
2018-03-24,6102.0,,357179008.0,5239661465.38,1565.76,8895.0,6.99,8895.0,160675227.216
2018-03-25,4756.0,,274460000.0,4961415456.17,1096.919208,7002.0,6.6,7002.0,119903534.173
2018-03-26,6424.0,,553672000.0,4924692196.12,2232.92972703,9441.0,6.53,9441.0,230514613.006
2018-03-27,5996.0,,877542976.0,4458377388.16,2293.507,9195.0,5.9,9195.0,175511890.482
2018-03-28,5790.0,,616041984.0,4454001914.31,1475.88,8237.0,5.88,8237.0,176353412.327
2018-03-29,5538.0,,626902976.0,4787130057.65,1442.595355,8054.0,6.31,8054.0,199072330.362
2018-03-30,7745.0,,506609984.0,4592963250.65,853.0012674,10311.0,6.03,10311.0,177142478.769
2018-03-31,4312.0,,224212992.0,4665802353.77,1408.13461465,5884.0,6.11,5884.0,147134085.256
2018-04-01,4288.0,,401303008.0,4595550408.13,1868.8355301,6282.0,6.0,6282.0,140905829.363
2018-04-02,4814.0,,314995008.0,4357040610.93,1243.92,6659.0,5.68,6659.0,118595080.575
2018-04-03,5124.0,,306368992.0,4542905375.74,994.863284099,6896.0,5.9,6896.0,133197056.946
2018-04-04,4488.0,,260820000.0,4716884556.67,972.065309413,6050.0,6.11,6050.0,104785469.413
2018-04-05,5376.0,,542464000.0,4425649361.17,1428.2423391,7476.0,5.72,7476.0,109379808.699
2018-04-06,9108.0,,451440992.0,4931373160.03,1265.64,11742.0,6.36,11742.0,208097699.318
2018-04-07,5132.0,,220028000.0,4570743631.43,1293.37159552,7095.0,5.88,7095.0,109136974.135
2018-04-08,12486.0,,166915008.0,4608971055.56,751.78619392,14504.0,5.9,14504.0,127985163.766
2018-04-09,10358.0,,226564992.0,4682982539.28,1149.58826166,13272.0,5.98,13272.0,170412131.519
2018-04-10,8610.0,,225494000.0,4614127446.74,1699.32,11640.0,5.88,11640.0,198680917.511
2018-04-11,16378.0,,1818530048.0,4719570337.81,1741.0782189,25756.0,6.0,25756.0,630325512.789
2018-04-12,26798.0,,1717360000.0,6705092651.09,2126.7,37730.0,8.5,37730.0,850133368.834
2018-04-13,20028.0,,936742976.0,6891953300.93,1231.21076,27613.0,8.71,27613.0,557468269.002
2018-04-14,26192.0,,811486976.0,6939070493.17,874.125,36260.0,8.75,36260.0,811995956.603
2018-04-15,20751.0,,861262976.0,6860105540.24,862.999999137,26791.0,8.63,26791.0,550287208.145
2018-04-16,9617.0,,455204000.0,6702521378.86,855.78,12991.0,8.39,12991.0,363872633.269
2018-04-17,8236.0,,798768000.0,6506499400.84,1401.46458928,12368.0,8.13,12368.0,237343947.078
2018-04-18,6521.0,,518188992.0,6809426268.44,1305.852843,9407.0,8.49,9407.0,210214737.959
2018-04-19,6850.0,,554115968.0,7258026391.05,1547.73147048,9865.0,9.02,9865.0,241797618.095
2018-04-20,9682.0,,1512339968.0,7670716387.7,1817.7114435,14315.0,9.51,14315.0,568481335.017
2018-04-21,8110.0,,1142259968.0,9366852953.38,2214.681948,11641.0,11.58,11641.0,529833636.548
2018-04-22,7913.0,,1001900032.0,8972265328.87,1910.26747201,11477.0,11.07,11477.0,335202985.699
2018-04-23,8003.0,,662115968.0,9206057492.74,1356.3164527,10239.0,11.33,10239.0,379101104.528
2018-04-24,15996.0,,3223780096.0,9555272838.34,1550.7911598,23527.0,11.73,23527.0,546556352.994
2018-04-25,12758.0,,3005040128.0,12333916594.9,2448.012,17551.0,15.1,17551.0,517453660.085
2018-04-26,9773.0,,1566850048.0,11814165223.2,2164.5,13373.0,14.43,13373.0,543377565.859
2018-04-27,11797.0,,2486409984.0,12697852550.1,2311.53454822,15945.0,15.47,15945.0,602981523.308
2018-04-28,16798.0,,2728300032.0,13729365061.4,1891.5798917,21861.0,16.69,21861.0,612534449.474
2018-04-29,20512.0,,4870720000.0,15575080761.4,2832.0,29523.0,18.88,29523.0,2030260439.82
2018-04-30,15934.0,,4073370112.0,17893409761.7,3539.94310386,23260.0,21.64,23260.0,1090941816.01
2018-05-01,11211.0,,3330129920.0,14650265425.3,2297.1,15329.0,17.67,15329.0,577347664.083
2018-05-02,10956.0,,2410370048.0,15728499997.8,1906.251,14521.0,18.93,14521.0,592407768.906
2018-05-03,14809.0,,2266540032.0,16048212223.6,2335.03592289,20461.0,19.27,20461.0,1874543035.11
2018-05-04,11340.0,,1749309952.0,14787162293.3,2100.28867036,15618.0,17.71,15618.0,456290958.542
2018-05-05,10868.0,,1614729984.0,14342679348.5,1714.0,14491.0,17.14,14491.0,396950738.394
2018-05-06,9379.0,,1434829952.0,14885286045.2,2212.23308847,12570.0,17.74,12570.0,431359227.51
2018-05-07,10010.0,,2000850048.0,14859803709.3,2703.51,13998.0,17.67,13998.0,574524849.721
2018-05-08,11679.0,,1449939968.0,15153231246.1,1986.7736382,15059.0,17.98,15059.0,610945225.35
2018-05-09,14157.0,,1199539968.0,15328765830.2,1902.6,18745.0,18.12,18745.0,604111678.993
2018-05-10,16650.0,,1287810048.0,15242025611.8,1831.8618,21771.0,17.97,21771.0,698626020.167
2018-05-11,13859.0,,2919820032.0,14846999618.1,3492.0,19949.0,17.46,19949.0,983639901.232
2018-05-12,12169.0,,3091069952.0,12769386456.8,3314.3117394,19296.0,14.98,19296.0,1350601125.37
2018-05-13,9775.0,,1589949952.0,12158236921.1,1768.6337507,13973.0,14.23,13973.0,567244364.672
2018-05-14,12469.0,,1702960000.0,12789917057.5,2530.635,17905.0,14.93,17905.0,673738104.281
2018-05-15,11295.0,,1371869952.0,12064861638.2,2327.18061977,15596.0,14.05,15596.0,663393431.424
2018-05-16,23681.0,,1534140032.0,11128450098.1,827.52,28139.0,12.93,28139.0,479332574.901
2018-05-17,12201.0,,1644329984.0,11105293037.0,1274.13,16514.0,12.87,16514.0,482822166.024
2018-05-18,14163.0,,1343680000.0,10703520512.9,436.823636059,17754.0,12.37,17754.0,552018331.137
2018-05-19,8000.0,,1018750016.0,11301547929.9,1429.51087655,10397.0,13.04,10397.0,270806389.411
2018-05-20,10602.0,,1228359936.0,11440235253.8,1744.38283923,14387.0,13.17,14387.0,360337407.164
2018-05-21,11932.0,,1063000000.0,12221800434.0,1931.10785702,16068.0,14.03,16068.0,447527477.289
2018-05-22,10045.0,,991158976.0,11799688671.3,1962.1381312,13283.0,13.52,13283.0,566459144.825
2018-05-23,12970.0,,1591750016.0,10796222473.0,1759.86089988,17371.0,12.33,17371.0,532505865.874
2018-05-24,15469.0,,2161890048.0,9578905698.29,1852.90434425,19888.0,10.92,19888.0,684237849.995
2018-05-25,18594.0,,1624390016.0,11259988763.8,1637.6304,24317.0,12.81,24317.0,450227972.33
2018-05-26,18347.0,,1085629952.0,10815611614.9,1239.27,21424.0,12.27,21424.0,465078240.256
2018-05-27,15032.0,,939929024.0,10854880939.1,1265.87,17421.0,12.29,17421.0,733344984.725
2018-05-28,25908.0,,1580160000.0,11075233443.9,1516.54358731,30984.0,12.5,30984.0,1319246286.8
2018-05-29,31267.0,,1877299968.0,10390094610.3,1753.83,37769.0,11.7,37769.0,929289719.612
2018-05-30,34369.0,,1269209984.0,10842179404.2,1199.73,44229.0,12.18,44229.0,1163797515.86
2018-05-31,50224.0,,1142809984.0,10673141719.6,362.691,57471.0,11.97,57471.0,1157757824.44
2018-06-01,15457.0,,1058150016.0,10985414895.6,508.5390612,18093.0,12.29,18093.0,2276723319.07
2018-06-02,7781.0,,2884720128.0,11010822218.7,325.015940573,9204.0,12.29,9204.0,257282543.905
2018-06-03,,,1631840000.0,13272700215.5,,,14.81,,
2018-06-04,,,1297159936.0,13080306451.9,,,14.6,,
2018-06-05,,,1445139968.0,12173223893.5,,,13.58,,
2018-06-06,,,1022289984.0,12768756146.5,,,14.25,,
2018-06-07,,,1017480000.0,12536529888.0,,,13.99,,
2018-06-08,,1.0,1105590016.0,13056898100.8,,,14.57,,
2018-06-09,163932.0,13337.0,1175320064.0,12577477189.5,140.4,163931.0,14.04,25103.0,65954167.308
2018-06-10,57.0,80482.0,2317139968.0,12578956320.7,14.04,51.0,14.04,12975.0,1037.98422
2018-06-11,197.0,172800.0,1570569984.0,10137637003.6,11.31,223.0,11.31,14362.0,11199.138249
2018-06-12,254.0,172800.0,1052700032.0,10352248346.3,1.155,416.0,11.55,10237.0,16235.07963
2018-06-13,233.0,172682.0,1266409984.0,9191323274.26,0.1026,404.0,10.26,8200.0,4120.21593
2018-06-14,246.0,172291.0,1409440000.0,9114082295.4,0.1276335,324.0,10.17,8898.0,3571.761969
2018-06-15,459.0,172503.0,936732992.0,10117527766.0,0.1129,797.0,11.29,117776.0,10592.420254
2018-06-16,283.0,138696.0,680969984.0,9544620576.1,0.001065,1100.0,10.65,14462.0,9111.38172
2018-06-17,346.0,172750.0,432120992.0,9529445198.67,0.001063,3299.0,10.63,60225.0,279346.836189
2018-06-18,522.0,172792.0,720630016.0,9357371634.79,10.44,534.0,10.44,62825.0,523896089.139
2018-06-19,791.0,170453.0,715926016.0,9603947082.14,53.6,800.0,10.72,52127.0,433789822.022
2018-06-20,1506.0,172746.0,852286976.0,9613469306.48,1287.6,1744.0,10.73,46448.0,530486092.339
2018-06-21,1172.0,172604.0,662139008.0,9348184717.96,104.3,1608.0,10.43,22361.0,327718578.344
2018-06-22,1066.0,172771.0,1258310016.0,9335203581.23,1042.0,2581.0,10.42,115952.0,224619067.341
2018-06-23,1089.0,172728.0,709977024.0,7769967161.86,1231.14,1926.0,8.67,13605.0,238935064.152
2018-06-24,1216.0,172653.0,1397600000.0,7581593388.57,795.24,2199.0,8.46,11904.0,57475824.6598
2018-06-25,1430.0,172778.0,905011968.0,7235805663.07,393.947541,2876.0,8.07,112690.0,208869761.779
2018-06-26,1341.0,172762.0,629339008.0,7397857966.35,518.211337,2916.0,8.26,66819.0,97351774.6559
2018-06-27,1728.0,172602.0,716035968.0,6704738011.93,374.0,4228.0,7.48,280735.0,93155062.5384
2018-06-28,2232.0,172629.0,724915008.0,7181279208.11,364.824261,5304.0,8.01,144743.0,442035939.876
2018-06-29,1855.0,172705.0,802745984.0,6694799611.62,298.484019,4414.0,7.47,215778.0,25396521.3113
2018-06-30,1725.0,172348.0,832537984.0,6940309304.41,215.767206,4184.0,7.74,115583.0,149229583.994
2018-07-01,2125.0,172641.0,621643008.0,7304498748.3,143.44,5485.0,8.15,137605.0,34393192.1941
2018-07-02,3598.0,172661.0,1024129984.0,7292187021.43,260.48,8820.0,8.14,136374.0,80698652.8853
2018-07-03,6495.0,172423.0,1006099968.0,7986778472.69,406.9878615,15278.0,8.91,154296.0,367355792.985
2018-07-04,4290.0,172721.0,935387008.0,7926676527.44,447.952485,9309.0,8.85,121373.0,86784379.7551
2018-07-05,4318.0,172715.0,958548992.0,7953877599.16,427.000128,10324.0,8.88,132903.0,180269128.84
2018-07-06,4503.0,172415.0,604649984.0,7974756486.01,355.11,10083.0,8.9,164583.0,149232024.547
2018-07-07,3404.0,170416.0,490260992.0,7771778152.53,211.771686,7329.0,8.67,132155.0,106251198.763
2018-07-08,2577.0,170154.0,491667008.0,8105814018.09,350.176152,4867.0,9.04,148823.0,117476094.962
2018-07-09,2861.0,172762.0,707878016.0,7800990302.88,448.889012,5490.0,8.71,124232.0,66518537.775
2018-07-10,2551.0,172610.0,707110016.0,6941401820.56,644.270675,5207.0,7.75,607513.0,64185777.6701
2018-07-11,2646.0,172041.0,599606976.0,6458982246.0,657.4254645,5162.0,7.21,676522.0,158411186.479
2018-07-12,2948.0,172778.0,597379968.0,6422020856.37,179.25,5718.0,7.17,353890.0,94097809.8847
2018-07-13,66769.0,172417.0,586718016.0,6188994292.0,0.000691,71921.0,6.91,936254.0,76244885.4214
2018-07-14,3854.0,170900.0,396983008.0,6236709698.61,69.6,6846.0,6.96,2262137.0,100781361.25
2018-07-15,5086.0,171027.0,501440000.0,6258234111.16,62.82,9029.0,6.98,3235261.0,137337562.808
2018-07-16,5848.0,171175.0,716972032.0,6627540421.01,74.0,12144.0,7.4,2207468.0,261566163.584
2018-07-17,7009.0,164498.0,847793984.0,7228384569.57,20.175,13040.0,8.07,6321479.0,92287149.5752
2018-07-18,12274.0,168334.0,929459008.0,7861001883.93,0.000877,20206.0,8.77,6742775.0,85008072.3754
2018-07-19,5011.0,163750.0,852908992.0,7689320056.26,66.07887,9493.0,8.58,8307320.0,510843579.318
2018-07-20,9507.0,168419.0,810102976.0,7524654200.35,0.81396,17413.0,8.4,5766056.0,191725694.743
2018-07-21,6805.0,170205.0,551660032.0,7075781759.43,0.79,19187.0,7.9,7025941.0,56083295.3229
2018-07-22,5393.0,169867.0,497159008.0,7183798295.8,8.24055,10545.0,8.02,7545182.0,53707107.7001
2018-07-23,19249.0,170213.0,630787008.0,7058034135.99,0.000788,28757.0,7.88,7166509.0,79164683.5537
2018-07-24,13417.0,171849.0,1007480000.0,7145990573.58,0.000797,20726.0,7.97,6941005.0,350678149.433
2018-07-25,9637.0,170390.0,835307008.0,7669966968.93,0.856,15234.0,8.56,7274451.0,97454560.8288
2018-07-26,31975.0,168620.0,644028992.0,7636827164.29,0.000852,42982.0,8.52,7077989.0,71415602.2122
2018-07-27,86939.0,171699.0,694945984.0,7448410215.12,0.000831,92324.0,8.31,3698243.0,73398070.4619
2018-07-28,71139.0,171606.0,527104000.0,7557037212.5,0.000843,77620.0,8.43,5653858.0,76570500.4594
2018-07-29,7281.0,170963.0,615336000.0,7478152436.0,0.000834,10916.0,8.34,8416821.0,34595288.073
2018-07-30,4174.0,170039.0,849398000.0,7472847923.61,4.347642,10251.0,8.34,8083187.0,126230798.153
2018-07-31,14166.0,170142.0,708842000.0,7043731608.83,0.000777,19772.0,7.77,7271418.0,68393450.3058
2018-08-01,10796.0,170708.0,699077000.0,6665673606.48,0.000736,16676.0,7.36,7661172.0,50425711.6091
2018-08-02,28846.0,168679.0,559363000.0,6557748174.03,0.000724,38622.0,7.24,8216194.0,203854767.625
2018-08-03,28265.0,162113.0,521404000.0,6391557069.06,0.000705,35364.0,7.05,8361138.0,39000821.2889
2018-08-04,67031.0,168018.0,465467000.0,6521576345.41,0.00072,86935.0,7.2,7215324.0,42863960.7475
2018-08-05,64403.0,170414.0,481289000.0,6339914984.56,0.0007,78604.0,7.0,3364039.0,89511936.2277
2018-08-06,40912.0,170405.0,477949000.0,6399873307.64,0.000706,77157.0,7.06,5985614.0,50950606.9636
2018-08-07,12504.0,171412.0,572786000.0,6396299839.4,0.000706,17222.0,7.06,7390761.0,55602082.5097
2018-08-08,9791.0,171604.0,885000000.0,5986236007.19,0.78408,17844.0,6.6,6763662.0,266709172.782
2018-08-09,5017.0,172136.0,711726000.0,5086059957.91,17.8959,11393.0,5.61,7358344.0,61311407.3761
2018-08-10,58708.0,169937.0,771704000.0,5252916633.45,0.00058,65693.0,5.8,6806950.0,76892621.05
2018-08-11,33862.0,166506.0,651458000.0,4782267183.49,0.000528,50919.0,5.28,7337851.0,55043207.0982
2018-08-12,74243.0,163082.0,602163000.0,4562197971.17,0.000503,86156.0,5.03,7666177.0,28798178.5477
2018-08-13,3658.0,165454.0,666517000.0,4543796443.16,38.7175305,10220.0,5.01,8690481.0,62559316.7713
2018-08-14,6561.0,169339.0,588931000.0,4188205399.61,4.62,13608.0,4.62,8476219.0,63139672.6159
2018-08-15,12016.0,168596.0,692546000.0,4219652774.75,0.000466,18003.0,4.66,7608511.0,52066113.7679
2018-08-16,2177.0,171942.0,654120000.0,4208112472.99,46.4,8218.0,4.64,3237240.0,50041645.0103
2018-08-17,2590.0,172330.0,1009130000.0,4093224526.93,41.358,11235.0,4.52,2915765.0,80596257.0758
2018-08-18,83278.0,172062.0,824713000.0,5022094286.21,0.000554,100930.0,5.54,4696460.0,44323600.3967
2018-08-19,7257.0,171033.0,659969000.0,4618899427.57,0.49266,20457.0,5.1,7962129.0,47372096.6834
2018-08-20,5185.0,171153.0,560766000.0,4803775189.75,5.3,23050.0,5.3,7622641.0,51382345.8672
2018-08-21,116996.0,171708.0,412303000.0,4288756882.83,0.000473,214207.0,4.73,6517547.0,271488915.004
2018-08-22,78716.0,172630.0,571812000.0,4453076192.67,0.000491,161645.0,4.91,2436206.0,79800916.6467
2018-08-23,22113.0,171652.0,442313000.0,4286208331.64,4.73,75509.0,4.73,6802492.0,94847794.8701
2018-08-24,11184.0,171985.0,616336000.0,4450121710.26,4.9591,90991.0,4.91,6909588.0,56086154.9604
2018-08-25,16679.0,171923.0,356801000.0,4583030542.61,5.06,107432.0,5.06,6723153.0,40715288.2462
2018-08-26,13959.0,172323.0,361901000.0,4571489234.33,5.04,63036.0,5.04,2606978.0,36500108.3934
2018-08-27,4637.0,171720.0,552155000.0,4483369082.6,4.95,99888.0,4.95,5774005.0,62478407.3814
2018-08-28,4317.0,171709.0,622686000.0,4852314761.07,5.35,91757.0,5.35,5646995.0,80690425.3825
2018-08-29,7011.0,172064.0,955876000.0,5349397303.02,5.9,115401.0,5.9,5336603.0,114358541.46
2018-08-30,18460.0,171291.0,744458000.0,5544851808.49,6.12,100343.0,6.12,4498038.0,95307843.0827
2018-08-31,16176.0,171206.0,899621000.0,5489206252.34,6.06,164087.0,6.06,3452900.0,122402180.296
2018-09-01,4856.0,170917.0,746530000.0,5839707983.22,9.66,129681.0,6.44,4347621.0,69852528.9221
2018-09-02,4102.0,171124.0,903575000.0,6025772150.52,6.65,135555.0,6.65,4210544.0,88762093.9856
2018-09-03,4383.0,171103.0,720704000.0,6013514839.28,6.64,128057.0,6.64,4380445.0,173578712.777
2018-09-04,25927.0,170553.0,765275000.0,5850079184.74,6.46,146044.0,6.46,4774481.0,178570978.136
2018-09-05,58163.0,171166.0,1009270000.0,5871714616.55,6.48,186341.0,6.48,5048297.0,141146897.161
2018-09-06,69933.0,171337.0,844070000.0,4720374699.54,5.21,210500.0,5.21,904307.0,127437519.951
2018-09-07,54316.0,168901.0,651853000.0,4744001223.52,5.23,194347.0,5.23,5077661.0,136419466.697
2018-09-08,33266.0,172393.0,531005000.0,4624675642.5,5.1,180169.0,5.1,3157655.0,44690175.6754
2018-09-09,16823.0,158109.0,621964000.0,4311834621.97,4.76,117675.0,4.76,5914083.0,56210751.2998
2018-09-10,6520.0,161229.0,536130000.0,4518529255.75,4.99,125234.0,4.99,4810318.0,96006053.3909
2018-09-11,7150.0,170573.0,582087000.0,4598233297.14,5.07,162237.0,5.07,1208067.0,44661495.0787
2018-09-12,5763.0,170838.0,707279000.0,4530097367.41,5.0,153584.0,5.0,734139.0,37006855.42
2018-09-13,10251.0,172613.0,718438000.0,4493191135.85,4.96,178337.0,4.96,622992.0,118624180.983
2018-09-14,47357.0,172473.0,606576000.0,4912659411.81,1.355,170196.0,5.42,617567.0,83764486.1142
2018-09-15,7806.0,172449.0,508734000.0,4758949882.36,10.5,203943.0,5.25,803841.0,42967257.511
2018-09-16,25883.0,172588.0,477706000.0,4874897078.06,5.38,199730.0,5.38,714053.0,47260514.7084
2018-09-17,39668.0,172563.0,696413000.0,4919381379.71,5.43,217620.0,5.43,824640.0,83312929.0405
2018-09-18,45052.0,172570.0,658606000.0,4404446267.61,2.43,249505.0,4.86,966691.0,71694975.5466
2018-09-19,19226.0,172689.0,622045000.0,4584855025.7,2.53,280399.0,5.06,991468.0,56798826.9109
2018-09-20,25527.0,172791.0,703866000.0,4761268175.3,2.2575,295495.0,5.25,970782.0,75118655.8101
2018-09-21,97600.0,172676.0,1088760000.0,5212555870.28,0.71875,406033.0,5.75,1107299.0,138784524.433
2018-09-22,93554.0,172793.0,669024000.0,5600717605.16,0.927,373066.0,6.18,1129399.0,74515486.7615
2018-09-23,16635.0,172653.0,686260000.0,5392722745.0,1.4875,308543.0,5.95,1152974.0,223945841.605
2018-09-24,36774.0,172792.0,654906000.0,5458246565.86,0.602,446690.0,6.02,1052409.0,37987463.8478
2018-09-25,87564.0,172728.0,891486000.0,5149299716.45,1.136,344606.0,5.68,1197153.0,99355826.4344
2018-09-26,20347.0,172759.0,683187000.0,4889061779.26,2.156,281724.0,5.39,1130715.0,46460416.2113
2018-09-27,17118.0,172515.0,753645000.0,5035320417.18,3.684612,302093.0,5.56,903215.0,57211436.3364
2018-09-28,19690.0,172690.0,840105000.0,5283445662.0,4.664,311724.0,5.83,909954.0,96281102.4835
2018-09-29,13538.0,172772.0,678214000.0,5223714670.0,4.608,344553.0,5.76,1131483.0,75234697.5197
2018-09-30,26260.0,172793.0,828008000.0,5219241811.8,1.728,352066.0,5.76,1288261.0,110893317.64
2018-10-01,36951.0,172788.0,695608000.0,5198765742.0,1.435,372509.0,5.74,1416553.0,63690010.8036
2018-10-02,75943.0,172793.0,564671000.0,5198652212.49,0.7175,507607.0,5.74,1883906.0,47042344.5907
2018-10-03,99742.0,172800.0,595740000.0,5082325354.52,0.70125,406992.0,5.61,1377687.0,57454858.2509
2018-10-04,72562.0,172772.0,613679000.0,5099873750.2,1.4075,384275.0,5.63,1472277.0,52165132.031
2018-10-05,135802.0,172728.0,554553000.0,5248360387.57,0.579,461164.0,5.79,1461405.0,55295052.3758
2018-10-06,210680.0,172798.0,486075000.0,5264659282.61,0.581,643966.0,5.81,1668258.0,38995259.9185
2018-10-07,50548.0,172684.0,525930000.0,5191991182.09,0.573,558341.0,5.73,2118245.0,33683382.9981
2018-10-08,19103.0,172689.0,627571000.0,5232086810.84,1.4425,506036.0,5.77,1876704.0,176306101.26
2018-10-09,96145.0,172784.0,538883000.0,5364753229.16,0.9472,509187.0,5.92,2210207.0,67797114.5067
2018-10-10,83520.0,172290.0,533169000.0,5337692964.05,1.4725,538653.0,5.89,2020724.0,120929142.785
2018-10-11,52656.0,172779.0,758737000.0,5325857628.0,1.47,536901.0,5.88,1978872.0,143145255.043
2018-10-12,56909.0,172667.0,525307000.0,4567078604.43,1.26,644295.0,5.04,2330469.0,70216027.2647
2018-10-13,21365.0,172721.0,362609000.0,4697845882.19,1.295,686748.0,5.18,2503586.0,72891992.636
2018-10-14,13658.0,172731.0,372903000.0,4755292940.72,1.3125,537772.0,5.25,1986067.0,53816032.8689
2018-10-15,18320.0,172762.0,918475000.0,4677105339.33,5.16,445022.0,5.16,1177049.0,138605872.686
2018-10-16,7988.0,172195.0,425119000.0,4963475389.37,5.48,576833.0,5.48,1804756.0,127193034.655
2018-10-17,20645.0,172736.0,401459000.0,4940797875.7,2.725,773723.0,5.45,2592855.0,87915530.6428
2018-10-18,45928.0,172726.0,440484000.0,4916108533.63,1.355,1086303.0,5.42,3525566.0,56287619.2022
2018-10-19,45519.0,172586.0,378435000.0,4860873150.57,2.220112,1294139.0,5.36,4329330.0,79378588.4422
2018-10-20,129278.0,172101.0,366171000.0,4841502753.33,1.335,1421357.0,5.34,3739906.0,99866668.5592
2018-10-21,99432.0,172567.0,443995000.0,4869274830.53,2.148,1368168.0,5.37,3708033.0,126642322.097
2018-10-22,30231.0,172574.0,348657000.0,4905529094.29,2.705,1099906.0,5.41,3535491.0,105359923.274
2018-10-23,35836.0,172537.0,329169000.0,4874438304.02,2.152,1155195.0,5.38,3611763.0,72518468.3912
2018-10-24,36190.0,172641.0,312068000.0,4902667617.59,2.705,1151157.0,5.41,4709716.0,78940492.5191
2018-10-25,36792.0,172692.0,291321000.0,4879130590.97,2.152,1229717.0,5.38,3771273.0,68636050.1069
2018-10-26,29098.0,172667.0,355795000.0,4863674144.38,2.685,1251572.0,5.37,4684824.0,79184604.7795
2018-10-27,19065.0,172509.0,415957000.0,4886231902.31,2.695,1266829.0,5.39,4521588.0,71423406.8687
2018-10-28,22376.0,172548.0,382333000.0,4889424728.29,2.22858,1283396.0,5.4,4113596.0,107047839.77
2018-10-29,29687.0,172691.0,578423000.0,4899178016.83,2.705,1284114.0,5.41,4019134.0,98306551.5026
2018-10-30,33103.0,172455.0,562212000.0,4663357800.69,5.15,1228695.0,5.15,3836278.0,91053903.9123
2018-10-31,37861.0,172573.0,646592000.0,4654767571.77,3.084,1358372.0,5.14,4486620.0,168415546.137
2018-11-01,43689.0,172652.0,560423000.0,4709788143.86,2.6,1399456.0,5.2,4690224.0,89732892.1778
2018-11-02,42017.0,172392.0,668222000.0,4781010548.24,5.28,1478286.0,5.28,4898734.0,127912023.57
2018-11-03,46976.0,172519.0,624348000.0,4861672664.11,4.963896,1335715.0,5.36,4328028.0,76263894.3766
2018-11-04,81696.0,172441.0,736521000.0,4811552328.52,5.31,1231874.0,5.31,3995996.0,137188091.215
2018-11-05,32931.0,171916.0,681390000.0,4928188915.6,5.44,1148363.0,5.44,4392188.0,122121443.074
2018-11-06,30052.0,172050.0,776546000.0,4931104332.73,5.48,1182326.0,5.48,4240665.0,334401242.145
2018-11-07,30164.0,171945.0,719042000.0,5192398511.05,5.73,1077015.0,5.73,4047880.0,160979825.558
2018-11-08,26258.0,171201.0,655039000.0,5115766804.25,5.64,1180132.0,5.64,4525805.0,166628690.902
2018-11-09,94486.0,169747.0,719946000.0,4986923702.04,5.5,1995179.0,5.5,7101094.0,137838137.562
2018-11-10,46490.0,171366.0,595931000.0,4877118984.31,5.38,1947598.0,5.38,7305228.0,118594854.197
2018-11-11,31077.0,171693.0,729699000.0,4906201814.28,5.41,2090138.0,5.41,7995091.0,129215316.116
2018-11-12,38398.0,172236.0,606714000.0,4941020651.69,5.45,1914749.0,5.45,7319390.0,120721953.014
2018-11-13,65118.0,172318.0,766307000.0,4890364463.29,5.4,1815306.0,5.4,7018913.0,133551469.931
2018-11-14,40283.0,172548.0,1244140000.0,4726276724.25,10.44,1594857.0,5.22,5404547.0,283812084.62
2018-11-15,18860.0,172522.0,1265280000.0,4203300734.06,6.032,1456938.0,4.64,4450275.0,155911359.503
2018-11-16,41471.0,172457.0,923308000.0,4247963619.15,4.69,1655422.0,4.69,5220367.0,484313295.933
2018-11-17,44614.0,172374.0,773374000.0,4125914597.66,4.55,1787751.0,4.55,5616736.0,102113493.144
2018-11-18,38216.0,172111.0,750443000.0,4148224406.47,4.58,1720697.0,4.58,5161205.0,133358333.358
2018-11-19,63327.0,172312.0,1193950000.0,4171792781.62,2.3,1967765.0,4.6,6287736.0,204315098.616
2018-11-20,37708.0,172144.0,1305960000.0,3685872521.27,2.035,2430883.0,4.07,7747554.0,163936056.763
2018-11-21,25916.0,171165.0,965961000.0,3390255231.09,1.496,2429740.0,3.74,7784163.0,200640301.505
2018-11-22,26461.0,171299.0,694359000.0,3457238762.67,1.905,2433807.0,3.81,8130565.0,112573990.197
2018-11-23,24608.0,170942.0,891425000.0,3190337256.09,1.408,2215204.0,3.52,7235145.0,116933232.767
2018-11-24,92951.0,171819.0,796038000.0,3272939796.94,1.805,1986957.0,3.61,7107485.0,141934285.882
2018-11-25,80873.0,171942.0,1057330000.0,2963492303.25,1.635,2047185.0,3.27,7031162.0,202104735.825
2018-11-26,51496.0,171711.0,984528000.0,3039539427.37,2.68,2057557.0,3.35,7138162.0,185135904.635
2018-11-27,81197.0,170970.0,957723000.0,2882021162.46,3.908538,1851421.0,3.18,6244985.0,132207969.52
