,activeaddresses,exchangevolume(usd),fees,marketcap(usd),price(usd),txcount,txvolume(usd)
2016-10-17,2.0,,10000.0,,,5.0,
2016-10-18,93.0,,0.0,,,192.0,
2016-10-19,134.0,,500.0,,,265.0,
2016-10-20,122.0,,0.0,,,268.0,
2016-10-21,110.0,,0.0,,,275.0,
2016-10-22,87.0,,0.0,,,209.0,
2016-10-23,63.0,,0.0,,,142.0,
2016-10-24,92.0,,0.0,,,204.0,
2016-10-25,195.0,,0.0,,,393.0,
2016-10-26,93.0,,0.0,,,166.0,
2016-10-27,86.0,,17000.0,,,165.0,
2016-10-28,81.0,,20500.0,,,173.0,
2016-10-29,75.0,,0.0,,,211.0,
2016-10-30,64.0,,0.0,,,100.0,
2016-10-31,76.0,,0.0,,,176.0,
2016-11-01,57.0,,0.0,,,119.0,
2016-11-02,39.0,,0.0,,,70.0,
2016-11-03,32.0,,0.0,,,70.0,
2016-11-04,31.0,,10000.0,,,46.0,
2016-11-05,28.0,,0.0,,,51.0,
2016-11-06,22.0,,0.0,,,38.0,
2016-11-07,29.0,,0.0,,,65.0,
2016-11-08,25.0,,0.0,,,59.0,
2016-11-09,21.0,,0.0,,,32.0,
2016-11-10,52.0,,10500.0,,,109.0,
2016-11-11,166.0,,11000.0,,,369.0,
2016-11-12,38.0,,0.0,,,66.0,
2016-11-13,24.0,,0.0,,,52.0,
2016-11-14,69.0,,0.0,,,152.0,
2016-11-15,56.0,,0.0,,,106.0,
2016-11-16,36.0,,0.0,,,72.0,
2016-11-17,30.0,,0.0,,,67.0,
2016-11-18,40.0,,0.0,,,97.0,
2016-11-19,37.0,,0.0,,,62.0,
2016-11-20,15.0,,0.0,,,22.0,
2016-11-21,52.0,,0.0,,,137.0,
2016-11-22,29.0,,0.0,,,48.0,
2016-11-23,29.0,,0.0,,,67.0,
2016-11-24,40.0,,0.0,,,74.0,
2016-11-25,26.0,,0.0,,,49.0,
2016-11-26,18.0,,0.0,,,31.0,
2016-11-27,26.0,,0.0,,,49.0,
2016-11-28,53.0,,0.0,,,107.0,
2016-11-29,34.0,,0.0,,,64.0,
2016-11-30,21.0,,0.0,,,41.0,
2016-12-01,36.0,,0.0,,,64.0,
2016-12-02,40.0,,0.0,,,73.0,
2016-12-03,24.0,,0.0,,,43.0,
2016-12-04,24.0,,0.0,,,52.0,
2016-12-05,49.0,,0.0,,,102.0,
2016-12-06,34.0,,0.0,,,73.0,
2016-12-07,31.0,,0.0,,,64.0,
2016-12-08,52.0,,0.0,,,95.0,
2016-12-09,22.0,,0.0,,,36.0,
2016-12-10,13.0,,0.0,,,21.0,
2016-12-11,16.0,,0.0,,,26.0,
2016-12-12,14.0,,500.0,,,20.0,
2016-12-13,17.0,,0.0,,,25.0,
2016-12-14,17.0,,10500.0,,,26.0,
2016-12-15,19.0,,0.0,,,31.0,
2016-12-16,16.0,,0.0,,,23.0,
2016-12-17,9.0,,0.0,,,14.0,
2016-12-18,14.0,,0.0,,,17.0,
2016-12-19,13.0,,0.0,,,18.0,
2016-12-20,10.0,,0.0,,,20.0,
2016-12-21,40.0,,0.0,,,95.0,
2016-12-22,48.0,,0.0,,,85.0,
2016-12-23,19.0,,0.0,,,28.0,
2016-12-24,18.0,,0.0,,,33.0,
2016-12-25,23.0,,0.0,,,29.0,
2016-12-26,36.0,,0.0,,,67.0,
2016-12-27,36.0,,0.0,,,44.0,
2016-12-28,12.0,,0.0,,,17.0,
2016-12-29,19.0,,0.0,,,39.0,
2016-12-30,21.0,,0.0,,,51.0,
2016-12-31,,,,,,,
2017-01-01,,,,,,,
2017-01-02,11.0,,0.0,,,19.0,
2017-01-03,21.0,,0.0,,,40.0,
2017-01-04,59.0,,0.0,,,104.0,
2017-01-05,34.0,,0.0,,,54.0,
2017-01-06,15.0,,0.0,,,37.0,
2017-01-07,18.0,,0.0,,,26.0,
2017-01-08,15.0,,0.0,,,28.0,
2017-01-09,10.0,,0.0,,,25.0,
2017-01-10,20.0,,0.0,,,31.0,
2017-01-11,18.0,,0.0,,,29.0,
2017-01-12,15.0,,0.0,,,23.0,
2017-01-13,26.0,,0.0,,,42.0,
2017-01-14,21.0,,0.0,,,25.0,
2017-01-15,11.0,,0.0,,,20.0,
2017-01-16,9.0,,0.0,,,14.0,
2017-01-17,21.0,,0.0,,,35.0,
2017-01-18,20.0,,11000.0,,,29.0,
2017-01-19,14.0,,0.0,,,24.0,
2017-01-20,16.0,,0.0,,,45.0,
2017-01-21,8.0,,0.0,,,17.0,
2017-01-22,5.0,,0.0,,,9.0,
2017-01-23,10.0,,0.0,,,23.0,
2017-01-24,9.0,,0.0,,,35.0,
2017-01-25,,,,,,,
2017-01-26,,,,,,,
2017-01-27,,,,,,,
2017-01-28,5.0,,0.0,,,10.0,
2017-01-29,4.0,,0.0,,,6.0,
2017-01-30,9.0,,0.0,,,13.0,
2017-01-31,7.0,,0.0,,,13.0,
2017-02-01,9.0,,0.0,,,15.0,
2017-02-02,4.0,,0.0,,,7.0,
2017-02-03,15.0,,0.0,,,34.0,
2017-02-04,8.0,,0.0,,,11.0,
2017-02-05,,,,,,,
2017-02-06,,,,,,,
2017-02-07,19.0,,0.0,,,28.0,
2017-02-08,,,,,,,
2017-02-09,,,,,,,
2017-02-10,8.0,,0.0,,,11.0,
2017-02-11,,,,,,,
2017-02-12,,,,,,,
2017-02-13,18.0,,0.0,,,37.0,
2017-02-14,10.0,,0.0,,,16.0,
2017-02-15,11.0,,0.0,,,16.0,
2017-02-16,12.0,,0.0,,,24.0,
2017-02-17,,,,,,,
2017-02-18,,,,,,,
2017-02-19,4.0,,0.0,,,14.0,
2017-02-20,,,,,,,
2017-02-21,,,,,,,
2017-02-22,21.0,,0.0,,,32.0,
2017-02-23,15.0,,0.0,,,26.0,
2017-02-24,9.0,,0.0,,,18.0,
2017-02-25,8.0,,0.0,,,11.0,
2017-02-26,,,,,,,
2017-02-27,,,,,,,
2017-02-28,6.0,,0.0,,,9.0,
2017-03-01,12.0,,0.0,,,16.0,
2017-03-02,17.0,,0.0,,,26.0,
2017-03-03,8.0,,0.0,,,10.0,
2017-03-04,5.0,,0.0,,,7.0,
2017-03-05,,,,,,,
2017-03-06,,,,,,,
2017-03-07,15.0,,0.0,,,21.0,
2017-03-08,,,,,,,
2017-03-09,,,,,,,
2017-03-10,14.0,,0.0,,,21.0,
2017-03-11,16.0,,0.0,,,27.0,
2017-03-12,24.0,,0.0,,,45.0,
2017-03-13,17.0,,0.0,,,30.0,
2017-03-14,12.0,,0.0,,,16.0,
2017-03-15,12.0,,0.0,,,18.0,
2017-03-16,16.0,,10500.0,,,36.0,
2017-03-17,9.0,,0.0,,,17.0,
2017-03-18,27.0,,0.0,,,45.0,
2017-03-19,21.0,,0.0,,,28.0,
2017-03-20,14.0,,10500.0,,,21.0,
2017-03-21,,,,,,,
2017-03-22,,,,,,,
2017-03-23,37.0,,0.0,,,49.0,
2017-03-24,22.0,,0.0,,,43.0,
2017-03-25,11.0,,0.0,,,13.0,
2017-03-26,10.0,,0.0,,,11.0,
2017-03-27,16.0,,0.0,,,22.0,
2017-03-28,34.0,,0.0,,,59.0,
2017-03-29,22.0,,0.0,,,44.0,
2017-03-30,14.0,,0.0,,,19.0,
2017-03-31,8.0,,0.0,,,11.0,
2017-04-01,12.0,,0.0,,,15.0,
2017-04-02,5.0,,0.0,,,9.0,
2017-04-03,13.0,,0.0,,,23.0,
2017-04-04,7.0,,0.0,,,15.0,
2017-04-05,16.0,,0.0,,,23.0,
2017-04-06,14.0,,0.0,,,19.0,
2017-04-07,7.0,,0.0,,,13.0,
2017-04-08,6.0,,0.0,,,8.0,
2017-04-09,10.0,,0.0,,,18.0,
2017-04-10,21.0,,0.0,,,31.0,
2017-04-11,17.0,,0.0,,,27.0,
2017-04-12,11.0,,0.0,,,22.0,
2017-04-13,13.0,,0.0,,,19.0,
2017-04-14,8.0,,0.0,,,13.0,
2017-04-15,11.0,,0.0,,,16.0,
2017-04-16,12.0,,0.0,,,19.0,
2017-04-17,21.0,,0.0,,,42.0,
2017-04-18,21.0,,10000.0,,,31.0,
2017-04-19,12.0,,21000.0,,,24.0,
2017-04-20,16.0,,0.0,,,22.0,
2017-04-21,10.0,,0.0,,,10.0,
2017-04-22,7.0,,0.0,,,9.0,
2017-04-23,13.0,,0.0,,,16.0,
2017-04-24,9.0,,500.0,,,12.0,
2017-04-25,18.0,,0.0,,,32.0,
2017-04-26,9.0,,0.0,,,9.0,
2017-04-27,18.0,,0.0,,,28.0,
2017-04-28,18.0,,0.0,,,24.0,
2017-04-29,35.0,,0.0,,,48.0,
2017-04-30,29.0,,0.0,,,47.0,
2017-05-01,31.0,,0.0,,,52.0,
2017-05-02,21.0,,0.0,,,32.0,
2017-05-03,20.0,,0.0,,,28.0,
2017-05-04,30.0,,10000.0,,,52.0,
2017-05-05,47.0,,0.0,,,71.0,
2017-05-06,42.0,,0.0,,,64.0,
2017-05-07,38.0,,10000.0,,,47.0,
2017-05-08,39.0,,0.0,,,65.0,
2017-05-09,19.0,,0.0,,,25.0,
2017-05-10,,,,,,,
2017-05-11,,,,,,,
2017-05-12,22.0,,0.0,,,26.0,
2017-05-13,14.0,,0.0,,,18.0,
2017-05-14,,,,,,,
2017-05-15,,,,,,,
2017-05-16,11.0,,0.0,,,17.0,
2017-05-17,,,,,,,
2017-05-18,,,,,,,
2017-05-19,28.0,,500.0,,,58.0,
2017-05-20,35.0,,0.0,,,50.0,
2017-05-21,16.0,,0.0,,,31.0,
2017-05-22,23.0,,0.0,,,52.0,
2017-05-23,35.0,,0.0,,,127.0,
2017-05-24,45.0,,0.0,,,86.0,
2017-05-25,35.0,,0.0,,,62.0,
2017-05-26,15.0,,0.0,,,28.0,
2017-05-27,24.0,,0.0,,,53.0,
2017-05-28,20.0,,0.0,,,51.0,
2017-05-29,22.0,,0.0,,,52.0,
2017-05-30,22.0,,0.0,,,47.0,
2017-05-31,25.0,,0.0,,,36.0,
2017-06-01,17.0,,0.0,,,23.0,
2017-06-02,14.0,,0.0,,,26.0,
2017-06-03,7.0,,0.0,,,10.0,
2017-06-04,11.0,,0.0,,,16.0,
2017-06-05,14.0,,0.0,,,19.0,
2017-06-06,14.0,,20000.0,,,17.0,
2017-06-07,30.0,,500.0,,,42.0,
2017-06-08,27.0,,10500.0,,,57.0,
2017-06-09,21.0,,0.0,,,30.0,
2017-06-10,20.0,,0.0,,,44.0,
2017-06-11,31.0,,0.0,,,48.0,
2017-06-12,25.0,,0.0,,,52.0,
2017-06-13,32.0,,0.0,,,83.0,
2017-06-14,24.0,,0.0,,,35.0,
2017-06-15,28.0,,0.0,,,52.0,
2017-06-16,26.0,,0.0,,,38.0,
2017-06-17,63.0,,0.0,,,127.0,
2017-06-18,48.0,,0.0,,,69.0,
2017-06-19,127.0,,0.0,,,250.0,
2017-06-20,98.0,,0.0,,,214.0,
2017-06-21,64.0,,0.0,,,120.0,
2017-06-22,73.0,,0.0,,,143.0,
2017-06-23,79.0,,0.0,,,122.0,
2017-06-24,117.0,,0.0,,,177.0,
2017-06-25,167.0,,0.0,,,289.0,
2017-06-26,191.0,,0.0,,,351.0,
2017-06-27,236.0,,0.0,,,407.0,
2017-06-28,257.0,,0.0,,,464.0,
2017-06-29,345.0,,0.0,,,641.0,
2017-06-30,330.0,,0.0,,,645.0,
2017-07-01,325.0,,0.0,,,564.0,
2017-07-02,348.0,,0.0,,,590.0,
2017-07-03,360.0,,0.0,,,705.0,
2017-07-04,398.0,,500.0,,,633.0,
2017-07-05,335.0,,0.0,,,547.0,
2017-07-06,352.0,121304.0,1e-08,0.0,1.78,524.0,43938.3849353
2017-07-07,374.0,143068.0,0.0,0.0,1.72,599.0,106375.503827
2017-07-08,405.0,76060.0,0.0,0.0,2.01,691.0,30887.9905285
2017-07-09,366.0,67816.0,0.0,0.0,1.81,537.0,29677.3250147
2017-07-10,432.0,93634.0,0.0,0.0,2.11,659.0,63765.3383031
2017-07-11,429.0,152548.0,0.0,0.0,2.06,697.0,92473.926576
2017-07-12,452.0,170201.0,0.0,0.0,2.16,739.0,182556.777103
2017-07-13,529.0,194312.0,0.0,0.0,2.67,845.0,234762.329956
2017-07-14,442.0,140144.0,0.0,0.0,3.24,698.0,236719.358653
2017-07-15,383.0,80640.0,0.0,0.0,2.8,579.0,37434.1797676
2017-07-16,374.0,59502.0,0.0,0.0,1.85,544.0,30117.2989247
2017-07-17,364.0,45349.0,0.0,0.0,1.96,522.0,21161.9367708
2017-07-18,399.0,56900.0,0.0,0.0,2.11,544.0,32479.9638071
2017-07-19,376.0,55994.0,0.0,0.0,2.28,532.0,71028.3687237
2017-07-20,395.0,52171.0,0.0,0.0,2.16,527.0,22218.542216
2017-07-21,406.0,61106.0,0.0,0.0,2.18,566.0,12826.8566357
2017-07-22,385.0,87787.0,0.0,0.0,2.19,491.0,12860.1763344
2017-07-23,446.0,87052.0,0.0,0.0,2.43,597.0,51771.938825
2017-07-24,442.0,50053.0,0.0,0.0,2.57,609.0,36836.2422133
2017-07-25,403.0,68301.0,0.0,0.0,2.68,545.0,11810.9470015
2017-07-26,384.0,59517.0,0.0,0.0,2.56,528.0,27493.0730769
2017-07-27,352.0,53595.0,0.0,0.0,2.51,486.0,22083.4595941
2017-07-28,403.0,215153.0,0.0,0.0,2.6,555.0,27180.0537807
2017-07-29,333.0,207953.0,0.0,0.0,2.54,477.0,46111.7756819
2017-07-30,359.0,214101.0,0.0,0.0,2.51,478.0,9131.27827181
2017-07-31,381.0,198893.0,0.0,0.0,2.51,495.0,40637.0139556
2017-08-01,427.0,230750.0,9.4e-07,6781233.36667,2.32,621.0,27069.1127099
2017-08-02,477.0,258061.0,2e-08,7015973.67089,2.4,668.0,71747.9128561
2017-08-03,685.0,306871.0,0.0,6933932.40741,2.37,974.0,66236.225242
2017-08-04,757.0,304007.0,5.6e-06,7117511.77895,2.43,1082.0,119421.920779
2017-08-05,746.0,361861.0,0.0,8333239.15068,2.85,1139.0,124244.639447
2017-08-06,973.0,395513.0,2e-08,10658558.964,3.64,1539.0,1726778.31227
2017-08-07,1495.0,1017640.0,1.4e-07,12232668.0101,4.18,2673.0,42033228.5023
2017-08-08,2352.0,2261940.0,1.3e-07,23177712.4326,7.92,5279.0,2563333.42384
2017-08-09,3895.0,12738800.0,3.6e-07,30886877.6613,10.55,10130.0,2993718.83008
2017-08-10,5464.0,8774840.0,5.6e-07,70790555.8107,24.18,15952.0,5702946.90102
2017-08-11,4762.0,3564800.0,2.3e-07,60374172.3784,20.63,12903.0,2663540.90382
2017-08-12,4052.0,2861160.0,1e-07,51660659.1745,17.65,9448.0,890750.698385
2017-08-13,2573.0,5659100.0,3e-07,49757482.1429,17.0,3915.0,3726369.92754
2017-08-14,6503.0,8351290.0,7e-07,80705529.1126,27.57,15377.0,3760440.31328
2017-08-15,5946.0,6518010.0,5.1e-07,99545175.2486,34.01,14260.0,11276609.13
2017-08-16,5765.0,4410840.0,3.6e-07,95483752.9654,32.62,13336.0,2075414.79026
2017-08-17,5997.0,3337770.0,6.3e-07,105423923.645,36.01,13186.0,2059652.27006
2017-08-18,5611.0,3120270.0,7.6e-07,93996667.5352,32.11,12150.0,4658164.91419
2017-08-19,5056.0,2329640.0,6.4e-07,85626490.1908,29.25,11033.0,1428236.63224
2017-08-20,5492.0,1522630.0,491.00000066,95683146.7277,32.69,12173.0,1529382.80281
2017-08-21,5664.0,1605980.0,6.2e-07,86259309.866,29.47,11910.0,665412.785736
2017-08-22,5429.0,1721320.0,3.4e-07,74680003.5364,25.51,11013.0,1643403.80462
2017-08-23,6340.0,1339760.0,5.2e-07,199836752.848,24.25,12974.0,2053223.55442
2017-08-24,5718.0,1052500.0,5e-07,203769691.52,24.7,12066.0,511077.988778
2017-08-25,5568.0,936671.0,4.4e-07,205227768.69,24.87,11676.0,407167.643813
2017-08-26,5050.0,712479.0,3.4e-07,190570244.515,23.08,10426.0,239858.409327
2017-08-27,5219.0,704800.0,4e-07,177606488.529,21.5,10586.0,335077.402087
2017-08-28,5630.0,626972.0,7.1e-07,159789712.539,19.33,11421.0,1279970.54737
2017-08-29,7225.0,939405.0,1.11e-06,163473916.178,19.77,14321.0,447134.362914
2017-08-30,6181.0,926704.0,7.3e-07,152951168.308,18.48,12541.0,423070.564284
2017-08-31,6307.0,642261.0,5.2e-07,165565883.611,19.99,13172.0,657673.146543
2017-09-01,6456.0,534726.0,6.6e-07,140156941.622,16.91,13692.0,343082.393007
2017-09-02,5320.0,619252.0,5.2e-07,123875546.548,14.94,12005.0,185915.132579
2017-09-03,5184.0,503554.0,6.4e-07,119039872.652,14.35,10999.0,307004.080385
2017-09-04,7310.0,960225.0,0.2000007,102439486.463,12.33,14232.0,2484665.97294
2017-09-05,5631.0,656651.0,3.2e-07,85319579.0614,10.25,11429.0,376051.439866
2017-09-06,6179.0,378789.0,4e-07,91982654.865,11.05,11641.0,3755834.64199
2017-09-07,6977.0,994037.0,7.2e-07,72843737.6545,8.74,13360.0,1235324.2089
2017-09-08,5205.0,518904.0,4.6e-07,130438168.096,15.64,10114.0,1113302.33282
2017-09-09,3498.0,521416.0,2.4e-07,94111931.674,11.28,6967.0,319346.325003
2017-09-10,3816.0,225618.0,2.8e-07,95332630.4558,11.41,7689.0,870295.071312
2017-09-11,4177.0,185764.0,3.6e-07,90918151.2956,10.88,8017.0,161375.702795
2017-09-12,4186.0,247913.0,3.4e-07,90118353.2667,10.78,7755.0,247881.149166
2017-09-13,3896.0,147360.0,3e-07,80995384.3831,9.67,7415.0,434225.530826
2017-09-14,4813.0,1634110.0,8.2e-07,78590861.7051,9.38,9109.0,660799.59881
2017-09-15,5527.0,1171590.0,8.2e-07,91292938.3401,10.88,10595.0,883516.506039
2017-09-16,4839.0,394659.0,990.00000026,98278233.5303,11.71,9400.0,2933345.72648
2017-09-17,4004.0,198174.0,2.2e-07,87321553.2136,10.4,7394.0,437132.697335
2017-09-18,4856.0,322222.0,4e-07,82229336.1183,9.78,8857.0,389144.818469
2017-09-19,4557.0,290436.0,3.6e-07,91299308.967,10.85,8926.0,327554.140552
2017-09-20,3876.0,117765.0,2.8e-07,77789239.208,9.24,6933.0,137266.902982
2017-09-21,3964.0,746725.0,4.8e-07,75413237.1638,8.95,7531.0,447594.143508
2017-09-22,6315.0,5282920.0,2.1e-06,91571387.9104,10.85,12431.0,1689755.1066
2017-09-23,4863.0,1800130.0,7.5e-07,127800119.784,15.13,9048.0,666332.252472
2017-09-24,4370.0,768093.0,5.6e-07,139357457.74,16.49,8037.0,445262.559514
2017-09-25,7470.0,5034440.0,1.28e-06,128709877.905,15.22,14235.0,1154355.50381
2017-09-26,8300.0,4695480.0,1.84e-06,220259398.934,25.99,16152.0,7968287.28037
2017-09-27,7731.0,2502100.0,1.16e-06,215399282.1,25.39,14129.0,1433755.67344
2017-09-28,6211.0,2105510.0,6.6e-07,223851625.752,26.37,12009.0,1978676.11194
2017-09-29,4907.0,896609.0,5.2e-07,194294094.306,22.88,9562.0,881065.803651
2017-09-30,6173.0,3776920.0,1.06e-06,187344569.339,22.05,11464.0,1960177.05461
2017-10-01,6393.0,4221780.0,1.22e-06,263303464.967,30.97,11180.0,8229552.18378
2017-10-02,7964.0,3103540.0,1.18e-06,256875532.734,30.2,15393.0,1874510.93114
2017-10-03,6410.0,2837580.0,9.6e-07,269724179.23,31.68,12321.0,1507433.88454
2017-10-04,6145.0,2116770.0,1.07e-06,233855260.623,27.45,11274.0,987867.601749
2017-10-05,6727.0,1646560.0,1.02e-06,247274757.114,29.0,12256.0,973825.677882
2017-10-06,7061.0,1111600.0,0.04400085,251033018.541,29.43,13082.0,741632.391596
2017-10-07,8354.0,1659250.0,0.0060012,238601950.48,27.93,15718.0,1314267.72977
2017-10-08,16440.0,1458980.0,519.56400157,239621149.995,28.03,36508.0,1591980.87815
2017-10-09,6239.0,1015350.0,0.09900068,201095151.628,23.5,10695.0,4867340.53612
2017-10-10,5977.0,1146210.0,0.09000063,195042417.144,22.78,10719.0,675055.328779
2017-10-11,6325.0,868526.0,0.17100074,199252789.808,23.26,10867.0,756329.159852
2017-10-12,5615.0,1283980.0,0.05300048,196534055.119,22.93,9547.0,774060.733371
2017-10-13,9102.0,1497290.0,0.03200066,179482981.23,20.93,13920.0,503886.742966
2017-10-14,5070.0,633763.0,0.02100066,208734442.025,24.32,8586.0,568912.323711
2017-10-15,7567.0,573523.0,83.09200056,196624180.665,22.89,11211.0,657849.220364
2017-10-16,5366.0,775565.0,0.02400062,189764122.564,22.07,8971.0,677089.211274
2017-10-17,7029.0,1080370.0,0.0650006,188531267.0,21.93,12279.0,5325781.66677
2017-10-18,5542.0,763597.0,0.0170005,188207287.586,21.89,9785.0,688916.445761
2017-10-19,5293.0,1139280.0,0.02000034,178662354.126,20.78,9197.0,870828.956312
2017-10-20,5065.0,610262.0,0.02900039,173355844.095,20.16,8021.0,334069.575033
2017-10-21,4679.0,477061.0,0.00600038,168944160.315,19.65,7830.0,352187.0589
2017-10-22,7401.0,504257.0,0.00900026,163879947.96,19.06,10336.0,331674.592589
2017-10-23,5436.0,942203.0,0.04000042,178850002.5,20.8,8951.0,480585.536451
2017-10-24,7366.0,1644220.0,0.02100098,164047230.165,19.08,12653.0,751279.135362
2017-10-25,5047.0,447244.0,0.03800038,174862807.645,20.34,8419.0,329346.385912
2017-10-26,5849.0,756739.0,1.08800039,164359486.198,19.12,11034.0,580982.083065
2017-10-27,5847.0,660990.0,7.00105028,160557709.466,18.68,10563.0,511712.895806
2017-10-28,5422.0,499082.0,3.3330003,166507544.361,19.37,9548.0,451768.889219
2017-10-29,7962.0,5979020.0,1.21900022,149806323.823,17.43,11740.0,364674.279267
2017-10-30,5515.0,775064.0,0.12600055,154112013.334,17.93,9156.0,533095.037784
2017-10-31,5469.0,870552.0,0.0870004,162149284.326,18.86,9135.0,555771.860421
2017-11-01,5344.0,968366.0,1.05000052,150484372.067,17.5,8979.0,475113.327085
2017-11-02,5372.0,1254240.0,0.04600048,132047862.587,15.36,8787.0,440047.241408
2017-11-03,5036.0,1076790.0,0.0200004,130775938.397,15.21,8238.0,808660.367782
2017-11-04,4314.0,497484.0,0.01700039,148043546.344,17.22,6994.0,268628.988661
2017-11-05,7439.0,444008.0,0.02700034,146384800.467,17.03,10539.0,341186.738403
2017-11-06,5037.0,577160.0,0.0190004,144347576.918,16.79,8443.0,406404.379316
2017-11-07,5709.0,559894.0,0.01300046,147698689.063,17.18,10297.0,499474.309607
2017-11-08,8001.0,1690730.0,0.02200075,153425578.132,17.85,13825.0,1124742.81573
2017-11-09,8098.0,2447490.0,0.03600081,187480173.909,21.81,14340.0,1376475.45393
2017-11-10,6339.0,1107640.0,0.07400038,198759418.707,23.12,10824.0,1329434.14773
2017-11-11,5321.0,1089910.0,3.47300042,171726893.248,19.98,10145.0,1465906.88477
2017-11-12,5272.0,938558.0,0.20500036,171976093.931,20.0,9293.0,770333.422761
2017-11-13,6589.0,782363.0,0.05600031,161563663.764,18.79,10917.0,8219133.47154
2017-11-14,6021.0,593224.0,980.09000038,169770486.988,19.75,10488.0,494433.778237
2017-11-15,5933.0,2944170.0,0.03900037,173757894.339,20.21,10028.0,609301.306997
2017-11-16,5828.0,2586450.0,0.07300024,190120423.214,22.12,9715.0,548956.658044
2017-11-17,10302.0,3941120.0,0.05500044,166893888.169,19.41,16337.0,5085842.26788
2017-11-18,13483.0,8129950.0,0.10600095,218163454.667,25.38,24041.0,3552248.12047
2017-11-19,8584.0,4531360.0,0.07800024,236549318.617,27.52,15793.0,2229264.4257
2017-11-20,8120.0,2913620.0,0.12100022,207992202.374,24.19,15125.0,1734347.4164
2017-11-21,6686.0,1708960.0,0.07100014,185712299.0,21.6,12310.0,1378718.00455
2017-11-22,6567.0,1413810.0,0.0280001,185346809.677,21.56,11719.0,796809.241399
2017-11-23,6069.0,2004120.0,0.15610014,182221610.8,21.2,10951.0,1549178.2462
2017-11-24,5792.0,1355170.0,0.18800014,169949498.277,19.77,10436.0,695018.340202
2017-11-25,7142.0,1932920.0,0.16900024,178806308.305,20.8,12657.0,917829.238341
2017-11-26,7077.0,1642730.0,0.32200016,190801920.552,22.19,12499.0,1529955.29662
2017-11-27,8031.0,1522170.0,1.1340002,194335884.171,22.6,14108.0,1619987.67976
2017-11-28,7473.0,1704100.0,0.22600016,190911079.154,22.21,12747.0,995342.161321
2017-11-29,7677.0,2294410.0,0.1660002,186238402.813,21.66,13152.0,1694429.11316
2017-11-30,6303.0,1758230.0,0.027,158738006.113,18.46,11039.0,955247.082416
2017-12-01,7098.0,1182360.0,1.33600008,162088436.418,18.85,12523.0,1362475.21131
2017-12-02,6827.0,1281170.0,0.07500012,166037404.537,19.31,12099.0,626203.95821
2017-12-03,9294.0,1329950.0,0.17700016,167235002.693,19.45,15879.0,6871651.64804
2017-12-04,8657.0,3095580.0,0.24500012,171849262.244,19.99,15297.0,1195858.76128
2017-12-05,7625.0,1548160.0,1.17100008,189984496.77,22.1,12660.0,815467.829269
2017-12-06,7445.0,2790560.0,0.09300012,179376673.03,20.86,12880.0,5649347.82199
2017-12-07,7564.0,2739830.0,0.11900014,157358204.648,18.3,13804.0,701070.680458
2017-12-08,41891.0,2956780.0,35.6690001,149153869.2,17.35,127150.0,587070.677502
2017-12-09,56192.0,1709240.0,34.34400012,163663613.244,19.04,134514.0,610778.68956
2017-12-10,5962.0,1742160.0,0.19300008,158741533.677,18.46,10166.0,539943.669509
2017-12-11,7225.0,1581190.0,0.1270001,144821989.125,16.85,12312.0,530060.995707
2017-12-12,8515.0,2061100.0,490.08800014,156828044.975,18.24,14507.0,747176.99084
2017-12-13,10318.0,5000820.0,0.3010001,163587383.834,19.03,17931.0,1192406.86461
2017-12-14,10130.0,4794140.0,0.1870002,187671045.412,21.83,18130.0,1212392.33739
2017-12-15,17051.0,3018100.0,5.96200014,219347351.192,25.51,28806.0,860344.436672
2017-12-16,12054.0,3484070.0,2.8540001,206881081.74,24.06,19843.0,971752.538693
2017-12-17,26849.0,9260290.0,1.24637385,206765849.345,24.05,51966.0,7800376.17156
2017-12-18,16261.0,19897900.0,0.10900022,300133052.125,34.91,29016.0,5362268.54729
2017-12-19,12591.0,8670640.0,0.05100023,342159121.075,39.8,24069.0,2725951.85292
2017-12-20,9809.0,6874270.0,0.04100004,305423559.474,35.53,18309.0,2080621.40138
2017-12-21,36088.0,7443410.0,490.05400006,308390526.962,33.75,80562.0,4163608.6144
2017-12-22,22804.0,5866820.0,0.02400006,296551513.231,32.46,38579.0,1990790.33069
2017-12-23,19384.0,3482600.0,0.041,245598768.19,26.88,35954.0,1910370.19953
2017-12-24,11415.0,1860750.0,0.02400002,256733745.018,28.1,16900.0,776339.723698
2017-12-25,6904.0,3397720.0,0.02,258688362.83,28.31,12303.0,950644.032518
2017-12-26,9071.0,2953240.0,0.02500006,277614407.528,30.38,15414.0,4689317.01579
2017-12-27,9811.0,4130380.0,0.04900002,258989432.618,28.34,17138.0,2628620.83518
2017-12-28,8499.0,8444320.0,490.07200004,271183226.267,29.68,15590.0,2791748.26662
2017-12-29,10896.0,5581800.0,10.26000002,244341531.964,26.74,19532.0,48298257.1866
2017-12-30,8355.0,8097570.0,0.078,258561531.813,28.3,15136.0,34365722.4708
2017-12-31,8147.0,10157000.0,490.10400006,240831725.502,26.36,14287.0,8554542.84116
2018-01-01,8664.0,9620240.0,0.07800004,275526131.737,30.15,14945.0,4237551.05676
2018-01-02,13285.0,28793100.0,0.06100026,286867275.553,31.39,23289.0,7442192.42708
2018-01-03,20116.0,26195800.0,0.03000006,299276421.874,32.75,29568.0,13381239.6153
2018-01-04,13599.0,31722100.0,157.05600004,365998307.634,40.05,24197.0,16383331.3134
2018-01-05,11804.0,33032600.0,0.03100006,394312661.634,43.15,20915.0,13815866.0078
2018-01-06,12395.0,51855800.0,0.02800016,429043396.021,46.95,22480.0,13604894.6506
2018-01-07,12718.0,41395400.0,0.04400008,477072218.672,52.21,22724.0,6132569.76054
2018-01-08,11516.0,25586600.0,0.25100012,474059685.651,51.88,20999.0,5481905.61575
2018-01-09,13536.0,33255600.0,0.05200026,444186425.09,48.61,23999.0,12396580.9706
2018-01-10,12356.0,27713000.0,0.02200008,571751773.733,62.57,22251.0,29287557.0373
2018-01-11,16097.0,23080900.0,980.02000004,509972657.835,55.81,24022.0,14071331.3275
2018-01-12,11026.0,24387900.0,9.0230002,443735895.937,48.56,19754.0,7518352.49402
2018-01-13,15139.0,28603500.0,0.00760018,488458213.865,53.46,27418.0,11113756.6262
2018-01-14,22007.0,58454500.0,0.12000008,554350504.459,60.67,39461.0,17401927.8511
2018-01-15,26412.0,98172496.0,0.02500021,728084210.577,79.68,46741.0,28772977.2547
2018-01-16,16819.0,71001104.0,0.0180001,800130063.525,87.56,31471.0,38563891.0522
2018-01-17,15554.0,41102400.0,0.01300002,572231036.293,60.07,32166.0,23266463.061
2018-01-18,18080.0,32802100.0,490.02800012,556646148.503,58.35,33826.0,65243473.672
2018-01-19,13523.0,23584600.0,2.01500002,536959924.959,56.25,25827.0,95511072.512
2018-01-20,13071.0,13537000.0,0.00800002,528266043.78,55.3,22140.0,72717182.8473
2018-01-21,12264.0,8450400.0,0.01300005,573009130.609,59.95,22998.0,117519860.525
2018-01-22,13675.0,21474000.0,0.00500006,481274266.662,50.31,22737.0,39250422.0242
2018-01-23,12077.0,17749300.0,0.00600006,448617754.43,46.87,18627.0,5401923.59907
2018-01-24,10501.0,24453700.0,0.01300003,429343194.043,44.83,16782.0,15557901.904
2018-01-25,11048.0,24091800.0,1.00800004,476484626.362,49.72,18274.0,12173046.587
2018-01-26,10117.0,20652600.0,1.00400004,472198460.731,49.24,16909.0,33963123.6606
2018-01-27,9958.0,20189200.0,0.00700001,474317111.5,49.44,16654.0,35169096.5478
2018-01-28,14053.0,23253300.0,490.00600012,480865686.179,50.09,24072.0,69584607.3535
2018-01-29,15423.0,64574500.0,517.01000005,495001807.246,51.52,26036.0,55858273.2727
2018-01-30,19940.0,53570600.0,31.00700013,673360386.222,70.02,34952.0,70629246.0189
2018-01-31,12437.0,28442400.0,6e-08,585785693.755,60.88,23365.0,32645990.1291
2018-02-01,12070.0,22232500.0,2448.10665421,557734486.369,57.94,21842.0,25562905.0534
2018-02-02,11435.0,12745900.0,0.01100006,488519186.266,50.71,21410.0,11012919.553
2018-02-03,11537.0,14994800.0,213.00400002,447897518.882,46.46,19742.0,10434350.1153
2018-02-04,10270.0,12683100.0,47.00400004,489099470.341,50.68,17411.0,26126653.2438
2018-02-05,11322.0,10018300.0,537.00900003,405402963.063,41.98,18995.0,8278707.44135
2018-02-06,13307.0,12800600.0,0.01900004,303033165.58,31.37,23775.0,5477649.20559
2018-02-07,12983.0,13622300.0,1064.00200004,390587634.166,40.41,22497.0,5108459.78289
2018-02-08,9768.0,9420860.0,843.013,361264459.138,37.35,16380.0,2695108.77375
2018-02-09,9934.0,5467500.0,0.00600016,401938818.63,41.54,16487.0,12409466.2549
2018-02-10,11405.0,5457140.0,610.013,417764813.334,43.13,19963.0,11780307.2359
2018-02-11,14148.0,3755470.0,259.01100004,388079294.335,40.05,23836.0,11300723.9898
2018-02-12,13137.0,4562850.0,1261.02400005,373995383.523,38.58,22709.0,9238244.56822
2018-02-13,11148.0,3470130.0,15.10300004,376320455.257,38.79,19379.0,6489922.91176
2018-02-14,11776.0,5594950.0,15.009,366235524.09,37.73,20440.0,7750726.94937
2018-02-15,12060.0,6653660.0,87.8953271,417479792.581,42.98,20954.0,5977194.56294
2018-02-16,11331.0,4898880.0,0.00400003,435512156.748,44.81,19406.0,25352295.9978
2018-02-17,12714.0,5289930.0,490.00220005,458257708.816,47.02,22368.0,46218630.1926
2018-02-18,10712.0,4970220.0,0.14510002,476285994.77,48.85,19261.0,19265311.0923
2018-02-19,12107.0,4677070.0,0.28380011,437814787.132,44.88,21793.0,14288514.926
2018-02-20,12648.0,5583400.0,0.01120002,467483464.162,47.88,21567.0,14773328.5878
2018-02-21,10073.0,4003360.0,0.02100002,423417026.759,43.32,16929.0,4906467.73917
2018-02-22,9498.0,3250470.0,490.77100003,399369343.31,40.86,17580.0,5972707.03402
2018-02-23,7325.0,3749330.0,256.09020004,369234894.259,37.74,12322.0,4868187.5014
2018-02-24,10472.0,2926860.0,2.05040005,380146218.15,38.83,17715.0,4677050.5961
2018-02-25,10097.0,3076440.0,22.08760006,364880089.41,37.25,17400.0,3017544.28433
2018-02-26,13105.0,7714540.0,1487.4354001,363569570.631,37.1,23306.0,3878244.21023
2018-02-27,14569.0,5689080.0,0.04420008,413436048.194,42.15,25504.0,2786871.16052
2018-02-28,13070.0,4570520.0,0.06320012,419523374.765,42.7,22480.0,3927646.15655
2018-03-01,13432.0,3939470.0,21.00280015,369380109.404,37.57,22515.0,4452119.36745
2018-03-02,11333.0,3098330.0,0.00480014,390467911.963,39.69,18444.0,1739467.87013
2018-03-03,12545.0,2913120.0,1270.01440014,378772418.981,38.49,22021.0,10682127.1109
2018-03-04,11217.0,3013210.0,0.00600006,365259656.369,37.09,20528.0,1924036.51719
2018-03-05,11574.0,3890440.0,492.00440014,345422696.026,35.05,20082.0,6234053.76944
2018-03-06,9782.0,3355610.0,0.00160014,328569531.691,33.41,16599.0,8392194.66669
2018-03-07,11684.0,8314560.0,0.00480011,305607067.241,31.07,21915.0,20180025.4967
2018-03-08,13793.0,3129480.0,4.0051003,268789935.166,27.32,24415.0,13448157.0722
2018-03-09,9879.0,6063920.0,0.00370016,247369740.028,25.14,16819.0,5235976.56618
2018-03-10,9541.0,3289970.0,0.01070009,261155051.6,26.41,16874.0,9769754.76643
2018-03-11,9080.0,2407380.0,490.77960006,249189948.803,25.19,17729.0,5093522.90582
2018-03-12,11542.0,6817230.0,0.20200009,264948492.348,26.77,19703.0,2924126.53293
2018-03-13,10398.0,2717480.0,490.04030012,241860403.767,24.42,18289.0,4852406.94445
2018-03-14,9330.0,5591680.0,490.03030008,231603721.17,23.38,16679.0,3581966.55338
2018-03-15,8238.0,5411790.0,0.00150004,202572936.942,20.43,16413.0,2103152.29288
2018-03-16,10961.0,5124390.0,97.24330008,200659785.628,20.23,21803.0,4217480.88991
2018-03-17,8262.0,4223540.0,0.00320004,204458346.937,20.6,14650.0,2165924.23897
2018-03-18,7828.0,5580910.0,0.00260008,180918637.906,18.22,13200.0,1012088.42557
2018-03-19,8749.0,5080920.0,0.0063001,180764860.56,18.19,14385.0,1218247.19659
2018-03-20,11451.0,8251900.0,0.00340007,209799092.403,21.1,18613.0,3702005.05997
2018-03-21,8728.0,6775290.0,0.00980004,240212268.79,24.15,16543.0,5060981.9138
2018-03-22,7283.0,4664200.0,491.00800007,233445135.335,23.46,21248.0,1569120.2267
2018-03-23,6614.0,4705150.0,0.00540004,222822221.116,22.38,10378.0,1945237.26728
2018-03-24,9108.0,4294810.0,0.0050001,225297807.104,22.62,14007.0,3018381.50023
2018-03-25,6835.0,4977570.0,0.00320002,213119538.164,21.39,10590.0,2460029.56212
2018-03-26,7534.0,5006980.0,983.00320004,225107257.237,22.58,12347.0,24908422.7297
2018-03-27,6828.0,3408200.0,490.00410013,200568417.501,20.11,11105.0,1174428.50458
2018-03-28,7213.0,4878110.0,1.00200004,188303385.203,18.86,12150.0,2170125.68176
2018-03-29,5401.0,4245210.0,0.00190003,186487546.844,18.67,8955.0,1132994.09684
2018-03-30,3499.0,4281200.0,0.00070008,165908335.228,16.61,5603.0,962989.452461
2018-03-31,6949.0,3856770.0,990.00020028,157079428.473,15.71,16081.0,732715.909964
2018-04-01,6200.0,3708890.0,8e-08,157208765.688,15.72,12435.0,713821.153751
2018-04-02,6778.0,3706000.0,0.0019,152466153.175,15.24,12659.0,555207.397113
2018-04-03,7387.0,4201500.0,0.00170011,158535723.007,15.83,13396.0,577096.497486
2018-04-04,5909.0,3844360.0,20.07900004,171830107.653,17.14,10433.0,684672.197529
2018-04-05,6606.0,3671890.0,0.00450016,151705295.881,15.13,18267.0,662095.886653
2018-04-06,6473.0,3894550.0,0.00770008,150004834.032,14.95,15608.0,1610507.29809
2018-04-07,6459.0,3781710.0,0.00280007,143310898.385,14.28,13651.0,969054.858219
2018-04-08,6585.0,3764970.0,980.00650007,145921708.899,14.52,17333.0,1010296.86326
2018-04-09,8289.0,6693660.0,0.00640006,151242344.038,15.04,20083.0,1762600.07599
2018-04-10,7002.0,4189630.0,0.00140002,149929197.154,14.9,17133.0,2226805.8899
2018-04-11,8233.0,5163980.0,0.00470011,155988495.979,15.49,22934.0,1626240.92675
2018-04-12,8846.0,5692020.0,490.00110023,168639291.443,16.74,28438.0,2979384.21597
2018-04-13,8540.0,5228660.0,490.00240009,186686446.635,18.52,22396.0,1853010.5122
2018-04-14,6617.0,4029170.0,0.00060007,179058565.516,17.75,17144.0,1343053.35254
2018-04-15,8346.0,5508380.0,490.00910002,190970079.079,18.92,20924.0,1867609.06468
2018-04-16,22997.0,4591720.0,0.00090007,208028227.804,20.59,69223.0,1670016.46622
2018-04-17,3674.0,4550390.0,0.00330006,198024469.461,19.59,7214.0,947641.748776
2018-04-18,12070.0,6021900.0,0.00100018,196923832.989,19.47,29704.0,1483356.39609
2018-04-19,8734.0,7089130.0,2.0027001,218482856.495,21.58,22900.0,2206675.66025
2018-04-20,9304.0,7385190.0,0.00290008,233541011.912,23.06,39126.0,4758598.72563
2018-04-21,8348.0,6598100.0,0.0034,258886665.323,25.56,29209.0,6435931.43444
2018-04-22,8537.0,6738170.0,0.00480006,243282621.917,24.02,23242.0,4423243.97306
2018-04-23,9568.0,9358630.0,0.00590018,258996263.63,25.57,35331.0,6401357.23472
2018-04-24,12309.0,8037280.0,0.04910013,287684507.65,28.4,36432.0,8416623.35071
2018-04-25,8220.0,5627050.0,0.0005001,309084729.925,30.52,25008.0,3540053.70328
2018-04-26,6791.0,3422780.0,0.00020003,257220673.263,25.4,20212.0,2139959.3836
2018-04-27,7028.0,3067070.0,0.00080009,284751505.712,28.11,22117.0,3086723.18853
2018-04-28,7723.0,2331740.0,0.00030015,255649470.369,25.24,22004.0,3362648.33729
2018-04-29,5504.0,8376690.0,0.00690018,278470680.65,27.49,21517.0,8258737.83491
2018-04-30,8132.0,6262190.0,0.00040013,320717349.365,31.66,22673.0,6269452.2642
2018-05-01,6987.0,3324550.0,0.00280014,300625536.605,29.68,23931.0,6871217.83562
2018-05-02,7216.0,2586020.0,0.02490012,296843810.412,29.31,23866.0,7345516.43133
2018-05-03,8954.0,8521230.0,521.14810013,302876581.445,29.9,30145.0,4559297.16749
2018-05-04,7300.0,11558600.0,0.22360011,343436486.706,33.91,29513.0,11147188.8715
2018-05-05,7715.0,3609660.0,1.00170014,333378687.298,32.92,25288.0,10058696.9012
2018-05-06,5954.0,3421930.0,1.72670014,319710509.662,31.57,25771.0,3499189.86738
2018-05-07,6559.0,14751700.0,490.15130022,330237564.658,32.61,26930.0,11981639.7584
2018-05-08,7126.0,13886300.0,990.00160006,336407622.732,33.21,31689.0,4755425.46056
2018-05-09,6489.0,10355400.0,0.00180018,331635801.747,32.74,22009.0,5420696.9699
2018-05-10,7874.0,9652160.0,1.50080025,315225195.448,31.12,27961.0,10595405.5826
2018-05-11,7095.0,9638910.0,0.01250024,294958828.533,29.12,23811.0,7370717.46803
2018-05-12,7169.0,6735500.0,0.01930014,260803607.54,25.75,25710.0,3512795.70593
2018-05-13,7207.0,6456730.0,490.00820017,257085168.153,25.38,23351.0,1695934.82774
2018-05-14,7530.0,6850430.0,0.04120026,269720695.404,26.63,22155.0,1404791.79024
2018-05-15,9956.0,6367780.0,1524.27598615,264200169.38,26.09,37340.0,3151646.8285
2018-05-16,5820.0,5870960.0,0.00410003,245337109.51,24.22,15564.0,3576967.72544
2018-05-17,7468.0,5360900.0,0.0359,240844965.785,23.78,30032.0,2902205.81452
2018-05-18,6219.0,5382910.0,0.05850016,219011997.992,21.62,26639.0,1519327.56743
2018-05-19,6410.0,5011620.0,490.00070011,230653661.239,22.77,24191.0,551550.614899
2018-05-20,7036.0,5454050.0,0.05110008,229063001.771,22.62,25591.0,749344.257779
2018-05-21,8104.0,5277210.0,490.01110066,243499526.826,24.04,28174.0,808774.942067
2018-05-22,7949.0,4641590.0,0.00600004,239180380.501,23.61,34810.0,2351824.72422
2018-05-23,6463.0,5149570.0,0.00060002,215023110.764,21.23,27147.0,1903747.15234
2018-05-24,5649.0,5002160.0,9.00020009,189130565.106,18.67,22933.0,1747286.87807
2018-05-25,6141.0,4211460.0,0.00360008,198786197.91,19.63,23591.0,1301918.20847
2018-05-26,6574.0,3863350.0,490.00970008,190448128.548,18.8,36647.0,1303798.34987
2018-05-27,9149.0,3966420.0,0.00240008,189337520.45,18.69,59050.0,1626449.54481
2018-05-28,8850.0,4071520.0,490.00060003,185459060.19,18.31,44627.0,1033110.99471
2018-05-29,6404.0,4481640.0,0.00030008,176391997.125,17.42,38682.0,2185874.37199
2018-05-30,7233.0,5002660.0,490.00070006,189864741.848,18.75,34504.0,1810356.63203
2018-05-31,7325.0,7291800.0,0.00050016,190403284.311,18.8,31964.0,2780573.43755
2018-06-01,7603.0,4854040.0,0.00250004,209013883.916,20.64,35136.0,2150833.50967
2018-06-02,10054.0,5123540.0,0.03520022,207520537.518,20.49,34404.0,3017549.62281
2018-06-03,8866.0,4791900.0,0.00890007,212874399.824,21.02,33519.0,1638535.86036
2018-06-04,8423.0,5813130.0,0.00480008,215050975.496,21.23,33889.0,1808124.77576
2018-06-05,8246.0,5854810.0,0.0001,195822382.827,19.33,34615.0,1567699.76469
2018-06-06,8389.0,4858780.0,0.00580008,198589559.781,19.61,32123.0,1125525.09271
2018-06-07,7899.0,4552530.0,490.05180018,201923587.808,19.94,29601.0,1283207.27752
2018-06-08,6852.0,3873710.0,0.00940005,197817576.324,19.53,32318.0,725296.057371
2018-06-09,4741.0,3903920.0,0.00260003,191694401.11,18.93,23459.0,2004029.03687
2018-06-10,4750.0,3865920.0,490.00310009,184616575.495,18.23,21192.0,608010.603936
2018-06-11,5957.0,3595270.0,0.00720029,158099820.764,15.61,23534.0,707518.900202
2018-06-12,4161.0,3531100.0,0.00350006,155860422.141,15.39,19896.0,1410044.5241
2018-06-13,4182.0,3593630.0,490.0045001,145258385.233,14.34,16760.0,1258975.90719
2018-06-14,4470.0,3623090.0,490.00830007,134517880.355,13.28,18353.0,381614.648368
2018-06-15,2737.0,3887320.0,1000.00350011,146116297.826,14.43,14899.0,446779.876163
2018-06-16,4297.0,3733410.0,0.00100006,134751098.99,13.3,15414.0,433947.250019
2018-06-17,5048.0,3587570.0,980.00380003,136670469.015,13.49,17732.0,545242.719191
2018-06-18,4342.0,3344820.0,0.00070001,135597400.51,13.39,15282.0,370208.954106
2018-06-19,4690.0,3733200.0,0.0044001,139987030.727,13.82,17478.0,2420296.35516
2018-06-20,4629.0,4087090.0,0.00170002,142961167.577,14.12,18578.0,3360572.93349
2018-06-21,5265.0,3641570.0,1981.00250003,138224923.034,13.65,18764.0,3491438.18543
2018-06-22,5579.0,4319430.0,0.00740008,133103589.784,13.14,18631.0,1969127.03484
2018-06-23,4419.0,3597740.0,7e-08,112928462.065,11.15,15427.0,522747.905792
2018-06-24,4776.0,4703840.0,490.00030008,117644552.275,11.62,17543.0,722197.752511
2018-06-25,6675.0,3196030.0,0.00230003,105793905.876,10.45,19457.0,831875.153988
2018-06-26,4569.0,4306880.0,0.00160004,108068684.134,10.67,15161.0,6706685.04483
2018-06-27,5548.0,3437500.0,490.00220002,101697385.382,10.04,16876.0,1420239.39654
2018-06-28,5183.0,2762960.0,982.00450001,100615599.142,9.93,15865.0,1686672.54112
2018-06-29,4917.0,3369020.0,6e-08,94340861.7546,9.31,17086.0,1226943.09542
2018-06-30,5024.0,3488490.0,0.00110004,98412943.5453,9.72,17198.0,1011171.08969
2018-07-01,5194.0,2837460.0,0.00260003,100773391.857,9.95,17476.0,679242.556874
2018-07-02,6190.0,5621610.0,0.00760004,103741735.127,10.24,20377.0,1963114.76222
2018-07-03,6533.0,7239650.0,0.00260208,115721458.822,11.43,20756.0,1215024.27829
2018-07-04,5455.0,10071700.0,0.00460011,117564685.397,11.61,17886.0,845889.254423
2018-07-05,6519.0,15534100.0,0.00090004,140097361.565,13.83,21347.0,2974443.65403
2018-07-06,4311.0,6266480.0,2e-08,142254935.887,14.05,14872.0,1722043.87274
2018-07-07,3804.0,4630590.0,0.00140006,133194048.02,13.15,13147.0,795346.281093
2018-07-08,4880.0,5124620.0,0.00020006,137422159.666,13.57,14917.0,748582.179251
2018-07-09,4442.0,4219990.0,0.00160017,139771576.109,13.8,14283.0,632410.48518
2018-07-10,4911.0,4386260.0,0.00130309,125862070.241,12.43,14559.0,2494405.34766
2018-07-11,4537.0,5610270.0,4.37331537,113492699.383,11.21,14849.0,2276949.43914
2018-07-12,5006.0,2851580.0,1.4611665,109162241.57,10.78,16132.0,585215.803848
2018-07-13,4959.0,4485550.0,490.35230035,103281580.054,10.2,14326.0,431598.209074
2018-07-14,4199.0,2652460.0,1.10110576,112903786.048,11.15,13873.0,879669.553762
2018-07-15,3435.0,2646700.0,0.12058051,107766893.739,10.64,12166.0,326095.183919
2018-07-16,4649.0,4293700.0,495.51101036,111393322.194,11.0,15593.0,912226.056641
2018-07-17,5102.0,4461600.0,0.04571847,120133942.163,11.86,16181.0,4332375.83131
2018-07-18,5367.0,4010440.0,1.5150767,127864347.345,12.62,15460.0,1792746.34922
2018-07-19,4858.0,3392990.0,0.22708127,125921221.594,12.43,13881.0,775063.557593
2018-07-20,3890.0,4197150.0,0.07025574,119453832.498,11.79,13984.0,9391601.18544
2018-07-21,4404.0,3658830.0,490.16660374,107951913.13,10.66,14119.0,4365054.09336
2018-07-22,3742.0,3061890.0,90.53158198,112099371.681,11.07,12600.0,6822358.03618
2018-07-23,3901.0,3725950.0,0.36830141,109898204.738,10.85,14437.0,9979499.72623
2018-07-24,4947.0,3911310.0,990.57438687,104432289.849,10.31,17098.0,9663938.67794
2018-07-25,4769.0,3738030.0,0.03445196,108094277.542,10.67,18638.0,4797599.10481
2018-07-26,5459.0,3626450.0,1.21325095,106957780.512,10.56,24047.0,1902753.8654
2018-07-27,2848.0,3275550.0,980.43300642,101095029.994,9.98,11069.0,3420187.22208
2018-07-28,3476.0,2431210.0,1.03435531,103492990.953,10.22,13234.0,837364.361304
2018-07-29,4337.0,2314460.0,0.41197625,104850117.692,10.35,22474.0,680874.066455
2018-07-30,4350.0,3002800.0,1.33690015,104119487.443,10.28,37476.0,1596753.2413
2018-07-31,3797.0,3056100.0,986.87753347,100939196.335,9.97,26903.0,1927022.12726
2018-08-01,3566.0,2563460.0,0.43461254,91825006.6823,9.07,36264.0,916706.155982
2018-08-02,3402.0,2100400.0,981.71676853,90391282.1708,8.92,36677.0,879925.231338
2018-08-03,4009.0,2661900.0,0.91981884,86690678.4556,8.56,44748.0,409270.193287
2018-08-04,3282.0,2411880.0,0.12660897,84520931.3126,8.34,24107.0,247613.624437
2018-08-05,3334.0,2488350.0,0.08017586,81472156.5512,8.04,28586.0,342887.941146
2018-08-06,3493.0,2003830.0,0.90250248,83438567.5006,8.24,28542.0,334541.5417
2018-08-07,4254.0,2762890.0,0.04751669,79431530.6526,7.84,33645.0,312653.448999
2018-08-08,4457.0,2799940.0,492.09699777,76621156.2058,7.57,47576.0,3022843.77904
2018-08-09,4282.0,3853720.0,0.25106659,66137588.2591,6.53,37849.0,4681946.01444
2018-08-10,3452.0,3044720.0,494.61315962,66206959.3854,6.54,34849.0,1413184.58126
2018-08-11,4084.0,4432460.0,2461.81455317,59731666.2124,5.9,42117.0,4350536.85849
2018-08-12,3585.0,2494380.0,0.76428669,50419192.6413,4.98,32146.0,584166.207968
2018-08-13,4440.0,2585740.0,3.00845475,50586707.7295,5.0,45528.0,4563773.92969
2018-08-14,4016.0,2676590.0,2.07956075,41794507.2916,4.13,76172.0,2421237.30709
2018-08-15,3966.0,2714830.0,1960.42051756,42552508.9552,4.2,80747.0,1506494.78739
2018-08-16,1313.0,2502140.0,2.00266321,41821545.4252,4.13,37909.0,566730.394425
2018-08-17,3501.0,3994180.0,1.53158112,42651228.3754,4.21,64240.0,614140.697746
2018-08-18,3258.0,2811240.0,1.70024946,59197150.7476,5.85,59167.0,643485.786902
2018-08-19,3134.0,2198590.0,503.10620369,52065243.0982,5.14,54778.0,204499.789781
2018-08-20,3942.0,1638120.0,0.53516236,55659164.271,5.5,79609.0,411442.347223
2018-08-21,3449.0,1794920.0,490.14612955,49352207.4741,4.87,66162.0,339658.633642
2018-08-22,3453.0,1932620.0,0.92122233,50846503.2154,5.02,64187.0,582607.418076
2018-08-23,23324.0,3089150.0,0.47104833,47517517.225,4.69,90375.0,1286161.40457
2018-08-24,9509.0,4275850.0,3.4025405,57239525.3169,5.65,57794.0,591942.016121
2018-08-25,16091.0,2449820.0,0.87293222,57290825.078,5.66,88835.0,1421382.41094
2018-08-26,23466.0,2260000.0,1.21086108,57020164.4468,5.63,60578.0,490300.184412
2018-08-27,12949.0,4744540.0,491.59221791,58233430.0,5.75,55532.0,524852.277507
2018-08-28,15770.0,4774650.0,5.55605825,69819165.2411,6.89,77494.0,1412867.44385
2018-08-29,24194.0,3176990.0,3.32797944,76357870.7654,7.54,109468.0,1148887.49615
2018-08-30,3339.0,2401050.0,0.22121285,68976831.6009,6.81,45205.0,465360.518705
2018-08-31,4178.0,3102030.0,1.59679418,67178253.0636,6.63,52240.0,702675.185136
2018-09-01,4689.0,3552030.0,494.1971116,71954591.273,7.1,55316.0,888431.09982
2018-09-02,5350.0,3140960.0,8.74396573,77118740.3553,7.61,55927.0,622839.643161
2018-09-03,10933.0,4770340.0,530.90865055,75442293.1498,7.45,71403.0,2794646.39723
2018-09-04,18053.0,4996900.0,712.59145597,81883629.8173,8.08,81823.0,4553588.01809
2018-09-05,7626.0,5195580.0,90.61749613,87659845.6021,8.65,64531.0,2880854.47155
2018-09-06,7124.0,4559630.0,101.79656802,67282516.3636,6.64,63699.0,1960027.79047
2018-09-07,7869.0,2540520.0,158.27790526,73421026.6858,7.25,58882.0,3677479.83842
2018-09-08,3318.0,1805160.0,0.49530279,70745658.1556,6.98,36287.0,423934.460373
2018-09-09,3509.0,2352540.0,0.1159236,63768657.2727,6.3,41463.0,1214276.4921
2018-09-10,4117.0,2971630.0,45.62371872,64494639.0133,6.37,38772.0,2531916.72631
2018-09-11,4103.0,2379970.0,3.90436654,61122329.6952,6.03,37090.0,643085.104253
2018-09-12,3579.0,2262190.0,500.55994869,57053361.7217,5.63,22750.0,500936.31319
2018-09-13,3716.0,2517660.0,500.28556779,56659096.7674,5.59,16276.0,558950.829033
2018-09-14,3387.0,2050000.0,14.56705943,58330417.6028,5.76,15261.0,450488.713465
2018-09-15,3157.0,1692070.0,0.22349276,57301498.4483,5.66,13638.0,110988.697948
2018-09-16,2989.0,2851650.0,497.68942106,58615598.9667,5.79,12831.0,818068.743412
2018-09-17,3278.0,2782130.0,490.36839158,54837088.8313,5.41,14963.0,1612948.14628
2018-09-18,3129.0,1833060.0,0.59742078,48614836.7134,4.8,13390.0,1131781.96251
2018-09-19,2944.0,2238190.0,490.51874592,50561717.912,4.99,12727.0,1227053.91918
2018-09-20,3148.0,1727050.0,1.31519285,50647081.3084,5.0,12478.0,585547.375279
2018-09-21,3968.0,3034930.0,1.29851526,54229260.9541,5.35,16656.0,724151.604435
2018-09-22,3286.0,2117380.0,0.17859298,55405502.1571,5.47,13366.0,437154.996574
2018-09-23,3571.0,2039540.0,0.15387897,52954235.2278,5.23,15140.0,732843.762745
2018-09-24,3044.0,961835.0,1.22039323,54613652.6486,5.39,12928.0,319978.839888
2018-09-25,2819.0,685293.0,0.09596307,52332508.2012,5.17,13922.0,276075.439764
2018-09-26,2997.0,565276.0,2992.38954799,51426368.9706,5.08,13924.0,157386.488356
2018-09-27,3077.0,809726.0,0.30616624,51627432.3593,5.1,12678.0,216968.902209
2018-09-28,7739.0,66564800.0,144.34473136,55827878.044,5.51,31248.0,19708373.4555
2018-09-29,3511.0,6827390.0,0.95969596,70234870.8424,6.94,15324.0,5580784.45242
2018-09-30,3947.0,1968870.0,1.83969451,63287542.4959,6.25,14490.0,7490598.99423
2018-10-01,3450.0,1341200.0,1.91158683,60957029.8705,6.02,14315.0,4251907.87887
2018-10-02,3005.0,782699.0,0.17879241,59383076.2302,5.86,13512.0,773028.726647
2018-10-03,2991.0,781801.0,0.09047307,58823127.9116,5.81,11047.0,700503.21789
2018-10-04,2931.0,705538.0,0.14802088,56127648.1115,5.54,8954.0,548904.936517
2018-10-05,2779.0,720791.0,1.57574989,56254864.8319,5.55,12306.0,939654.228018
2018-10-06,2977.0,1181590.0,2.18208712,57291058.6287,5.66,10129.0,640713.268013
2018-10-07,3038.0,2238920.0,0.32031054,58895914.8612,5.81,11855.0,988729.564698
2018-10-08,3310.0,814420.0,0.05597499,57906132.0411,5.72,11261.0,407379.090947
2018-10-09,3596.0,1379290.0,994.15927544,59319104.8687,5.86,16927.0,630421.895163
2018-10-10,3161.0,702333.0,990.23711802,59724351.7182,5.9,13609.0,351060.338136
2018-10-11,3181.0,1268770.0,0.21502167,58739918.4959,5.8,38947.0,864497.357978
2018-10-12,3125.0,950815.0,0.17501582,49528758.7789,4.89,63491.0,903061.831205
2018-10-13,2963.0,630966.0,0.4213464,50028911.0079,4.94,64114.0,733515.168489
2018-10-14,3054.0,1391360.0,0.27824608,51027447.8084,5.04,25140.0,902972.568155
2018-10-15,3629.0,1177040.0,1.34655759,50555422.0502,4.99,41271.0,752677.492378
2018-10-16,3216.0,613513.0,0.90329312,52407318.7856,5.17,26994.0,422654.683977
2018-10-17,3146.0,670354.0,1.21484536,53466615.5886,5.28,35517.0,344461.646035
2018-10-18,3373.0,925221.0,490.07624937,53368778.3198,5.27,47309.0,434024.491992
2018-10-19,3039.0,351780.0,2000.15867221,52187364.0,5.15,27827.0,209740.675445
2018-10-20,2941.0,871408.0,0.41249025,52147822.6548,5.15,14938.0,813655.160941
2018-10-21,2955.0,603591.0,3.8871158,53989894.8952,5.33,14092.0,590354.206093
2018-10-22,3168.0,462239.0,0.28586656,53137871.9712,5.25,14201.0,782820.160209
2018-10-23,3209.0,531245.0,1.32150452,52632573.5125,5.2,14806.0,629993.758569
2018-10-24,2871.0,1301940.0,1.51573883,52434272.0488,5.18,13409.0,319447.429809
2018-10-25,1151.0,539596.0,2.83223974,53909794.6031,5.32,26794.0,387391.206422
2018-10-26,3270.0,529026.0,991.95517511,53135959.104,5.25,63808.0,416387.008848
2018-10-27,2942.0,490303.0,3.58779871,52629654.6228,5.2,51528.0,318090.32814
2018-10-28,3084.0,479136.0,7.40788569,52786457.271,5.21,63115.0,196301.731997
2018-10-29,3959.0,614691.0,497.12972189,52841308.9592,5.22,64748.0,6042468.24427
2018-10-30,3421.0,419752.0,492.63011959,49861221.0548,4.92,38453.0,302569.536611
2018-10-31,1843.0,474527.0,491.20973133,50150821.2097,4.95,21093.0,161165.079591
2018-11-01,3543.0,442963.0,583.25498313,50232037.3865,4.96,12230.0,664428.442665
2018-11-02,3468.0,497896.0,992.88340714,50870765.878,5.02,16376.0,512062.264444
2018-11-03,3103.0,375966.0,2.65780758,51380117.2709,5.07,11720.0,148363.657744
2018-11-04,3224.0,1341630.0,7.82372902,51065898.7628,5.04,12918.0,242580.397741
2018-11-05,3127.0,899576.0,3.35739438,53311754.0356,5.26,19036.0,804010.467481
2018-11-06,3461.0,593304.0,0.36064499,51176387.088,5.07,20651.0,788146.504998
2018-11-07,3201.0,529822.0,980.37322228,52980904.0802,5.23,19201.0,493378.139063
2018-11-08,3160.0,461355.0,15.95828619,53026324.7626,5.24,15294.0,588338.702124
2018-11-09,2923.0,349870.0,17.59697563,51913216.5388,5.13,23254.0,417404.534435
2018-11-10,3059.0,269629.0,17.88411507,50913910.5059,5.03,21615.0,254394.325519
2018-11-11,2827.0,373222.0,11.7183556,51226938.0643,5.06,48321.0,248382.039809
2018-11-12,2818.0,467934.0,498.61964547,50875365.1878,5.02,45477.0,330822.729294
2018-11-13,3254.0,609503.0,11.26190803,49349276.019,4.87,41192.0,626411.952416
2018-11-14,3203.0,819918.0,12.89423821,47756317.1956,4.71,23373.0,723688.417109
2018-11-15,2854.0,957334.0,10.15572013,41693913.9688,4.12,17831.0,780651.568949
2018-11-16,2769.0,1201470.0,9.23529163,38900979.4639,3.84,19360.0,967125.936283
2018-11-17,2872.0,420389.0,12.97209362,39154365.9385,3.87,24567.0,484054.983201
