,activeaddresses,exchangevolume(usd),fees,marketcap(usd),medianfee,mediantxvalue(usd),paymentcount,price(usd),txcount,txvolume(usd)
2016-04-06,,222502.0,,0.0,,,,2.04,,
2016-04-07,,203863.0,,0.0,,,,3.92,,
2016-04-08,,468420.0,,0.0,,,,5.01,,
2016-04-09,,272260.0,,0.0,,,,4.06,,
2016-04-10,,242123.0,,0.0,,,,2.44,,
2016-04-11,,163666.0,,0.0,,,,1.37,,
2016-04-12,,117448.0,,0.0,,,,3.14,,
2016-04-13,,85572.0,,0.0,,,,1.29,,
2016-04-14,,114725.0,,0.0,,,,1.0,,
2016-04-15,,98647.0,,0.0,,,,1.19,,
2016-04-16,,57511.0,,0.0,,,,1.2,,
2016-04-17,,36480.0,,0.0,,,,1.23,,
2016-04-18,,48480.0,,0.0,,,,1.66,,
2016-04-19,,26391.0,,0.0,,,,1.02,,
2016-04-20,,64546.0,,0.0,,,,1.85,,
2016-04-21,,46650.0,,0.0,,,,1.33,,
2016-04-22,,38998.0,,0.0,,,,1.65,,
2016-04-23,,182681.0,,0.0,,,,1.82,,
2016-04-24,,54516.0,,0.0,,,,1.27,,
2016-04-25,,30326.0,,0.0,,,,1.42,,
2016-04-26,,16705.0,,0.0,,,,0.773862,,
2016-04-27,,14913.0,,0.0,,,,0.729496,,
2016-04-28,,6142.0,,0.0,,,,0.623713,,
2016-04-29,,14024.0,,0.0,,,,0.739369,,
2016-04-30,,66785.0,,0.0,,,,0.765952,,
2016-05-01,,19716.0,,0.0,,,,1.27,,
2016-05-02,,38309.0,,0.0,,,,0.708871,,
2016-05-03,,26812.0,,0.0,,,,1.18,,
2016-05-04,,51102.0,,0.0,,,,0.725092,,
2016-05-05,,34428.0,,0.0,,,,1.52,,
2016-05-06,,15278.0,,0.0,,,,1.42,,
2016-05-07,,13246.0,,0.0,,,,0.814081,,
2016-05-08,,13948.0,,0.0,,,,0.696016,,
2016-05-09,,10017.0,,0.0,,,,0.789914,,
2016-05-10,,10911.0,,0.0,,,,0.761222,,
2016-05-11,,34101.0,,0.0,,,,0.833497,,
2016-05-12,,10514.0,,0.0,,,,1.22,,
2016-05-13,,12820.0,,0.0,,,,0.816821,,
2016-05-14,,10083.0,,0.0,,,,0.788885,,
2016-05-15,,9419.0,,0.0,,,,0.824801,,
2016-05-16,,6305.0,,0.0,,,,0.829427,,
2016-05-17,,12167.0,,0.0,,,,0.784002,,
2016-05-18,,50865.0,,0.0,,,,0.750652,,
2016-05-19,,46746.0,,0.0,,,,1.89,,
2016-05-20,,57689.0,,0.0,,,,1.42,,
2016-05-21,,66490.0,,0.0,,,,3.41,,
2016-05-22,,105457.0,,0.0,,,,4.08,,
2016-05-23,,108656.0,,0.0,,,,2.74,,
2016-05-24,9127.0,439909.0,5466.5,0.0,0.0,3882.62653137,11172.0,2.96,11853.0,366631091.751
2016-05-25,5098.0,7311180.0,4801.5,62130000.0,0.1,131.695071471,8175.0,0.6213,9219.0,23291469.6313
2016-05-26,2790.0,13981800.0,2356.2,26966400.0,0.1,53.1203643907,4242.0,0.269664,4782.0,10029118.7856
2016-05-27,1838.0,13013200.0,1540.2,51949300.0,0.1,87.7000354622,2722.0,0.519493,3106.0,8162579.03026
2016-05-28,1100.0,7676530.0,1413.0,38812800.0,0.1,94.8570089773,1620.0,0.388128,1895.0,2168289.17512
2016-05-29,1041.0,4810200.0,847.3,35364200.0,0.1,35.3642,1263.0,0.353642,1584.0,981837.522787
2016-05-30,1402.0,2470160.0,1385.8,38014900.0,0.1,48.2409081,2148.0,0.380149,2471.0,1576221.99227
2016-05-31,770.0,3073130.0,652.5,35014000.0,0.1,33.304161338,955.0,0.35014,1152.0,1381422.26519
2016-06-01,470.0,2112400.0,453.0,31452000.0,0.1,27.20598,670.0,0.31452,792.0,1337847.06143
2016-06-02,386.0,1258510.0,447.8,33635100.0,0.1,20.1678716369,498.0,0.336351,640.0,572372.080275
2016-06-03,459.0,3187760.0,284.9,33061700.0,0.1,66.1234,869.0,0.330617,935.0,668253.821963
2016-06-04,542.0,3251570.0,317.6,41022000.0,0.1,96.319656,966.0,0.41022,1035.0,1146382.55012
2016-06-05,1139.0,4247850.0,409.0,44641800.0,0.1,78.04725894,1700.0,0.446418,1787.0,2147459.78383
2016-06-06,977.0,2878930.0,377.7,48204200.0,0.1,56.1337909,1197.0,0.482042,1363.0,1334066.10952
2016-06-07,389.0,2277500.0,328.6,45222800.0,0.1,90.4003772,576.0,0.452228,675.0,1127770.53884
2016-06-08,554.0,2980240.0,412.1,41946600.0,0.1,1.258398,601.0,0.419466,849.0,741624.387798
2016-06-09,363.0,1844730.0,846.8,47378100.0,0.1,15.6678018844,398.0,0.473781,577.0,988566.086216
2016-06-10,346.0,1426460.0,250.0,46116000.0,0.1,20.8021384515,420.0,0.46116,500.0,485538.197894
2016-06-11,298.0,1298720.0,230.1,45748600.0,0.1,70.9949046179,451.0,0.457486,492.0,617634.921979
2016-06-12,798.0,4868900.0,205.1,45331700.0,0.1,67.92955245,1141.0,0.453317,1184.0,1665998.06208
2016-06-13,549.0,3322740.0,179.8,42390700.0,0.1,49.36397015,728.0,0.423907,775.0,1236876.47327
2016-06-14,344.0,2677630.0,172.6,46595900.0,0.1,58.2299450679,466.0,0.465959,508.0,445825.234276
2016-06-15,205.0,1291530.0,77.8,47022800.0,0.1,84.3423940921,318.0,0.470228,340.0,367467.573972
2016-06-16,354.0,2348370.0,112.0,46338900.0,0.1,34.6151583,630.0,0.463389,647.0,1233656.67607
2016-06-17,302.0,4509350.0,161.0,45580900.0,0.1,113.88387865,530.0,0.455809,546.0,810590.732495
2016-06-18,305.0,2777730.0,113.1,43518500.0,0.1,90.7155199962,471.0,0.435185,481.0,452381.113645
2016-06-19,988.0,1392140.0,326.7,34812400.0,0.1,42.6866139884,1197.0,0.348124,1228.0,595962.807962
2016-06-20,386.0,1692310.0,209.0,36343200.0,0.1,57.557270988,530.0,0.363432,554.0,352532.076894
2016-06-21,407.0,1779370.0,177.8,32308100.0,0.1,80.8994824,618.0,0.323081,642.0,611279.275309
2016-06-22,401.0,3608690.0,179.9,32858800.0,0.1,91.6431931967,699.0,0.328588,713.0,580148.982399
2016-06-23,366.0,1644910.0,201.4,34807100.0,0.1,69.4922663778,634.0,0.348071,652.0,559791.469697
2016-06-24,338.0,2135610.0,110.4,36148300.0,0.1,77.4384390221,534.0,0.361483,543.0,546564.829268
2016-06-25,377.0,1435150.0,99.1,37901400.0,0.1,71.2473505801,621.0,0.379014,630.0,539101.081183
2016-06-26,335.0,750518.0,262.1,35712500.0,0.1,10.6780375,611.0,0.357125,628.0,296600.665494
2016-06-27,277.0,973053.0,113.6,32318400.0,0.1,52.0207051001,446.0,0.323184,455.0,395177.777867
2016-06-28,355.0,1291760.0,98.4,30889400.0,0.1,30.8585106,614.0,0.308894,619.0,693177.770954
2016-06-29,222.0,822309.0,159.1,28818900.0,0.1,28.7900811,351.0,0.288189,367.0,196048.438866
2016-06-30,223.0,1019150.0,97.2,30306500.0,0.1,9.09195,362.0,0.303065,371.0,137248.657457
2016-07-01,209.0,564870.0,114.7,30741700.0,0.1,12.2659383,367.0,0.307417,381.0,169081.671807
2016-07-02,157.0,570125.0,24.9,32661000.0,0.1,32.5793475,209.0,0.32661,213.0,216071.457962
2016-07-03,187.0,407208.0,68.1,31110000.0,0.1,11.8333279287,261.0,0.3111,275.0,148470.897947
2016-07-04,167.0,419023.0,151.2,30273100.0,0.1,27.2155169,282.0,0.302731,305.0,163006.243004
2016-07-05,232.0,1223650.0,139.5,30543000.0,0.1,61.086,495.0,0.30543,517.0,256140.751586
2016-07-06,166.0,714117.0,74.6,28943300.0,0.1,14.5385234975,386.0,0.289433,394.0,121964.849729
2016-07-07,162.0,578750.0,27.5,28682100.0,0.1,27.23365395,265.0,0.286821,266.0,144450.368239
2016-07-08,222.0,658829.0,43.1,27422300.0,0.1,27.4223,371.0,0.274223,373.0,124851.980032
2016-07-09,141.0,380355.0,30.0,28159600.0,0.1,56.6112761865,190.0,0.281596,193.0,95346.2093395
2016-07-10,128.0,535278.0,99.8,28036100.0,0.1,12.0353131633,308.0,0.280361,325.0,34780.9009146
2016-07-11,301.0,2383010.0,149.2,29631000.0,0.1,54.0825012,622.0,0.29631,629.0,371495.206446
2016-07-12,226.0,993582.0,98.3,33436800.0,0.1,42.6848170176,393.0,0.334368,400.0,172564.40403
2016-07-13,168.0,522491.0,60.0,31622800.0,0.1,33.20394,230.0,0.316228,239.0,135830.001128
2016-07-14,144.0,679860.0,57.9,31567800.0,0.1,45.7732390956,199.0,0.315678,205.0,94180.377509
2016-07-15,179.0,418795.0,51.8,32896200.0,0.1,43.4145713067,258.0,0.328962,260.0,194923.694302
2016-07-16,135.0,452985.0,65.2,32765200.0,0.1,30.0784536,202.0,0.327652,211.0,88524.5973079
2016-07-17,108.0,432248.0,77.8,32246300.0,0.1,33.536152,168.0,0.322463,177.0,59562.5852568
2016-07-18,180.0,523435.0,66.6,31575300.0,0.1,141.033259403,286.0,0.315753,292.0,179837.848329
2016-07-19,212.0,472702.0,67.0,30705200.0,0.1,152.75837,420.0,0.307052,421.0,299055.433197
2016-07-20,139.0,522077.0,39.0,31437800.0,0.1,262.068045791,320.0,0.314378,323.0,375717.520347
2016-07-21,134.0,473950.0,70.4,31173600.0,0.1,163.827121609,224.0,0.311736,240.0,121032.25204
2016-07-22,123.0,999888.0,24.7,31860900.0,0.1,62.0304460807,167.0,0.318609,171.0,44660.6256348
2016-07-23,120.0,413449.0,83.5,30836300.0,0.1,24.977403,175.0,0.308363,181.0,119028.778237
2016-07-24,148.0,1022570.0,34.8,31254100.0,0.1,62.33630245,188.0,0.312541,192.0,252644.554265
2016-07-25,131.0,347584.0,17.0,28764200.0,0.1,247.088445647,170.0,0.287642,170.0,167081.546948
2016-07-26,213.0,1755040.0,29.8,29465500.0,0.1,72.4556645,248.0,0.294655,249.0,214227.279696
2016-07-27,130.0,891245.0,23.0,28247900.0,0.1,56.45342815,150.0,0.282479,154.0,51608.9619277
2016-07-28,221.0,922646.0,121.7,28056900.0,0.1,93.871707776,327.0,0.280569,340.0,171219.944275
2016-07-29,106.0,639088.0,82.0,27983800.0,0.1,30.9096406122,170.0,0.279838,179.0,81302.4927722
2016-07-30,110.0,372036.0,16.8,28318800.0,0.1,255.860358,168.0,0.283188,168.0,150475.537502
2016-07-31,92.0,610372.0,16.0,28067800.0,0.1,140.3109322,150.0,0.280678,151.0,86180.0391796
2016-08-01,167.0,948289.0,65.6,26907500.0,0.1,53.761185,226.0,0.269075,233.0,525383.929161
2016-08-02,276.0,1625750.0,65.3,24165500.0,0.1,93.7492926536,553.0,0.241655,555.0,654732.545631
2016-08-03,231.0,1685460.0,79.4,19116600.0,0.1,49.693601699,374.0,0.191166,380.0,1052653.11655
2016-08-04,160.0,844272.0,59.8,21951900.0,0.1,93.8360132231,228.0,0.219519,233.0,130594.556779
2016-08-05,100.0,453612.0,50.1,23060100.0,0.1,22.3813634292,121.0,0.230601,127.0,140409.946422
2016-08-06,100.0,464599.0,30.5,22664000.0,0.1,7.30846008,125.0,0.22664,135.0,23235.8917302
2016-08-07,262.0,576337.0,97.3,23091200.0,0.1,25.8948807175,433.0,0.230912,447.0,1337538.40467
2016-08-08,171.0,426308.0,65.2,22335900.0,0.1,66.9741961478,252.0,0.223359,256.0,105434.841203
2016-08-09,131.0,573920.0,132.0,22576100.0,0.1,67.6379955977,190.0,0.225761,207.0,126845.130788
2016-08-10,106.0,1901840.0,130.8,22517100.0,0.1,18.2935752032,168.0,0.225171,178.0,44738.8696897
2016-08-11,195.0,820562.0,99.8,26196600.0,0.1,49.9831128,288.0,0.261966,299.0,194767.043824
2016-08-12,136.0,660290.0,57.8,24597500.0,0.1,67.127223878,218.0,0.245975,226.0,90648.7051909
2016-08-13,107.0,405034.0,81.6,25112000.0,0.1,55.1391514268,146.0,0.25112,153.0,73667.2464834
2016-08-14,86.0,320443.0,47.4,25752000.0,0.1,28.7654767233,124.0,0.25752,131.0,90598.0767255
2016-08-15,129.0,491626.0,63.3,23925800.0,0.1,16.2456182,213.0,0.239258,223.0,77176.0382414
2016-08-16,114.0,367910.0,53.6,25515900.0,0.1,25.4903841,146.0,0.255159,153.0,63487.3550228
2016-08-17,196.0,534461.0,42.2,25598600.0,0.1,54.3928257826,312.0,0.255986,315.0,140655.35618
2016-08-18,275.0,2061090.0,241.9,26820300.0,0.1,73.4339814,539.0,0.268203,551.0,209038.728109
2016-08-19,254.0,1353530.0,55.4,30265700.0,0.1,127.044871253,494.0,0.302657,500.0,238709.747695
2016-08-20,150.0,571840.0,52.2,29649200.0,0.1,142.271686201,222.0,0.296492,224.0,130130.902568
2016-08-21,129.0,709913.0,40.2,28396900.0,0.1,61.9504387744,202.0,0.283969,210.0,49441.3929499
2016-08-22,193.0,853216.0,49.6,31468700.0,0.1,120.919672414,306.0,0.314687,313.0,238964.29405
2016-08-23,212.0,1423260.0,82.1,28672300.0,0.1,119.79608231,411.0,0.286723,420.0,534492.345616
2016-08-24,146.0,760046.0,34.0,27085200.0,0.1,95.9002208899,200.0,0.270852,206.0,180687.431695
2016-08-25,149.0,466409.0,58.8,26300300.0,0.1,85.0972694229,208.0,0.263003,214.0,155329.675457
2016-08-26,124.0,499319.0,172.5,25827100.0,0.1,208.246185896,185.0,0.258271,199.0,210765.997247
2016-08-27,76.0,390922.0,56.2,26736200.0,0.1,187.1266638,112.0,0.267362,121.0,103792.661379
2016-08-28,111.0,443494.0,31.2,26273600.0,0.1,476.30883968,172.0,0.262736,178.0,237149.949473
2016-08-29,152.0,513229.0,75.6,25713000.0,0.1,128.5521435,196.0,0.25713,200.0,87007.3300298
2016-08-30,157.0,436321.0,52.8,26719700.0,0.1,107.132673222,208.0,0.267197,212.0,114987.672811
2016-08-31,206.0,429425.0,31.2,25323400.0,0.1,198.7680525,292.0,0.253234,294.0,373294.125445
2016-09-01,121.0,472887.0,22.6,25370400.0,0.1,126.852,176.0,0.253704,177.0,352722.098364
2016-09-02,106.0,387282.0,9.8,24646000.0,0.1,1.207654,98.0,0.24646,98.0,19505.0771255
2016-09-03,128.0,566146.0,30.7,24874200.0,0.1,78.3966935316,167.0,0.248742,173.0,216655.513551
2016-09-04,130.0,509761.0,18.9,24349000.0,0.1,166.096703499,179.0,0.24349,180.0,172093.685301
2016-09-05,138.0,785260.0,76.7,24377900.0,0.1,63.2935282107,187.0,0.243779,193.0,198502.29714
2016-09-06,137.0,466873.0,25.2,25012600.0,0.1,36.1079667479,182.0,0.250126,185.0,706801.556782
2016-09-07,105.0,563511.0,18.7,25288300.0,0.1,27.82977415,137.0,0.252883,138.0,191162.258371
2016-09-08,132.0,393796.0,21.3,25743700.0,0.1,61.6691981509,163.0,0.257437,164.0,121430.195674
2016-09-09,98.0,395434.0,28.3,25343200.0,0.1,105.307357146,163.0,0.253432,167.0,184397.182093
2016-09-10,84.0,412311.0,13.0,25627700.0,0.1,198.106876837,120.0,0.256277,121.0,175170.832469
2016-09-11,95.0,323685.0,78.0,25302400.0,0.1,17.6863776,130.0,0.253024,139.0,44983.9334329
2016-09-12,141.0,784795.0,68.3,24457800.0,0.1,122.2645422,203.0,0.244578,215.0,168628.407008
2016-09-13,125.0,667645.0,39.5,26828900.0,0.1,80.7285328849,185.0,0.268289,190.0,108742.968292
2016-09-14,139.0,380140.0,31.4,26261600.0,0.1,52.5232,204.0,0.262616,207.0,125166.570594
2016-09-15,83.0,319127.0,42.3,27116500.0,0.1,189.7883835,103.0,0.271165,107.0,117449.278811
2016-09-16,94.0,327073.0,42.1,25415400.0,0.1,114.3184692,121.0,0.254154,123.0,72638.8454869
2016-09-17,79.0,204630.0,9.9,25877800.0,0.1,59.4022200385,99.0,0.258778,99.0,39517.1464459
2016-09-18,80.0,328572.0,43.1,25790700.0,0.1,13.5085045495,101.0,0.257907,130.0,60285.9552414
2016-09-19,80.0,248429.0,11.8,25573900.0,0.1,24.2440571974,108.0,0.255739,109.0,40459.4932536
2016-09-20,73.0,222061.0,15.3,25271600.0,0.1,98.5339684,93.0,0.252716,95.0,55982.1440564
2016-09-21,127.0,598551.0,20.0,26025000.0,0.1,95.8387671375,200.0,0.26025,200.0,109885.772179
2016-09-22,81.0,327202.0,16.3,25017000.0,0.1,117.748473792,103.0,0.25017,105.0,317474.488127
2016-09-23,107.0,290931.0,39.6,24611400.0,0.1,35.2242880498,146.0,0.246114,147.0,67623.6863359
2016-09-24,71.0,153084.0,11.6,24380900.0,0.1,29.612552398,76.0,0.243809,80.0,43777.5289304
2016-09-25,72.0,85759.0,36.9,24647000.0,0.1,25.8835203389,89.0,0.24647,93.0,108191.545374
2016-09-26,189.0,359360.0,61.9,24685800.0,0.1,189.29511933,249.0,0.246858,254.0,732912.522015
2016-09-27,103.0,317051.0,17.1,23922200.0,0.1,96.8609878,171.0,0.239222,171.0,261380.768997
2016-09-28,140.0,226676.0,31.3,23642000.0,0.1,108.689758104,223.0,0.23642,228.0,307249.974734
2016-09-29,217.0,272689.0,59.9,23855800.0,0.1,119.2551442,319.0,0.238558,323.0,380609.366024
2016-09-30,57.0,189587.0,31.9,23746500.0,0.1,12.1137190688,69.0,0.237465,70.0,150209.991151
2016-10-01,73.0,237068.0,19.2,23748200.0,0.1,85.4962232018,92.0,0.237482,98.0,43134.2562656
2016-10-02,72.0,259666.0,16.4,23346400.0,0.1,350.799136614,84.0,0.233464,88.0,88778.5579924
2016-10-03,79.0,227447.0,25.8,22553900.0,0.1,72.8693649675,108.0,0.225539,115.0,46404.0389772
2016-10-04,76.0,255553.0,75.8,23930600.0,0.1,52.3624861723,108.0,0.239306,121.0,88379.4121571
2016-10-05,88.0,288399.0,19.6,23384400.0,0.1,93.5142156,166.0,0.233844,169.0,83824.7900877
2016-10-06,99.0,338222.0,46.2,22935700.0,0.1,34.3806143,92.0,0.229357,101.0,48374.8981247
2016-10-07,101.0,276562.0,26.1,22415500.0,0.1,55.9350783125,131.0,0.224155,144.0,106604.044396
2016-10-08,77.0,285140.0,16.4,22357400.0,0.1,145.3231,94.0,0.223574,97.0,57244.3385526
2016-10-09,77.0,176536.0,43.9,21926700.0,0.1,65.7801,99.0,0.219267,105.0,36379.875653
2016-10-10,95.0,311046.0,23.7,21459100.0,0.1,112.428130454,157.0,0.214591,161.0,141563.323324
2016-10-11,66.0,322079.0,12.3,21614100.0,0.1,54.0136359,83.0,0.216141,87.0,107633.799257
2016-10-12,105.0,339619.0,14.1,21100200.0,0.1,49.4405294303,131.0,0.211002,132.0,226295.812721
2016-10-13,67.0,220006.0,15.5,20732800.0,0.1,85.4771994504,85.0,0.207328,88.0,101973.893275
2016-10-14,96.0,470917.0,48.9,20188200.0,0.1,128.122247295,129.0,0.201882,133.0,110751.008766
2016-10-15,105.0,383196.0,42.0,18355700.0,0.1,118.3024865,170.0,0.183557,171.0,95510.3891924
2016-10-16,74.0,151522.0,21.3,17968800.0,0.1,53.9064,93.0,0.179688,97.0,83842.629847
2016-10-17,82.0,233512.0,21.1,18088000.0,0.1,63.66976,111.0,0.18088,117.0,55434.5214466
2016-10-18,94.0,251222.0,20.1,18189900.0,0.1,19.9563240603,151.0,0.181899,152.0,52374.9793614
2016-10-19,72.0,229047.0,11.9,17907700.0,0.1,25.0318148675,109.0,0.179077,110.0,37412.0907218
2016-10-20,81.0,362233.0,11.6,18137300.0,0.1,45.33418135,116.0,0.181373,116.0,98968.2660945
2016-10-21,84.0,264112.0,12.9,19274500.0,0.1,115.985442735,119.0,0.192745,120.0,65889.7032653
2016-10-22,58.0,386420.0,7.8,18946400.0,0.1,33.2099983028,78.0,0.189464,78.0,64537.3984682
2016-10-23,110.0,249105.0,19.4,18058500.0,0.1,180.585,144.0,0.180585,145.0,113882.322116
2016-10-24,48.0,320194.0,17.4,17137100.0,0.1,34.2742,54.0,0.171371,57.0,31413.3317774
2016-10-25,51.0,331849.0,6.0,18116800.0,0.1,13.9557005067,60.0,0.181168,60.0,32165.696972
2016-10-26,66.0,670246.0,9.6,18592200.0,0.1,111.460239,96.0,0.185922,96.0,40857.6406901
2016-10-27,131.0,344699.0,20.0,19270100.0,0.1,88.243255841,200.0,0.192701,200.0,248319.354082
2016-10-28,79.0,279112.0,15.2,18853700.0,0.1,43.0123341776,102.0,0.188537,103.0,45075.2664563
2016-10-29,163.0,493803.0,57.0,17953700.0,0.1,89.61589355,260.0,0.179537,263.0,336206.629666
2016-10-30,111.0,350482.0,49.5,15143500.0,0.1,136.07316419,175.0,0.151435,179.0,95962.8873431
2016-10-31,126.0,211837.0,50.0,16887400.0,0.1,78.771748114,210.0,0.168874,215.0,144243.465829
2016-11-01,120.0,391748.0,18.6,16261400.0,0.1,58.5241537833,186.0,0.162614,186.0,93962.7434041
2016-11-02,138.0,338989.0,27.6,16208000.0,0.1,92.2461626732,226.0,0.16208,227.0,985142.420995
2016-11-03,124.0,279350.0,27.4,17931100.0,0.1,85.05617285,174.0,0.179311,176.0,117626.702788
2016-11-04,82.0,195659.0,12.1,18856000.0,0.1,64.5403168,121.0,0.18856,121.0,92015.9726419
2016-11-05,96.0,184949.0,41.1,18738800.0,0.1,155.748645256,151.0,0.187388,153.0,91932.875344
2016-11-06,109.0,247202.0,40.1,19744200.0,0.1,88.8489,141.0,0.197442,147.0,63094.7933675
2016-11-07,833.0,982103.0,176.7,21494000.0,0.1,107.706434,1367.0,0.21494,1375.0,1420776.01825
2016-11-08,697.0,352962.0,140.8,21045700.0,0.1,75.7434743,1098.0,0.210457,1101.0,2244625.85897
2016-11-09,227.0,243218.0,75.3,18743100.0,0.1,37.45808535,363.0,0.187431,374.0,493267.655619
2016-11-10,187.0,78803.0,40.6,18070900.0,0.1,44.4724849,296.0,0.180709,303.0,117830.010656
2016-11-11,151.0,145430.0,62.3,18623700.0,0.1,23.9903687256,233.0,0.186237,244.0,93102.246637
2016-11-12,119.0,125716.0,18.3,18270400.0,0.1,13.6283543064,183.0,0.182704,183.0,39731.8581545
2016-11-13,98.0,126359.0,39.3,18269000.0,0.1,14.751885481,143.0,0.18269,144.0,48495.9098041
2016-11-14,65.0,129702.0,8.7,18138600.0,0.1,57.6424678505,87.0,0.181386,87.0,95319.8569657
2016-11-15,74.0,113336.0,16.5,17940400.0,0.1,12.1159739105,115.0,0.179404,120.0,35146.0632473
2016-11-16,71.0,310208.0,35.6,17558700.0,0.1,23.4856351904,96.0,0.175587,98.0,38654.9606373
2016-11-17,83.0,115570.0,65.3,16864300.0,0.1,76.9973415171,113.0,0.168643,119.0,120552.075308
2016-11-18,82.0,108472.0,14.9,16164400.0,0.1,4.0411,89.0,0.161644,95.0,27875.419563
2016-11-19,127.0,46928.0,75.6,16323600.0,0.1,40.9754159785,176.0,0.163236,194.0,135578.009311
2016-11-20,99.0,174667.0,75.9,15982700.0,0.1,15.9667173,139.0,0.159827,153.0,36632.9733097
2016-11-21,242.0,71885.0,112.6,16435300.0,0.1,71.395764965,286.0,0.164353,298.0,48979.4536993
2016-11-22,106.0,52966.0,70.3,16782400.0,0.1,4.1956,113.0,0.167824,124.0,15423.535818
2016-11-23,83.0,53504.0,111.8,16363600.0,0.1,4.0909,88.0,0.163636,107.0,94646.8820427
2016-11-24,59.0,82798.0,67.7,16299700.0,0.1,13.2034244344,67.0,0.162997,80.0,8595.99046525
2016-11-25,96.0,107960.0,73.5,16275600.0,0.1,0.162756,135.0,0.162756,171.0,15106.3041508
2016-11-26,60.0,109529.0,119.9,16117700.0,0.1,3.545894,39.0,0.161177,59.0,14184.3634641
2016-11-27,99.0,48853.0,69.7,16246700.0,0.1,0.162467,77.0,0.162467,103.0,9820.81027449
2016-11-28,215.0,190134.0,139.5,15730200.0,0.1,0.157302,185.0,0.157302,270.0,9687.73511027
2016-11-29,224.0,241875.0,223.7,16905200.0,0.1,3.73421701865,227.0,0.169052,336.0,140862.986555
2016-11-30,209.0,144182.0,714.5,18063700.0,1.0,0.0,105.0,0.180637,549.0,36425.0212876
2016-12-01,172.0,97247.0,252.0,17068000.0,0.1,1.70560911273,150.0,0.17068,255.0,36243.3588416
2016-12-02,155.0,131762.0,171.0,16174400.0,0.1,0.323488,150.0,0.161744,254.0,16275.0128706
2016-12-03,158.0,42210.0,188.9,15220200.0,0.1,1.5067998,149.0,0.152202,235.0,7726.45930236
2016-12-04,336.0,67621.0,393.8,15573600.0,0.1,0.155736,348.0,0.155736,539.0,70634.5769992
2016-12-05,297.0,73567.0,328.8,15284200.0,0.1,1.89685861346,428.0,0.152842,550.0,933731.783836
2016-12-06,285.0,178198.0,211.7,14460300.0,0.1,1.44603,397.0,0.144603,477.0,168306.229337
2016-12-07,267.0,66506.0,282.4,14311200.0,0.1,0.160171524995,384.0,0.143112,500.0,85314.2644962
2016-12-08,271.0,70775.0,220.1,14746500.0,0.1,0.496477943588,401.0,0.147465,513.0,95263.1665881
2016-12-09,243.0,43190.0,208.0,14110000.0,0.1,0.175573535773,280.0,0.1411,400.0,76934.1019064
2016-12-10,236.0,44838.0,159.8,14340000.0,0.1,0.391204525302,348.0,0.1434,421.0,45062.7513212
2016-12-11,231.0,43162.0,120.5,13590500.0,0.1,0.186097885125,355.0,0.135905,428.0,24952.0868509
2016-12-12,276.0,72220.0,338.4,13551900.0,0.1,0.301694476661,414.0,0.135519,539.0,33550.1988964
2016-12-13,285.0,45407.0,176.0,13706300.0,0.1,0.183807199898,430.0,0.137063,527.0,30031.0313534
2016-12-14,363.0,75608.0,369.2,13842700.0,0.1,0.240266200439,782.0,0.138427,909.0,30176.5770177
2016-12-15,319.0,79341.0,234.2,13612700.0,0.1,0.180000372044,482.0,0.136127,556.0,34210.0430411
2016-12-16,328.0,43560.0,342.2,14164100.0,0.1,0.186858055707,542.0,0.141641,694.0,140949.094331
2016-12-17,315.0,34816.0,336.9,13907100.0,0.1,0.171495548284,539.0,0.139071,682.0,101795.432167
2016-12-18,399.0,143862.0,196.0,13437200.0,0.1,0.2553068,780.0,0.134372,850.0,47433.2249447
2016-12-19,282.0,150048.0,134.7,14879200.0,0.1,0.269726555433,417.0,0.148792,462.0,60628.1694523
2016-12-20,308.0,119852.0,175.8,15580910.6871,0.1,0.603019577676,518.0,0.154576,562.0,37790.2368714
2016-12-21,377.0,187510.0,218.4,14870891.4407,0.1,0.197781855074,624.0,0.147532,696.0,202065.138725
2016-12-22,371.0,176840.0,245.8,15533837.6301,0.1,0.351507002347,708.0,0.154109,775.0,141290.579601
2016-12-23,349.0,114771.0,167.7,14829463.695,0.1,0.4266509,597.0,0.147121,649.0,394263.21406
2016-12-24,330.0,133874.0,147.2,13586829.1151,0.1,0.55432807909,572.0,0.134793,634.0,61459.2464155
2016-12-25,261.0,75791.0,200.1,13857168.1383,0.1,0.24087000249,451.0,0.137475,502.0,37870.4017736
2016-12-26,357.0,81084.0,207.4,14305012.4534,0.1,0.370826214809,644.0,0.141918,763.0,68946.9287798
2016-12-27,271.0,59771.0,126.8,14117388.5663,0.1,0.224687904508,358.0,0.139654,445.0,36528.064389
2016-12-28,373.0,131484.0,213.8,13868770.6315,0.1,0.445544056458,628.0,0.137137,727.0,98911.4851578
2016-12-29,331.0,129925.0,303.1,13268994.2678,0.1,0.2491869,481.0,0.131151,628.0,55212.0007332
2016-12-30,377.0,80064.0,293.0,14518415.9952,0.1,0.75215994986,700.0,0.14344,779.0,66571.6536219
2016-12-31,249.0,30538.0,191.4,14877332.0581,0.1,0.79625691883,324.0,0.146924,427.0,27823.1120372
2017-01-01,464.0,207507.0,191.4,14624040.571,0.1,0.5630118,764.0,0.144362,879.0,101741.695464
2017-01-02,378.0,188263.0,158.4,15231090.815,0.1,0.803102487121,534.0,0.150291,631.0,284565.960327
2017-01-03,339.0,111416.0,111.3,16028311.7961,0.1,0.745684619372,653.0,0.158092,695.0,29900.265364
2017-01-04,337.0,204520.0,133.4,16141251.9237,0.1,0.95388334103,454.0,0.15914,498.0,70352.4235487
2017-01-05,282.0,161476.0,151.7,17643506.1871,0.1,1.72542497854,397.0,0.173878,457.0,114699.74502
2017-01-06,363.0,188513.0,168.8,16064295.3826,0.1,0.637168536603,508.0,0.158248,594.0,32319.2395722
2017-01-07,332.0,98729.0,131.1,14355884.8999,0.1,0.428165373689,591.0,0.141359,659.0,114252.568449
2017-01-08,252.0,141961.0,122.1,14786585.0429,0.1,0.729451170302,321.0,0.145559,363.0,14107.2564433
2017-01-09,286.0,92910.0,71.8,16126084.7846,0.1,0.871438631285,438.0,0.158679,466.0,16069.0974839
2017-01-10,374.0,93383.0,302.1,15168691.7211,0.1,0.606616192451,501.0,0.149196,653.0,70519.308133
2017-01-11,368.0,139328.0,140.4,15162444.1972,0.1,0.728697616582,644.0,0.149072,692.0,21723.0031513
2017-01-12,252.0,102894.0,105.7,14286537.0409,0.1,0.73200619035,397.0,0.140401,435.0,95890.0989873
2017-01-13,349.0,55126.0,154.5,14083051.2894,0.1,0.691715,665.0,0.138343,721.0,22232.2924242
2017-01-14,293.0,73772.0,190.0,14303239.3019,0.1,0.4072963,550.0,0.140447,653.0,61631.4484073
2017-01-15,411.0,270640.0,244.6,15083955.6589,0.1,0.853103744952,686.0,0.148051,762.0,185355.944439
2017-01-16,337.0,119266.0,119.5,16498138.3024,0.1,0.816505503176,645.0,0.161863,692.0,69924.2250159
2017-01-17,387.0,105637.0,208.5,15779576.3662,0.1,0.657175265858,765.0,0.154748,821.0,47177.4793223
2017-01-18,365.0,78993.0,191.5,16081479.7238,0.1,0.405518990648,705.0,0.157643,770.0,96673.89482
2017-01-19,335.0,69961.0,205.3,16568375.7505,0.1,0.7955052,613.0,0.162348,653.0,37609.8698004
2017-01-20,293.0,39035.0,140.8,16025906.2238,0.1,0.4552043,578.0,0.156967,625.0,92771.2478424
2017-01-21,329.0,54266.0,137.8,15818010.382,0.1,0.648376667605,458.0,0.154866,494.0,46625.9839109
2017-01-22,265.0,39804.0,104.0,16167882.0367,0.1,0.4588525,450.0,0.158225,477.0,18223.2064155
2017-01-23,386.0,55916.0,156.7,15919741.4273,0.1,0.783810554178,657.0,0.155731,724.0,25930.2689685
2017-01-24,309.0,45335.0,182.7,15734170.5811,0.1,0.5705078212,587.0,0.153851,659.0,36037.4417812
2017-01-25,374.0,73999.0,190.2,15243659.4568,0.1,0.49231053227,782.0,0.148996,870.0,43041.4718983
2017-01-26,290.0,169125.0,103.0,14920061.8838,0.1,0.737730490062,470.0,0.145769,526.0,40609.8209772
2017-01-27,510.0,291370.0,205.2,14976697.3411,0.1,0.521556220072,772.0,0.146261,805.0,91577.0567755
2017-01-28,557.0,206858.0,153.8,15026565.3891,0.1,0.1320183,918.0,0.146687,952.0,86875.4934794
2017-01-29,451.0,144577.0,237.8,15916232.2489,0.1,0.520141523343,1038.0,0.155309,1076.0,29453.1079062
2017-01-30,307.0,189453.0,149.6,16194734.7499,0.1,0.340460693225,466.0,0.157961,541.0,45830.4025976
2017-01-31,461.0,164623.0,171.4,16586009.8984,0.1,0.417254060167,834.0,0.161715,890.0,44561.8734034
2017-02-01,325.0,188355.0,123.2,16437916.042,0.1,0.629218159583,672.0,0.160204,680.0,116548.208795
2017-02-02,407.0,135496.0,116.8,16418620.9709,0.1,0.702419128513,758.0,0.159949,775.0,34383.7332467
2017-02-03,276.0,107780.0,101.6,16272272.2244,0.1,0.618609851518,466.0,0.158457,493.0,67621.1237229
2017-02-04,372.0,117411.0,87.6,16482815.2336,0.1,0.617738140253,746.0,0.16044,759.0,28678.8399504
2017-02-05,334.0,118021.0,86.4,16313234.6308,0.1,0.405215846163,684.0,0.158723,702.0,43387.5263717
2017-02-06,388.0,132625.0,96.9,16907771.3458,0.1,0.648376984843,669.0,0.164439,695.0,45172.6931252
2017-02-07,355.0,80620.0,186.9,16484492.8276,0.1,0.436406052669,629.0,0.160256,749.0,81431.8577179
2017-02-08,381.0,101197.0,225.1,17043991.9821,0.1,0.483944827603,921.0,0.165628,1030.0,86159.0845195
2017-02-09,364.0,189544.0,138.8,16695020.1066,0.1,0.186349649167,618.0,0.16217,695.0,86495.923262
2017-02-10,470.0,56800.0,202.0,15896926.8232,0.1,0.535222754315,1050.0,0.154354,1139.0,71853.2368845
2017-02-11,298.0,59644.0,147.8,15178152.8718,0.1,0.290727335939,678.0,0.147314,730.0,17359.8832338
2017-02-12,635.0,79289.0,226.7,15512094.2253,0.1,0.291777616257,1257.0,0.150493,1358.0,35866.5290007
2017-02-13,296.0,89637.0,158.4,15450540.0565,0.1,0.746377116715,634.0,0.149834,677.0,52014.4084296
2017-02-14,475.0,94109.0,202.6,14878251.8459,0.1,0.401198970749,1016.0,0.144226,1065.0,198063.603695
2017-02-15,416.0,96408.0,223.6,15219116.8028,0.1,0.280307907246,1006.0,0.147469,1101.0,53369.4746993
2017-02-16,481.0,99588.0,471.5,14640731.7376,0.1,0.27260448438,1145.0,0.141806,1318.0,78570.9912384
2017-02-17,500.0,75400.0,874.9,14909168.8441,0.1,0.28860432857,1099.0,0.144346,1212.0,42643.82056
2017-02-18,441.0,106133.0,222.9,15053211.8799,0.1,0.278118986009,1149.0,0.14568,1205.0,41225.0197002
2017-02-19,384.0,83473.0,117.3,14395205.7808,0.1,0.360110859318,703.0,0.139254,746.0,85727.4486229
2017-02-20,466.0,126712.0,245.4,14025891.3004,0.1,0.317505550469,1144.0,0.135625,1215.0,90437.8085995
2017-02-21,347.0,172798.0,103.8,12626535.071,0.1,0.627102187544,628.0,0.122043,661.0,99127.5086513
2017-02-22,365.0,78040.0,134.6,13476017.5043,0.1,0.340803329615,996.0,0.130201,1027.0,45082.9858126
2017-02-23,331.0,99217.0,114.9,13398149.7213,0.1,0.439789092636,619.0,0.129396,644.0,74596.4849291
2017-02-24,409.0,107579.0,128.9,13948760.07,0.1,0.299002192326,949.0,0.134658,983.0,29021.8089364
2017-02-25,380.0,88925.0,142.4,13737440.8171,0.1,0.292237365198,824.0,0.132563,860.0,106672.699824
2017-02-26,606.0,102766.0,175.0,13498060.1124,0.1,0.17570404135,1180.0,0.130199,1205.0,88517.2001466
2017-02-27,506.0,116903.0,172.5,13312211.635,0.1,0.652865260085,1255.0,0.128353,1290.0,210669.510052
2017-02-28,473.0,215096.0,291.4,12825713.9565,0.1,0.632505606747,884.0,0.123611,935.0,130803.982603
2017-03-01,382.0,231932.0,91.8,11670651.9137,0.1,0.678611791415,708.0,0.112432,729.0,56451.4181863
2017-03-02,488.0,215899.0,249.8,10900085.0777,0.1,0.573289133302,838.0,0.104965,956.0,220425.60555
2017-03-03,324.0,149754.0,232.2,11275803.0855,0.1,0.634530052251,622.0,0.108538,708.0,54901.6007002
2017-03-04,566.0,95676.0,239.5,11362683.0032,0.1,0.242177756444,905.0,0.109329,978.0,29796.844746
2017-03-05,398.0,203732.0,264.9,12079795.4035,0.1,0.575076465284,729.0,0.116181,841.0,49066.8134571
2017-03-06,437.0,103639.0,276.6,12350668.5619,0.1,0.50635971543,876.0,0.118737,968.0,44007.8781003
2017-03-07,326.0,134803.0,108.8,13100433.5307,0.1,0.809623779828,568.0,0.125893,616.0,30788.9413155
2017-03-08,339.0,142038.0,117.6,12518196.872,0.1,0.603589526874,606.0,0.120248,655.0,58147.4044415
2017-03-09,292.0,157196.0,181.5,11511503.0972,0.1,0.557018080566,525.0,0.110532,606.0,29612.2748262
2017-03-10,291.0,178964.0,101.1,12382174.5248,0.1,0.626708147476,521.0,0.118843,570.0,61573.3297193
2017-03-11,252.0,86252.0,139.2,11931887.6535,0.1,0.589354821611,452.0,0.114474,518.0,16366.3106104
2017-03-12,530.0,160726.0,279.7,11632019.6571,0.1,0.440955702816,1147.0,0.111551,1256.0,141269.843131
2017-03-13,583.0,293186.0,373.4,11821053.696,0.1,1.13601859051,934.0,0.113317,1034.0,130841.097933
2017-03-14,348.0,1078790.0,171.7,13573566.1818,0.1,2.86232008255,537.0,0.130063,603.0,353364.02292
2017-03-15,480.0,575218.0,299.0,15337428.0579,0.1,0.868783098837,640.0,0.146904,791.0,172025.217905
2017-03-16,515.0,955187.0,272.6,17896323.0737,0.1,2.13603608778,926.0,0.171343,1018.0,406019.926394
2017-03-17,401.0,474332.0,489.8,20329806.6238,0.1,1.34487401878,538.0,0.194562,754.0,219238.192316
2017-03-18,453.0,552518.0,407.2,17193573.6671,0.1,0.861477362355,692.0,0.16448,894.0,163208.814104
2017-03-19,735.0,423163.0,430.8,18577729.7594,0.1,0.742232881533,1638.0,0.177649,1825.0,446103.458725
2017-03-20,470.0,1183900.0,405.6,19593434.9117,0.1,2.25010751166,736.0,0.187285,900.0,348302.983499
2017-03-21,902.0,6382180.0,507.5,25215225.1239,0.1,29.9047141222,1785.0,0.240922,1938.0,1589805.76189
2017-03-22,614.0,1726510.0,325.7,32003979.1829,0.1,11.0968518096,1017.0,0.30566,1173.0,612456.913631
2017-03-23,494.0,1102930.0,439.7,30021791.7906,0.1,2.23634366082,707.0,0.286611,984.0,298798.800435
2017-03-24,476.0,973098.0,316.3,28303222.5058,0.1,1.97611144484,743.0,0.270093,921.0,204428.02088
2017-03-25,581.0,1064710.0,287.9,27071757.5347,0.1,1.37464381486,889.0,0.258235,1012.0,243013.443935
2017-03-26,650.0,660583.0,259.4,28243895.7855,0.1,1.3196043,1354.0,0.269307,1474.0,190362.164765
2017-03-27,588.0,1907780.0,277.0,28424837.2963,0.1,1.48460259927,920.0,0.270922,1077.0,402616.106854
2017-03-28,285.0,927521.0,139.6,30167857.5017,0.1,9.80121153922,446.0,0.287418,489.0,239142.147561
2017-03-29,416.0,1089920.0,165.8,31907758.0802,0.1,3.2524493111,608.0,0.30387,657.0,352831.014719
2017-03-30,620.0,893252.0,537.1,35298561.7367,0.1,1.70000016161,1151.0,0.336026,1337.0,396159.138757
2017-03-31,389.0,1263370.0,222.8,34701022.2918,0.1,4.10813529448,578.0,0.330211,691.0,270952.518537
2017-04-01,389.0,477805.0,237.0,32601047.247,0.1,1.6474300795,560.0,0.310093,709.0,195764.597211
2017-04-02,414.0,1075910.0,294.5,32933217.1168,0.1,3.23237603662,645.0,0.313124,847.0,439758.436411
2017-04-03,547.0,878806.0,279.8,28685305.036,0.1,1.40795120658,888.0,0.272624,1067.0,263230.594442
2017-04-04,546.0,398036.0,344.5,28604008.2183,0.1,1.44988912333,845.0,0.27174,1049.0,165416.532777
2017-04-05,378.0,432126.0,270.4,27894086.0239,0.1,1.42391949796,524.0,0.264887,658.0,162979.580281
2017-04-06,370.0,496981.0,152.6,29548647.5455,0.1,4.11755805575,576.0,0.280484,659.0,1005813.49319
2017-04-07,310.0,322996.0,275.0,27781825.0131,0.1,2.61838382555,460.0,0.263605,557.0,121999.058919
2017-04-08,367.0,504917.0,291.3,25983904.8466,0.1,1.2440422423,563.0,0.246445,710.0,179610.258441
2017-04-09,530.0,491350.0,325.3,29482465.5219,0.1,1.65504730771,823.0,0.279514,1014.0,118947.251611
2017-04-10,382.0,194765.0,319.0,27664835.8819,0.1,2.615232125,560.0,0.262175,691.0,303202.208823
2017-04-11,385.0,255568.0,220.5,28383514.9365,0.1,1.49695632118,545.0,0.268876,631.0,92524.7980842
2017-04-12,458.0,262867.0,207.8,27766165.5945,0.1,1.37305711952,738.0,0.262921,832.0,133372.153796
2017-04-13,300.0,428610.0,141.6,28331749.6392,0.1,2.67332289826,436.0,0.268168,486.0,80253.5124613
2017-04-14,281.0,392016.0,82.4,30362579.5344,0.1,3.24097814008,454.0,0.287273,487.0,98706.3323148
2017-04-15,576.0,389603.0,196.8,29741991.6754,0.1,1.0193449652,1068.0,0.281287,1158.0,173182.267955
2017-04-16,515.0,1077330.0,242.3,32149068.7762,0.1,2.66471889346,913.0,0.303929,1036.0,345200.047515
2017-04-17,447.0,372442.0,316.9,33896018.3781,0.1,1.62037254391,709.0,0.320314,815.0,187614.890182
2017-04-18,464.0,429400.0,276.0,33899579.0148,0.1,1.62631303056,740.0,0.320217,862.0,746323.198425
2017-04-19,590.0,1542540.0,257.7,36556853.4924,0.1,0.882215997997,1187.0,0.345177,1298.0,440664.488726
2017-04-20,361.0,1270910.0,162.9,40054248.2568,0.1,1.98109454757,549.0,0.378047,625.0,159917.516216
2017-04-21,419.0,938690.0,200.1,38259600.4637,0.1,1.80143226018,651.0,0.360962,742.0,191806.309107
2017-04-22,376.0,395196.0,196.9,39998777.6615,0.1,1.85061521759,579.0,0.377217,670.0,185572.160466
2017-04-23,581.0,527389.0,249.6,38719323.773,0.1,0.831566054656,1266.0,0.365008,1377.0,349027.799003
2017-04-24,371.0,719502.0,200.4,38712968.6336,0.1,5.72429526928,544.0,0.364801,604.0,336661.800784
2017-04-25,457.0,802299.0,119.1,41167879.7897,0.1,2.10494179078,731.0,0.387777,773.0,284468.301167
2017-04-26,455.0,2545520.0,206.1,42121612.6929,0.1,28.7592890393,791.0,0.3966,886.0,853763.270299
2017-04-27,816.0,3305200.0,287.4,49515264.2293,0.1,5.56482962799,1584.0,0.466027,1653.0,1271039.98801
2017-04-28,413.0,1729530.0,149.3,55036340.3192,0.1,45.253227598,773.0,0.51778,829.0,870643.331027
2017-04-29,609.0,1393280.0,192.6,55866836.5673,0.1,1.71918677823,1206.0,0.52538,1250.0,395981.425647
2017-04-30,620.0,2435590.0,187.0,56152587.655,0.1,5.25315282832,1080.0,0.527853,1147.0,1196399.98211
2017-05-01,610.0,3663340.0,252.5,62335487.5693,0.1,3.70786016424,1085.0,0.585743,1145.0,356177.714848
2017-05-02,676.0,1830930.0,294.3,63025700.1229,0.1,5.8607208,1223.0,0.591992,1271.0,1689494.05673
2017-05-03,472.0,1150410.0,283.4,56933529.8016,0.1,3.22562381559,754.0,0.534553,898.0,460859.528116
2017-05-04,633.0,2307830.0,290.6,57614336.4461,0.1,2.90429618441,1146.0,0.540726,1270.0,696254.995727
2017-05-05,714.0,2413470.0,350.8,62521058.4218,0.1,2.9501228833,1328.0,0.58654,1478.0,806095.758789
2017-05-06,489.0,2110440.0,191.0,63915709.5308,0.1,3.16444207109,780.0,0.599381,837.0,583356.568802
2017-05-07,677.0,2951520.0,370.6,69430864.7612,0.1,2.30190327615,1786.0,0.650837,1890.0,1580508.81297
2017-05-08,633.0,2731790.0,272.5,66426773.8476,0.1,2.47553809157,1335.0,0.622425,1434.0,349371.162488
2017-05-09,688.0,2208760.0,329.9,64892530.4913,0.1,6.08410803,1279.0,0.607803,1417.0,880266.292552
2017-05-10,636.0,1114170.0,181.5,59103356.3744,0.1,2.90066352689,1135.0,0.553356,1203.0,607987.742302
2017-05-11,543.0,708928.0,246.7,59082580.8173,0.1,2.00247225472,987.0,0.552938,1095.0,787565.571469
2017-05-12,414.0,1057590.0,185.2,58286994.7236,0.1,8.95517357131,622.0,0.545272,709.0,332526.76241
2017-05-13,558.0,712993.0,166.0,61329337.9515,0.1,2.49169434628,1220.0,0.573503,1256.0,211173.655068
2017-05-14,681.0,598750.0,278.9,60356188.377,0.1,2.37804278789,2049.0,0.564176,2099.0,485034.104845
2017-05-15,630.0,838855.0,224.8,63234639.2881,0.1,3.06245809051,1278.0,0.590845,1339.0,557809.800335
2017-05-16,574.0,1029190.0,233.4,59807433.2336,0.1,3.98122378519,934.0,0.558597,1014.0,845154.725063
2017-05-17,526.0,1420630.0,160.6,53457318.4147,0.1,2.70621206974,926.0,0.499086,978.0,410007.795209
2017-05-18,874.0,1248860.0,226.7,60447153.294,0.1,1.74982212865,1797.0,0.564117,1844.0,632220.070932
2017-05-19,453.0,3161790.0,167.3,65086977.9466,0.1,55.5396744653,833.0,0.607173,885.0,821839.082491
2017-05-20,683.0,1846660.0,195.6,74133157.9635,0.1,2.5772629696,1296.0,0.691283,1334.0,401051.553162
2017-05-21,856.0,2765610.0,416.1,82578418.4473,0.1,4.66685565014,2361.0,0.769726,2441.0,2073206.60096
2017-05-22,686.0,2835930.0,244.0,85970423.6564,0.1,4.47694735724,1200.0,0.801021,1264.0,1075066.21596
2017-05-23,607.0,2964880.0,205.2,89327652.4065,0.1,8.32187316509,1092.0,0.831967,1136.0,1186725.76918
2017-05-24,1549.0,26611500.0,464.9,107456153.165,0.1,12.13874146,3509.0,1.0,3563.0,5246025.92967
2017-05-25,621.0,5840190.0,253.5,172291678.596,0.1,174.4,1175.0,1.6,1219.0,3138324.0033
2017-05-26,767.0,5264140.0,260.5,122907812.222,0.1,20.1913288173,1665.0,1.14,1700.0,2697957.34924
2017-05-27,566.0,4198240.0,241.9,116869802.137,0.1,11.452793718,949.0,1.09,1040.0,1217325.41313
2017-05-28,920.0,2280430.0,324.7,109924460.629,0.1,4.5056782728,2977.0,1.02,3004.0,1443634.06615
2017-05-29,777.0,1529040.0,232.9,113108114.135,0.1,5.3386812885,1559.0,1.05,1604.0,1469494.97732
2017-05-30,1025.0,4453960.0,219.2,112956749.182,0.1,10.5525,1542.0,1.05,1595.0,2120196.37589
2017-05-31,1014.0,2314240.0,332.3,118039023.667,0.1,4.427526059,2013.0,1.1,2084.0,1076849.89229
2017-06-01,661.0,2393340.0,263.6,129533673.529,0.1,8.185109016,1116.0,1.2,1204.0,1156764.41013
2017-06-02,861.0,2964900.0,270.4,147138028.464,0.1,7.0091365704,1694.0,1.36,1755.0,1361828.35958
2017-06-03,553.0,3071640.0,189.8,147592800.422,0.1,75.9601280615,1038.0,1.37,1108.0,1536040.55058
2017-06-04,909.0,2664770.0,396.3,144500697.121,0.1,5.3940296216,3163.0,1.34,3239.0,1531225.73159
2017-06-05,745.0,8074300.0,285.8,151913857.863,0.1,12.4251999555,1358.0,1.41,1444.0,1357231.69345
2017-06-06,1288.0,20178400.0,407.6,192239677.215,0.1,9.0064983256,2586.0,1.78,2659.0,5350846.63361
2017-06-07,1697.0,61086200.0,483.4,223825269.584,0.1,206.793,3454.0,2.07,3520.0,20694252.177
2017-06-08,1037.0,26882100.0,348.6,247131394.279,0.1,44.13059,2146.0,2.29,2224.0,5206333.28385
2017-06-09,1211.0,34396000.0,455.7,343563072.677,0.1,309.090215596,2507.0,3.18,2644.0,8976883.54373
2017-06-10,1885.0,49281100.0,622.7,412884230.503,0.1,99.5556710418,4387.0,3.82,4483.0,14644264.2007
2017-06-11,1347.0,24804300.0,511.3,405844494.246,0.1,49.2075501,3533.0,3.75,3627.0,17839668.824
2017-06-12,1071.0,16403700.0,311.4,422722301.815,0.1,28.772971342,2174.0,3.91,2236.0,3640461.22868
2017-06-13,1181.0,14573900.0,322.0,355562234.317,0.1,98.072,1930.0,3.28,2003.0,3146416.38265
2017-06-14,1053.0,10046400.0,309.2,396951173.481,0.1,42.4225179906,2032.0,3.66,2098.0,14402185.0586
2017-06-15,1091.0,11800200.0,355.0,363374146.57,0.1,52.4993423245,2230.0,3.35,2274.0,18722326.8646
2017-06-16,808.0,6221340.0,242.9,331810722.174,0.1,35.4432206916,1469.0,3.06,1549.0,28941535.3381
2017-06-17,1122.0,9943670.0,319.8,334940132.649,0.1,13.4093858926,2678.0,3.09,2726.0,18242670.3272
2017-06-18,1351.0,9517270.0,564.1,334638992.818,0.1,16.4742769268,3391.0,3.08,3520.0,8812471.18474
2017-06-19,1037.0,10300700.0,377.2,340470164.228,0.1,28.574,2182.0,3.14,2309.0,5083216.09886
2017-06-20,1065.0,14951100.0,409.2,340609807.463,0.1,329.728927407,1942.0,3.14,2025.0,5900845.38189
2017-06-21,1041.0,7510400.0,329.9,353859356.064,0.1,48.5915327201,2049.0,3.26,2106.0,4859271.90215
2017-06-22,898.0,6135490.0,224.9,338587618.548,0.1,34.164,1619.0,3.12,1662.0,3002474.86366
2017-06-23,1279.0,6877380.0,401.3,343590992.643,0.1,6.2978661592,2513.0,3.16,2587.0,4358886.8746
2017-06-24,957.0,6670220.0,291.9,364157463.85,0.1,11.711016564,1529.0,3.35,1580.0,947847.269603
2017-06-25,1490.0,8092880.0,528.9,354174070.651,0.1,17.5948883,4129.0,3.26,4197.0,7321768.09827
2017-06-26,1140.0,9997920.0,337.7,328908511.707,0.1,75.198,2047.0,3.02,2124.0,4346243.1315
2017-06-27,1080.0,8630910.0,391.1,304699976.204,0.1,26.88336,2081.0,2.8,2168.0,3293447.5756
2017-06-28,972.0,9012530.0,519.7,304033395.39,0.1,55.5574148429,1807.0,2.79,1978.0,3227168.74927
2017-06-29,810.0,6162700.0,250.8,317787481.122,0.1,87.016,1318.0,2.92,1381.0,2625832.90985
2017-06-30,1314.0,7804690.0,326.7,295692116.798,0.1,14.5581764087,2497.0,2.71,2550.0,3225226.14517
2017-07-01,934.0,4565360.0,309.8,278216292.065,0.1,14.1415135162,2158.0,2.55,2212.0,5125078.38515
2017-07-02,1332.0,6773080.0,463.6,252205461.14,0.1,6.699,3786.0,2.31,3843.0,2716344.39438
2017-07-03,769.0,4287060.0,267.8,279710196.599,0.1,25.401745152,1468.0,2.56,1549.0,3258560.95205
2017-07-04,767.0,4603820.0,373.1,269508498.846,0.1,24.0986827114,1261.0,2.47,1452.0,5004887.73248
2017-07-05,700.0,4083530.0,276.8,275684020.839,0.1,22.1980122756,1278.0,2.52,1367.0,2349694.98442
2017-07-06,1233.0,6896780.0,432.4,270800121.111,0.1,8.4337463664,2694.0,2.48,2757.0,5174049.41438
2017-07-07,697.0,5737670.0,205.6,274863335.526,0.1,111.5933112,1306.0,2.52,1369.0,3805900.84701
2017-07-08,799.0,5860860.0,225.6,249831592.595,0.1,37.3366378038,1436.0,2.28,1478.0,3720684.64921
2017-07-09,1244.0,3709150.0,574.1,243967332.609,0.1,6.467,3791.0,2.23,3846.0,2946097.45941
2017-07-10,912.0,6204310.0,353.0,226104577.344,0.1,121.412816808,1870.0,2.07,1956.0,5763473.20656
2017-07-11,912.0,4070870.0,280.9,176277857.386,0.1,159.491066736,1819.0,1.61,1874.0,4076483.70383
2017-07-12,1179.0,4100590.0,348.0,158354757.045,0.1,7.14007080925,2560.0,1.45,2612.0,2945634.50914
2017-07-13,996.0,4038250.0,303.2,192236805.932,0.1,14.6268335675,2302.0,1.75,2335.0,3848264.16278
2017-07-14,584.0,2938930.0,207.5,194290622.827,0.1,205.720770223,1265.0,1.77,1310.0,4017461.12578
2017-07-15,777.0,2383600.0,201.8,171544339.2,0.1,16.500416166,1698.0,1.56,1726.0,3907959.25897
2017-07-16,1112.0,2419470.0,447.0,154032462.0,0.1,3.555004082,3840.0,1.4,3875.0,2133842.5841
2017-07-17,686.0,3262690.0,199.8,154789696.653,0.1,15.2789476287,1468.0,1.41,1513.0,3646326.61721
2017-07-18,604.0,3885070.0,200.9,194086699.944,0.1,150.386103,1239.0,1.77,1260.0,3315289.44797
2017-07-19,1051.0,3404630.0,259.0,197493980.488,0.1,9.23254704,2120.0,1.8,2159.0,5891590.18605
2017-07-20,658.0,4647480.0,267.4,178850919.954,0.1,20.4378515042,1294.0,1.63,1340.0,2645896.0299
2017-07-21,1145.0,3640090.0,274.2,216382580.884,0.1,6.4700365841,2082.0,1.97,2132.0,2651756.07179
2017-07-22,879.0,4316950.0,269.8,207726294.079,0.1,3.787297668,1988.0,1.89,2039.0,652157.15082
2017-07-23,1085.0,4576990.0,418.9,250084212.024,0.1,7.61877320385,3239.0,2.27,3282.0,2108250.73454
2017-07-24,1046.0,4449690.0,406.6,232130335.527,0.1,37.7689999895,2486.0,2.11,2552.0,8589100.62074
2017-07-25,842.0,8964080.0,316.9,244063422.118,0.1,291.429224765,1959.0,2.22,2044.0,12123890.4515
2017-07-26,549.0,2562130.0,276.6,224273770.837,0.1,200.631663731,1096.0,2.04,1175.0,6508022.07522
2017-07-27,832.0,2402090.0,282.2,214962788.724,0.1,10.4243496142,2182.0,1.95,2238.0,9241627.23371
2017-07-28,738.0,3334170.0,174.6,215439649.63,0.1,80.889649183,1426.0,1.96,1446.0,6128082.14165
2017-07-29,1007.0,2201150.0,326.1,202178985.209,0.1,11.2885839879,2271.0,1.83,2334.0,9057981.54819
2017-07-30,878.0,1464650.0,416.6,207370968.603,0.1,3.4658951876,3276.0,1.88,3325.0,724894.001199
2017-07-31,1042.0,1577570.0,292.1,197993468.337,0.1,9.039236333,2281.0,1.79,2337.0,553552.760573
2017-08-01,491.0,2570410.0,103.8,213505729.371,0.1,19.3,648.0,1.93,679.0,659867.875598
2017-08-02,1101.0,3877300.0,288.2,227652300.744,0.1,10.232511722,1882.0,2.06,1934.0,1489820.14815
2017-08-03,1215.0,3850270.0,372.8,228607227.26,0.1,14.7085170039,2518.0,2.07,2599.0,8282702.66747
2017-08-04,806.0,3130930.0,285.6,229915326.0,0.1,113.739869693,1296.0,2.08,1400.0,3940907.62999
2017-08-05,1169.0,4122620.0,597.2,231276829.683,0.1,7.1503483161,3002.0,2.09,3143.0,7966849.63594
2017-08-06,1131.0,3047020.0,535.3,240572565.759,0.1,10.7344439221,3743.0,2.18,3864.0,8935918.26692
2017-08-07,1218.0,2849090.0,406.9,237814348.248,0.1,10.7708234703,2939.0,2.15,3032.0,9611155.50228
2017-08-08,830.0,5271700.0,267.7,235864846.919,0.1,212.414250021,1407.0,2.13,1522.0,6450446.79773
2017-08-09,1014.0,4068390.0,409.7,261599844.333,0.1,49.4322025072,1787.0,2.36,1938.0,7062587.04355
2017-08-10,931.0,3331010.0,298.1,252552198.826,0.1,11.5947947754,1711.0,2.28,1798.0,1516690.3082
2017-08-11,785.0,3014740.0,232.4,241889821.662,0.1,233.849581,1314.0,2.18,1375.0,3334906.94957
2017-08-12,1389.0,3115110.0,434.3,243675550.085,0.1,3.08244783,3733.0,2.2,3786.0,1880813.98522
2017-08-13,1519.0,5540350.0,582.0,258888538.464,0.1,12.4515544374,4450.0,2.33,4547.0,10138971.2664
2017-08-14,1427.0,6927410.0,426.7,248284425.544,0.1,22.4,2577.0,2.24,2666.0,5582889.63481
2017-08-15,1404.0,7013170.0,422.2,252967227.207,0.1,13.695336135,2522.0,2.28,2632.0,4956803.96735
2017-08-16,943.0,5825960.0,374.1,240380173.844,0.1,68.1624342,1701.0,2.17,1845.0,19633670.8917
2017-08-17,1154.0,4849940.0,430.0,248049421.678,0.1,9.88083310895,2380.0,2.23,2500.0,11322032.9967
2017-08-18,724.0,4453010.0,239.7,231595812.856,0.1,124.592,1187.0,2.08,1280.0,8684218.00303
2017-08-19,1220.0,7596650.0,502.3,223165227.042,0.1,9.0253585815,2773.0,2.01,2926.0,8755863.42209
2017-08-20,1580.0,47982900.0,589.8,329348655.435,0.1,24.3280375656,3738.0,2.96,3858.0,8103673.32334
2017-08-21,2484.0,29155700.0,791.8,382958338.923,0.1,85.828,5778.0,3.44,5912.0,24790076.3579
2017-08-22,1262.0,14401100.0,560.9,303752326.103,0.1,119.980722116,2489.0,2.73,2665.0,19028446.8232
2017-08-23,1690.0,15018100.0,635.9,323021588.787,0.1,86.855,2889.0,2.9,3120.0,22088075.4731
2017-08-24,1890.0,39306300.0,768.6,338680876.643,0.1,287.817516262,3746.0,3.04,4008.0,26495817.4263
2017-08-25,1760.0,34464300.0,706.9,408693409.646,0.1,154.14,3589.0,3.67,3833.0,28543478.3389
2017-08-26,3112.0,78424096.0,1271.0,479881134.207,0.1,85.769,7200.0,4.31,7535.0,49231360.2467
2017-08-27,3896.0,120069000.0,1523.7,641277075.765,0.1,160.740549305,9057.0,5.75,9427.0,69946803.7316
2017-08-28,2321.0,50753000.0,977.5,764630122.326,0.1,136.514,5045.0,6.86,5394.0,52203440.8028
2017-08-29,2030.0,42990100.0,933.9,709300778.269,0.1,381.6,3779.0,6.36,4127.0,46003547.9016
2017-08-30,2285.0,45880600.0,734.3,673550541.923,0.1,208.035,4243.0,6.03,4477.0,53270352.2032
2017-08-31,2391.0,43903100.0,944.3,669266691.08,0.1,59.3613160654,4813.0,5.99,5096.0,55887927.9764
2017-09-01,2570.0,60253600.0,816.9,799866351.601,0.1,254.544113781,4389.0,7.16,4615.0,33053085.3866
2017-09-02,2029.0,27494000.0,891.2,826420238.185,0.1,37.586695828,5552.0,7.4,5804.0,20928566.3666
2017-09-03,1627.0,18028700.0,862.5,752996054.811,0.1,16.770888913,3285.0,6.74,3483.0,6393340.74334
2017-09-04,2097.0,30177000.0,695.8,787812624.087,0.1,23.7136110638,5098.0,7.05,5248.0,14905283.8319
2017-09-05,1893.0,30894900.0,592.1,655810813.227,0.1,231.65492446,3211.0,5.86,3386.0,25736562.3084
2017-09-06,2038.0,27895300.0,646.6,682391989.267,0.1,31.1416458545,3946.0,6.1,4142.0,13550548.2765
2017-09-07,1664.0,28437300.0,597.6,776893120.979,0.1,276.906,2846.0,6.94,3079.0,16209136.8467
2017-09-08,1999.0,38000900.0,610.4,837388698.645,0.1,232.628,3534.0,7.48,3751.0,24419357.9332
2017-09-09,1568.0,13627500.0,745.3,775594830.557,0.1,14.5345182226,4223.0,6.92,4430.0,7984811.5271
2017-09-10,1811.0,13946200.0,723.0,774433142.7,0.1,18.9013710444,5080.0,6.91,5259.0,9818246.8693
2017-09-11,2007.0,14443300.0,608.8,735842876.179,0.1,25.0435739488,4518.0,6.56,4663.0,8900505.06666
2017-09-12,2123.0,22441800.0,707.8,757494152.885,0.1,93.825,3688.0,6.75,3875.0,8709243.2901
2017-09-13,1562.0,17763300.0,496.7,787742296.027,0.1,184.0127679,2437.0,7.02,2610.0,8420620.17044
2017-09-14,1933.0,22776700.0,596.9,735728143.073,0.1,64.845,3769.0,6.55,3953.0,16114093.0782
2017-09-15,1667.0,28816500.0,453.6,501508406.446,0.1,304.954965499,2726.0,4.47,2839.0,10912494.9872
2017-09-16,1832.0,11270000.0,671.0,627011188.932,0.1,11.8146981636,5010.0,5.58,5140.0,8148398.83165
2017-09-17,1746.0,8040870.0,720.3,623852036.553,0.1,9.94301306175,5393.0,5.55,5522.0,3422305.14227
2017-09-18,2271.0,13612300.0,657.1,624351162.997,0.1,16.2979363605,4411.0,5.55,4591.0,5551584.97209
2017-09-19,1435.0,11091300.0,552.7,756562996.153,0.1,23.6999562586,2627.0,6.73,2833.0,6156712.35214
2017-09-20,1126.0,10364900.0,367.9,696953924.347,0.1,65.8899563591,1649.0,6.19,1832.0,3831708.29598
2017-09-21,1794.0,11885300.0,739.1,679275675.072,0.1,12.6782887572,3401.0,6.04,3728.0,6848351.35272
2017-09-22,1349.0,11819200.0,424.3,605861493.607,0.1,28.5858997726,2053.0,5.38,2246.0,5004855.48988
2017-09-23,1488.0,7668300.0,584.5,645465359.117,0.1,7.74587304765,3335.0,5.73,3534.0,2562055.8895
2017-09-24,1848.0,6273950.0,906.4,672023466.177,0.1,8.5647282424,6354.0,5.96,6577.0,3853429.25622
2017-09-25,2630.0,8536390.0,965.7,649280774.868,0.1,8.3053623456,6087.0,5.76,6340.0,3858632.22396
2017-09-26,1163.0,9352180.0,490.0,692097986.418,0.1,30.7,1890.0,6.14,2095.0,4332999.29047
2017-09-27,1280.0,11109500.0,450.0,691867415.106,0.1,47.8820403641,2060.0,6.13,2232.0,5686962.5317
2017-09-28,2060.0,9145610.0,695.2,714889259.392,0.1,16.1987020288,4222.0,6.34,4399.0,7299612.75637
2017-09-29,1084.0,8932120.0,424.4,676346530.747,0.1,179.7,1804.0,5.99,1972.0,7330965.73058
2017-09-30,1536.0,12114700.0,657.8,644580001.856,0.1,15.0358665218,3068.0,5.71,3303.0,7295907.14462
2017-10-01,2031.0,11903000.0,934.5,661343969.401,0.1,10.1730861765,6405.0,5.85,6623.0,4731244.48641
2017-10-02,2209.0,10486800.0,770.1,622737674.753,0.1,21.489,4681.0,5.51,4927.0,6336799.24224
2017-10-03,1910.0,11714700.0,475.0,612646618.207,0.1,15.718,2530.0,5.42,2684.0,3208678.36045
2017-10-04,1291.0,9621440.0,496.5,647400417.316,0.1,24.5102633204,2385.0,5.72,2583.0,3467070.90177
2017-10-05,1151.0,10001200.0,477.0,627202799.216,0.1,27.9381080643,1750.0,5.54,1964.0,3480951.5233
2017-10-06,846.0,7992970.0,406.5,613607629.176,0.1,156.909,1255.0,5.42,1428.0,2262777.10334
2017-10-07,1791.0,8526500.0,817.3,604269062.058,0.1,9.243283947,4773.0,5.34,4957.0,3475449.3376
2017-10-08,1960.0,12078300.0,849.7,586283967.689,0.1,11.4424463021,5347.0,5.17,5594.0,5890497.09328
2017-10-09,2413.0,14700000.0,672.1,528080886.851,0.1,19.1697557434,4361.0,4.66,4541.0,8988177.66154
2017-10-10,1313.0,10170300.0,474.9,535162271.561,0.1,23.7300858904,2069.0,4.72,2235.0,2902148.95277
2017-10-11,1187.0,12557800.0,426.3,558667229.33,0.1,74.4820605872,1723.0,4.93,1945.0,4306546.234
2017-10-12,1288.0,12557300.0,505.6,609442109.813,0.1,27.6789376872,2026.0,5.37,2241.0,14928955.0618
2017-10-13,1313.0,11823300.0,476.9,563765049.814,0.1,39.5112611418,2229.0,4.97,2371.0,5296973.83167
2017-10-14,2032.0,9047430.0,787.9,554160495.065,0.1,7.8295910232,5339.0,4.88,5525.0,6031436.90929
2017-10-15,1468.0,9608200.0,484.5,544225048.556,0.1,13.6811940004,3315.0,4.79,3444.0,4067038.30163
2017-10-16,2050.0,8730360.0,791.7,558383458.073,0.1,10.8161536151,4557.0,4.91,4726.0,2784087.9153
2017-10-17,2397.0,8296440.0,619.0,563560254.337,0.1,14.88,3370.0,4.96,3584.0,3684017.15232
2017-10-18,1550.0,13438000.0,598.9,582704545.37,0.1,25.088,2339.0,5.12,2612.0,5543675.68377
2017-10-19,1316.0,14596700.0,474.4,587290066.795,0.1,20.1199767996,2194.0,5.16,2429.0,3691696.61665
2017-10-20,1113.0,13489300.0,386.8,566818985.671,0.1,49.8348188652,1798.0,4.98,1945.0,5269402.39995
2017-10-21,1859.0,9333630.0,598.0,557355879.597,0.1,12.0949732855,4040.0,4.9,4194.0,3641946.70055
2017-10-22,1671.0,7477790.0,842.0,535698652.532,0.1,8.790415123,4770.0,4.7,5031.0,4037956.96786
2017-10-23,2557.0,7981790.0,733.8,537947414.098,0.1,15.2302830336,4948.0,4.72,5131.0,3688766.30273
2017-10-24,1491.0,17643400.0,513.1,534969260.127,0.1,244.546638288,2431.0,4.69,2637.0,7818644.15595
2017-10-25,1250.0,10980300.0,402.3,634506570.352,0.1,29.7200344253,2103.0,5.57,2239.0,3841389.31675
2017-10-26,2240.0,9611640.0,592.5,590776748.0,0.1,11.3383545254,3305.0,5.18,3507.0,3960421.10406
2017-10-27,1249.0,7382280.0,480.2,590121497.869,0.1,26.1780120976,1932.0,5.17,2083.0,2799122.62018
2017-10-28,1781.0,7004750.0,655.0,568622402.603,0.1,9.2956119252,4680.0,4.98,4851.0,4295463.30412
2017-10-29,1616.0,8168720.0,622.9,534105108.369,0.1,8.7708068136,4099.0,4.68,4264.0,2724505.18767
2017-10-30,2398.0,8187830.0,861.2,555559883.671,0.1,13.6793786256,4022.0,4.86,4325.0,4041644.5923
2017-10-31,1159.0,7576110.0,361.3,561392152.848,0.1,18.8024040329,2093.0,4.91,2209.0,2295704.36946
2017-11-01,1300.0,10934000.0,424.0,541886018.302,0.1,106.892605429,1890.0,4.74,2065.0,6047720.62938
2017-11-02,1570.0,13966400.0,450.0,511926785.774,0.1,111.805301395,2380.0,4.48,2540.0,6726303.56466
2017-11-03,1258.0,8505170.0,389.8,494053412.511,0.1,28.0460242368,1888.0,4.32,2013.0,2758908.50439
2017-11-04,1845.0,8450130.0,823.5,517450359.242,0.1,6.8456608196,5885.0,4.52,6084.0,2458885.42112
2017-11-05,1692.0,6841900.0,654.5,524846570.964,0.1,7.7791056802,4325.0,4.58,4495.0,1846947.82491
2017-11-06,2480.0,8039310.0,593.5,510428168.889,0.1,12.550200052,4615.0,4.46,4727.0,2192623.00525
2017-11-07,1274.0,12194100.0,370.3,523230270.642,0.1,37.2455,1943.0,4.57,2072.0,4928237.35939
2017-11-08,2249.0,33549400.0,629.5,590042063.058,0.1,168.466728595,3805.0,5.15,4006.0,12929268.0234
2017-11-09,2028.0,23326800.0,561.6,695093149.46,0.1,84.0250470186,3356.0,6.06,3518.0,11556323.479
2017-11-10,1250.0,19419400.0,428.6,737302174.787,0.1,419.743508262,1986.0,6.43,2164.0,12765763.6915
2017-11-11,2005.0,15022000.0,732.7,642170672.803,0.1,13.79914508,4647.0,5.6,4831.0,5866381.54717
2017-11-12,2244.0,20592700.0,875.8,663414275.782,0.1,15.6617923748,5928.0,5.78,6127.0,12363264.2516
2017-11-13,3234.0,29720300.0,921.4,631286969.795,0.1,25.630230725,5664.0,5.5,5939.0,13410802.2611
2017-11-14,1880.0,24092900.0,623.4,734513928.3,0.1,67.88736,2914.0,6.39,3158.0,11531130.9269
2017-11-15,3371.0,61652800.0,1326.1,819888255.044,0.1,230.030646479,5441.0,7.13,6139.0,23494749.9811
2017-11-16,4874.0,140758000.0,1855.3,976382528.511,0.1,246.237229892,7703.0,8.49,8588.0,46430561.4776
2017-11-17,2402.0,47083900.0,1291.9,962047955.674,0.1,108.16849809,3319.0,8.37,4127.0,14290290.0398
2017-11-18,2929.0,28695700.0,1601.1,959577250.209,0.1,14.3421646851,7021.0,8.34,7692.0,8158488.17615
2017-11-19,3153.0,39171200.0,1113.3,1064254279.8,0.1,30.624574585,6493.0,9.25,6885.0,15118860.9909
2017-11-20,3265.0,26170000.0,998.4,1118486301.64,0.1,45.5745229596,5444.0,9.72,5818.0,15450896.577
2017-11-21,2341.0,26816700.0,655.3,1121659121.44,0.1,164.606,3623.0,9.74,3848.0,17444089.9385
2017-11-22,4144.0,106176000.0,1080.1,1114660109.96,0.1,726.052988078,6431.0,9.68,6720.0,61288012.8388
2017-11-23,3675.0,59098700.0,894.3,998305709.845,0.1,260.264774103,5913.0,8.66,6156.0,50047532.3148
2017-11-24,2506.0,33888100.0,682.8,852776517.719,0.1,185.161579,3408.0,7.4,3634.0,19756484.1965
2017-11-25,2825.0,28727000.0,880.0,908185552.219,0.1,38.612,5020.0,7.88,5254.0,17323543.6383
2017-11-26,3582.0,30757600.0,1336.5,926594761.848,0.1,18.2652156236,9135.0,8.03,9430.0,21480947.0015
2017-11-27,3171.0,29071700.0,917.1,864153928.49,0.1,41.1963416088,4961.0,7.49,5202.0,15719320.9641
2017-11-28,2316.0,26685400.0,713.3,913262666.573,0.1,196.959,3353.0,7.91,3611.0,11371961.166
2017-11-29,2417.0,34207700.0,671.3,903277570.735,0.1,281.88,3653.0,7.83,3851.0,22307042.4692
2017-11-30,2053.0,25251200.0,625.2,808346304.267,0.1,69.3,3312.0,7.0,3522.0,10974594.7171
2017-12-01,1517.0,24098300.0,418.7,863621242.655,0.1,247.079419765,2157.0,7.48,2324.0,6768099.60888
2017-12-02,2274.0,18663400.0,727.3,892417824.275,0.1,17.6185214294,4883.0,7.72,5054.0,7204242.5441
2017-12-03,2471.0,22047600.0,866.9,892016726.837,0.1,19.7932850716,5629.0,7.72,5849.0,15726505.6502
2017-12-04,2366.0,39137100.0,650.7,895568718.871,0.1,166.40556712,3597.0,7.75,3852.0,10435347.3312
2017-12-05,3900.0,69110304.0,1064.2,1021212701.4,0.1,105.02402,6402.0,8.83,6686.0,24161126.8044
2017-12-06,4701.0,52262500.0,978.0,1136016290.11,0.1,17.7897058291,7300.0,9.82,7524.0,19595156.2507
2017-12-07,2257.0,53831400.0,562.0,993111856.149,0.1,342.342,3530.0,8.58,3695.0,19066307.0752
2017-12-08,1905.0,40878700.0,552.1,854876744.932,0.1,231.00211077,2901.0,7.39,3079.0,13110505.718
2017-12-09,2583.0,30708500.0,816.3,931617855.81,0.1,18.2131078133,5713.0,8.05,5886.0,8335043.0004
2017-12-10,2291.0,28777900.0,857.3,952536507.902,0.1,25.8323874533,5333.0,8.23,5573.0,11760840.4518
2017-12-11,4306.0,28711700.0,884.9,919958990.867,0.1,86.546,5549.0,7.94,5791.0,12858085.974
2017-12-12,2555.0,41474000.0,689.7,950220869.134,0.1,154.228169019,4147.0,8.2,4358.0,17739328.8226
2017-12-13,2406.0,53217400.0,807.8,1089709457.81,0.1,467.65,4378.0,9.4,4592.0,19285651.7963
2017-12-14,2814.0,68330600.0,828.6,1105574806.49,0.1,190.8,4926.0,9.54,5110.0,39976029.7455
2017-12-15,2750.0,60658700.0,728.9,1248945555.97,0.1,95.3950379523,4519.0,10.77,4668.0,37716862.6323
2017-12-16,2790.0,45189500.0,807.6,1181285177.6,0.1,39.6126217887,5696.0,10.18,5866.0,16063257.1952
2017-12-17,3928.0,128034000.0,1246.4,1219149210.62,0.1,72.8624229207,9064.0,10.51,9292.0,44657780.7254
2017-12-18,4935.0,149703008.0,1277.5,1566933578.94,0.1,120.15,8655.0,13.5,8927.0,60887549.1455
2017-12-19,3260.0,102730000.0,840.2,1974757644.77,0.1,473.671889955,5282.0,17.01,5514.0,63886640.9275
2017-12-20,2972.0,115660000.0,792.2,1953491150.72,0.1,470.96,4852.0,16.82,5087.0,53345315.6231
2017-12-21,5084.0,201110000.0,1158.8,2279228161.73,0.1,247.678769021,8118.0,19.62,8385.0,82784867.5648
2017-12-22,3590.0,177588000.0,798.8,2809450822.28,0.1,370.437074085,5558.0,24.18,5737.0,57221335.5235
2017-12-23,3443.0,90698800.0,919.6,2279985925.81,0.1,66.7386037723,6806.0,19.61,6985.0,27807704.1009
2017-12-24,2698.0,65224400.0,830.5,2442555147.62,0.1,52.4841002532,6375.0,21.01,6512.0,70668036.6265
2017-12-25,3767.0,106194000.0,835.2,2360271158.07,0.1,119.711,5722.0,20.29,5893.0,41111002.4544
2017-12-26,3370.0,145958000.0,743.5,2779265837.93,0.1,145.403072552,4975.0,23.89,5157.0,43160893.9026
2017-12-27,2428.0,77179504.0,616.0,2889458172.78,0.1,248.3,3660.0,24.83,3846.0,25994108.7481
2017-12-28,2425.0,68268896.0,634.0,2786952686.76,0.1,165.84636479,4200.0,23.94,4350.0,28914470.8386
2017-12-29,2399.0,79199000.0,618.5,2705918458.62,0.1,341.628,3605.0,23.24,3795.0,26838512.7153
2017-12-30,3361.0,73691696.0,961.2,2629032800.6,0.1,64.8001110647,6682.0,22.57,6879.0,23540442.4937
2017-12-31,2726.0,64758700.0,815.1,2213630749.04,0.1,64.22,5731.0,19.0,5897.0,17287884.303
2018-01-01,2734.0,46809500.0,600.8,2410236932.39,0.1,111.616346191,3808.0,20.68,3960.0,8440943.75892
2018-01-02,4329.0,72049200.0,900.6,2467335230.94,0.1,103.799891204,6646.0,21.16,6814.0,17864770.1055
2018-01-03,2927.0,79068896.0,728.4,2558895817.3,0.1,547.503392833,4334.0,21.94,4537.0,21609616.0293
2018-01-04,3966.0,109219000.0,1031.7,2467747593.31,0.1,209.554180225,5627.0,21.15,5924.0,28775773.3745
2018-01-05,3689.0,187694000.0,886.1,2497387214.53,0.1,565.388,5871.0,21.4,6074.0,70703138.3299
2018-01-06,4169.0,200650000.0,1205.2,2880624851.27,0.1,179.782517538,7342.0,24.68,7661.0,42271778.8857
2018-01-07,4416.0,209374000.0,1446.9,3635211259.58,0.1,127.962549651,9029.0,31.13,9413.0,72953340.4942
2018-01-08,4917.0,142590000.0,1215.8,3923426692.14,0.1,168.521656957,8078.0,33.59,8358.0,61192885.4434
2018-01-09,2816.0,87492496.0,920.5,3645275333.76,0.1,411.84,4905.0,31.2,5159.0,59001097.0951
2018-01-10,2585.0,96825200.0,1040.3,3501854772.41,0.1,404.46,4463.0,29.96,4849.0,39812047.9314
2018-01-11,2837.0,82270304.0,1035.0,3370993437.67,0.1,241.111201391,4900.0,28.84,5181.0,31271248.5572
2018-01-12,2248.0,94674000.0,574.5,2969111103.43,0.1,250.296371656,3585.0,25.39,3761.0,24033206.4777
2018-01-13,2644.0,57475700.0,819.0,3437204839.61,0.1,56.0088789819,5470.0,29.38,5694.0,21199753.7367
2018-01-14,2838.0,51588000.0,1109.2,3431240547.81,0.1,97.8825772624,6162.0,29.33,6503.0,25689518.8586
2018-01-15,4397.0,87151200.0,1075.7,3224587663.53,0.1,107.445,7517.0,27.55,7797.0,26021170.9751
2018-01-16,2911.0,123699000.0,837.7,3159491141.39,0.1,529.51681,5267.0,26.99,5510.0,63925413.6788
2018-01-17,2977.0,106703000.0,846.8,2471165548.71,0.1,280.208,4998.0,21.1,5285.0,36234746.081
2018-01-18,11924.0,68609200.0,1700.6,2612076877.64,0.1,510.67,13746.0,22.3,14008.0,100976626.355
2018-01-19,1689.0,59753700.0,597.0,2677234034.38,0.1,347.4623106,2810.0,22.85,3054.0,19269317.6193
2018-01-20,2722.0,60581300.0,1070.0,2727786137.18,0.1,41.8431883194,6050.0,23.27,6359.0,12712352.4048
2018-01-21,2367.0,48303200.0,984.2,2981127486.13,0.1,56.2698635107,5122.0,25.43,5474.0,14731254.3739
2018-01-22,4049.0,46743700.0,1101.6,2616534125.45,0.1,64.699,6636.0,22.31,6958.0,21784020.4331
2018-01-23,1705.0,68285400.0,541.6,2502690841.51,0.1,145.284237124,2776.0,21.33,2992.0,12899515.3528
2018-01-24,1875.0,44024700.0,524.3,2567115905.34,0.1,114.52999946,2863.0,21.88,3089.0,15579240.9097
2018-01-25,1609.0,40204100.0,420.9,2637079082.94,0.1,133.103360758,2469.0,22.47,2631.0,10930414.7576
2018-01-26,2546.0,83297104.0,741.9,2648340206.24,0.1,86.8755412464,4459.0,22.56,4627.0,353195581.215
2018-01-27,2466.0,55110400.0,874.0,2509211720.79,0.1,43.0356139716,4860.0,21.36,5124.0,11639848.079
2018-01-28,2258.0,37791200.0,777.7,2741414353.93,0.1,43.5643940926,5297.0,23.33,5489.0,11526011.2429
2018-01-29,3565.0,34448300.0,966.3,2735483915.37,0.1,49.0832286408,7123.0,23.28,7309.0,10540201.7828
2018-01-30,2039.0,50405900.0,564.8,2653994528.4,0.1,154.737842309,3138.0,22.58,3337.0,18042318.6626
2018-01-31,3400.0,309340000.0,948.5,2557253668.74,0.1,1089.291765,6725.0,21.75,6933.0,85641756.1873
2018-02-01,3533.0,87605504.0,854.4,3102007138.74,0.1,511.719280439,5704.0,26.37,5900.0,30385209.8529
2018-02-02,1824.0,75701400.0,442.3,2618499938.0,0.1,996.96732,3093.0,22.25,3206.0,29259112.0705
2018-02-03,2632.0,48285400.0,731.3,2542676209.08,0.1,40.933586196,5223.0,21.6,5380.0,10951685.0167
2018-02-04,2030.0,34650700.0,792.1,2725075482.31,0.1,39.8306262415,4601.0,23.15,4845.0,13918316.3536
2018-02-05,5626.0,45445800.0,1181.5,2322061142.74,0.1,101.915082464,9395.0,19.72,9597.0,24815051.2769
2018-02-06,2968.0,55712200.0,698.3,1790583100.5,0.1,302.48,5313.0,15.2,5436.0,20564487.4621
2018-02-07,2037.0,44932000.0,498.4,2128326868.9,0.1,178.794,3464.0,18.06,3596.0,15309809.8701
2018-02-08,3632.0,83927600.0,586.3,2149857509.95,0.1,8.6796229248,4763.0,18.24,4869.0,15699201.6976
2018-02-09,2244.0,84338000.0,597.2,2721584487.42,0.1,580.888347262,3972.0,23.08,4108.0,25715902.4806
2018-02-10,3553.0,105683000.0,974.5,3226139034.84,0.1,96.5400403032,7615.0,27.36,7808.0,28596173.0364
2018-02-11,2710.0,58193200.0,757.4,3226346254.22,0.1,45.4535982893,6004.0,27.35,6130.0,18745875.3134
2018-02-12,4768.0,58563000.0,1042.5,3011434740.38,0.1,55.3824680156,7855.0,25.52,8044.0,11019634.1228
2018-02-13,2328.0,70524496.0,588.5,3314870389.8,0.1,150.333730186,3975.0,28.08,4118.0,36955085.2486
2018-02-14,1640.0,68051000.0,454.8,3065253482.32,0.1,758.571707751,2868.0,25.96,3004.0,24057239.6705
2018-02-15,2197.0,95799000.0,630.7,3342455635.89,0.1,446.271798733,3677.0,28.3,3860.0,431432049.603
2018-02-16,2197.0,72607000.0,508.3,3780912975.7,0.1,357.76,3603.0,32.0,3719.0,20504521.1304
2018-02-17,4228.0,160432000.0,1036.2,3787159818.89,0.1,159.740164785,8082.0,32.05,8242.0,66292790.3987
2018-02-18,3047.0,120072000.0,835.3,3926692266.29,0.1,119.57948669,6923.0,33.22,7050.0,47892250.0566
2018-02-19,5350.0,118805000.0,987.4,3028809846.09,0.1,115.791,8794.0,29.69,8894.0,42604023.916
2018-02-20,3687.0,246763008.0,869.7,3068635584.44,0.1,1804.8,6637.0,30.08,6767.0,86916970.7501
2018-02-21,2403.0,115332000.0,752.3,2661018375.52,0.1,1170.094,4623.0,26.06,4829.0,53821892.6683
2018-02-22,1847.0,85276200.0,530.8,2283132141.45,0.1,555.138428,3248.0,22.36,3434.0,252446847.173
2018-02-23,1551.0,67264304.0,399.5,2185034920.09,0.1,254.402388522,2565.0,21.39,2680.0,12781382.5856
2018-02-24,2686.0,49191700.0,736.5,2297789772.93,0.1,38.0594305092,6415.0,22.48,6506.0,18313889.3459
2018-02-25,3126.0,38564100.0,790.0,2127576476.09,0.1,23.8177783444,6950.0,20.81,7017.0,14201001.5987
2018-02-26,4520.0,43196600.0,929.8,2040406805.75,0.1,37.905,8488.0,19.95,8565.0,13245996.6285
2018-02-27,1895.0,40475100.0,387.6,2116832430.5,0.1,189.55951041,3116.0,20.69,3188.0,43698511.4483
2018-02-28,1495.0,38836200.0,352.9,2055850103.47,0.1,161.7245,2459.0,20.09,2566.0,13753303.9767
2018-03-01,1295.0,68475904.0,284.8,1877944836.79,0.1,456.666,2158.0,18.34,2227.0,9739464.97535
2018-03-02,1388.0,34726800.0,279.1,2056272872.96,0.1,115.373935212,2241.0,20.08,2296.0,11405390.5088
2018-03-03,2432.0,28552100.0,621.4,1978443377.55,0.1,31.167339389,5374.0,19.31,5458.0,8360786.35696
2018-03-04,2597.0,23813000.0,778.3,1937252294.57,0.1,54.81,5613.0,18.9,5766.0,6903744.52415
2018-03-05,3898.0,29052100.0,669.0,1947737130.5,0.1,29.43589725,5810.0,19.0,5898.0,11682140.7797
2018-03-06,1477.0,27948900.0,353.0,1889175378.07,0.1,219.7506,2380.0,18.42,2467.0,11107570.771
2018-03-07,1379.0,34286700.0,366.9,1726628122.39,0.1,218.677979352,2479.0,16.83,2566.0,9731068.1889
2018-03-08,3934.0,36030300.0,729.4,1599428243.52,0.1,22.2225542555,5754.0,15.59,5852.0,14079691.3513
2018-03-09,1351.0,30244000.0,341.6,1532567793.47,0.1,285.920753562,2516.0,14.93,2602.0,10873851.2491
2018-03-10,2330.0,17287800.0,550.4,1585732393.26,0.1,25.457021924,4564.0,15.44,4650.0,4941638.42495
2018-03-11,2129.0,20241700.0,664.8,1454573788.42,0.1,21.0968971284,5668.0,14.16,5762.0,8820831.53339
2018-03-12,4152.0,21335400.0,749.5,1524921594.49,0.1,26.9964330118,7005.0,14.84,7054.0,4952905.22667
2018-03-13,971.0,16983600.0,252.7,1449028024.15,0.1,280.308,1587.0,14.1,1645.0,4983605.08182
2018-03-14,1547.0,22923900.0,353.0,1439999813.77,0.1,70.05,2660.0,14.01,2735.0,7642123.91274
2018-03-15,1528.0,35374200.0,341.8,1206854134.88,0.1,232.54725,2778.0,11.73,2842.0,12044377.7336
2018-03-16,1239.0,30103400.0,260.3,1361751973.81,0.1,129.654,2023.0,13.23,2077.0,7400059.49755
2018-03-17,3289.0,20557200.0,785.2,1350908454.23,0.1,14.7125570304,6812.0,13.12,6876.0,6764817.31245
2018-03-18,1962.0,26947100.0,460.0,1261150785.0,0.1,36.5859167625,3760.0,12.25,3820.0,14153845.6535
2018-03-19,4638.0,25454300.0,786.0,1262271286.02,0.1,23.294,7070.0,12.26,7145.0,6258910.30184
2018-03-20,950.0,26259400.0,239.3,1327668681.68,0.1,92.808,1493.0,12.89,1563.0,204108076.017
2018-03-21,1320.0,23682800.0,289.5,1402458855.24,0.1,39.4736746267,2265.0,13.61,2324.0,6822021.02002
2018-03-22,1369.0,24653700.0,404.9,1385543238.91,0.1,241.01585088,2329.0,13.44,2461.0,18007847.0265
2018-03-23,4527.0,23560700.0,1362.7,1289048100.58,0.1,383.5,8707.0,12.5,9175.0,68175385.1063
2018-03-24,2434.0,21880400.0,690.4,1245717565.34,0.1,17.8404882433,5274.0,12.07,5417.0,6592551.43243
2018-03-25,2284.0,17661400.0,642.6,1217090737.65,0.1,43.9795055484,4036.0,11.79,4259.0,7868023.82081
2018-03-26,5524.0,20994100.0,1444.8,1201753983.48,0.1,33.756,9628.0,11.64,10014.0,35386449.1265
2018-03-27,1192.0,20375100.0,431.9,1129815297.59,0.1,403.136858604,2069.0,10.94,2278.0,14256459.3469
2018-03-28,1464.0,17676300.0,394.9,1013853034.38,0.1,105.074,2149.0,9.82,2313.0,18560994.446
2018-03-29,2047.0,30227100.0,498.3,997207425.56,0.1,96.5,3453.0,9.65,3602.0,27281829.1335
2018-03-30,1713.0,23652300.0,440.2,815927455.369,0.1,192.10825,2872.0,7.9,2983.0,11654492.0977
2018-03-31,2789.0,13183400.0,745.2,769836349.562,0.1,10.3300778435,6502.0,7.45,6573.0,4161612.36646
2018-04-01,4306.0,12966000.0,729.3,780172243.307,0.1,14.326,6243.0,7.54,6344.0,6837965.39568
2018-04-02,2267.0,18870600.0,470.6,736385055.213,0.1,18.739970296,3376.0,7.12,3489.0,11441269.1254
2018-04-03,1248.0,60680700.0,307.0,812430620.458,0.1,691.75656175,2210.0,7.85,2292.0,11453848.8374
2018-04-04,1638.0,45243300.0,387.4,1024554553.88,0.1,34.410988755,3124.0,9.9,3191.0,11272516.1833
2018-04-05,904.0,30392700.0,232.6,867137754.01,0.1,548.6193504,1516.0,8.37,1593.0,7877556.25777
2018-04-06,1014.0,17839400.0,231.7,885389015.236,0.1,84.2967340042,1527.0,8.55,1594.0,8342704.94228
2018-04-07,2480.0,17467600.0,534.2,856233385.66,0.1,12.9998458772,4872.0,8.26,4919.0,2845526.53287
2018-04-08,4411.0,16607000.0,772.5,891190026.033,0.1,16.34,6525.0,8.6,6633.0,5438357.27037
2018-04-09,2451.0,21092600.0,499.0,948226018.61,0.1,16.0379237783,3710.0,9.15,3782.0,4689470.31658
2018-04-10,1041.0,14258800.0,278.4,895633548.943,0.1,42.5481801696,1394.0,8.64,1501.0,2516239.48392
2018-04-11,1095.0,15079400.0,240.3,886659010.435,0.1,35.1452835967,1533.0,8.55,1608.0,3735288.32989
2018-04-12,1248.0,38829900.0,265.9,906982684.7,0.1,87.4,1809.0,8.74,1882.0,31860245.3656
2018-04-13,1262.0,39713300.0,259.1,1013504658.1,0.1,134.610868574,1881.0,9.76,1940.0,8802124.29992
2018-04-14,2129.0,15811800.0,434.7,1010231794.3,0.1,15.5153213422,3337.0,9.73,3390.0,2278114.54022
2018-04-15,1962.0,16400400.0,456.7,1037048925.98,0.1,15.8872492252,3627.0,9.98,3709.0,2705767.91132
2018-04-16,4973.0,33273200.0,1043.2,1090515025.78,0.1,18.723531766,9422.0,10.49,9507.0,7071584.64468
2018-04-17,1151.0,23140500.0,254.4,1113496756.76,0.1,68.485095,1574.0,10.71,1659.0,4526247.2864
2018-04-18,1434.0,28211800.0,352.5,1089960695.94,0.1,19.0497051284,2395.0,10.48,2460.0,5551578.94732
2018-04-19,1180.0,26142700.0,256.5,1190375896.17,0.1,48.5746781767,1675.0,11.33,1732.0,15417635.3322
2018-04-20,852.0,33926500.0,181.4,1236943631.71,0.1,504.933,1224.0,11.77,1275.0,9605839.72811
2018-04-21,2348.0,23150600.0,503.4,1295867732.37,0.1,19.9073833749,4384.0,12.33,4437.0,11232188.0733
2018-04-22,1656.0,19171200.0,362.8,1223496921.13,0.1,20.8876778256,2598.0,11.64,2673.0,2654952.66441
2018-04-23,8098.0,27078800.0,1272.2,1211919731.82,0.1,56.448,12122.0,11.52,12178.0,42530760.2703
2018-04-24,1392.0,36488500.0,278.1,1295034392.16,0.1,145.258,2161.0,12.31,2215.0,8701735.37938
2018-04-25,1152.0,32306400.0,260.5,1367858585.88,0.1,221.65,1855.0,13.0,1906.0,7178473.11344
2018-04-26,1402.0,22034700.0,302.7,1167799671.74,0.1,32.1920521109,2437.0,11.09,2488.0,4041020.30041
2018-04-27,1098.0,21976600.0,233.2,1240937378.33,0.1,57.7565998037,1712.0,11.78,1750.0,4801393.78793
2018-04-28,2506.0,15294900.0,621.0,1174211504.8,0.1,17.3880752245,5480.0,11.15,5549.0,4187764.43417
2018-04-29,1839.0,44480900.0,403.0,1247672419.53,0.1,48.0373491728,3310.0,11.84,3378.0,9991217.86477
2018-04-30,3018.0,50914500.0,638.4,1365707002.65,0.1,53.1239586048,5574.0,12.96,5643.0,12852864.1074
2018-05-01,4038.0,46010700.0,646.6,1404783318.66,0.1,11.988,5166.0,13.32,5292.0,8994103.47581
2018-05-02,1215.0,51579400.0,344.5,1395978293.89,0.1,228.986619104,2055.0,13.23,2154.0,20216054.3527
2018-05-03,1726.0,49489900.0,498.0,1501762424.47,0.1,44.3676212321,3110.0,14.23,3261.0,8719602.96909
2018-05-04,1111.0,31892300.0,272.2,1519916027.15,0.1,113.76,1712.0,14.4,1813.0,5424495.37291
2018-05-05,2436.0,24542300.0,543.3,1456231851.96,0.1,22.082935049,4633.0,13.79,4713.0,4502146.14133
2018-05-06,1621.0,22045200.0,437.5,1432987729.59,0.1,41.6611115296,3055.0,13.57,3155.0,7164019.04463
2018-05-07,4472.0,19255800.0,771.9,1406301758.52,0.1,25.289,6539.0,13.31,6625.0,3495715.58789
2018-05-08,1098.0,18812100.0,262.5,1340127640.87,0.1,75.1802104624,1595.0,12.68,1666.0,4596254.6183
2018-05-09,802.0,20113300.0,208.5,1286787880.93,0.1,367.619428775,1345.0,12.17,1415.0,6523126.27489
2018-05-10,1601.0,24724400.0,382.6,1252122998.06,0.1,26.2015078496,2986.0,11.84,3058.0,11220111.0887
2018-05-11,1317.0,24610200.0,320.7,1177009105.1,0.1,226.4955,2337.0,11.13,2408.0,9060932.09512
2018-05-12,2322.0,16913900.0,523.4,1060832174.32,0.1,18.9025940286,4184.0,10.02,4281.0,5959820.13802
2018-05-13,4489.0,19204400.0,780.0,1075548711.35,0.1,19.304,6950.0,10.16,7027.0,4764696.17745
2018-05-14,3193.0,24221400.0,625.7,1159295704.01,0.1,20.5806720585,5257.0,10.95,5345.0,4653953.92253
2018-05-15,845.0,15930200.0,200.0,1171421309.36,0.1,166.092167555,1260.0,11.06,1318.0,3328983.77256
2018-05-16,1021.0,15100900.0,273.2,1109971083.26,0.1,51.710841488,1512.0,10.48,1606.0,4275053.30318
2018-05-17,1300.0,26077300.0,288.7,1087074284.97,0.1,26.6971670982,2277.0,10.26,2326.0,12747126.9656
2018-05-18,680.0,17027300.0,212.9,1087918227.41,0.1,112.826265325,1039.0,10.26,1112.0,2926771.54566
2018-05-19,2251.0,13853500.0,519.4,1118268193.45,0.1,15.687518349,4384.0,10.54,4465.0,4470484.09217
2018-05-20,4558.0,15834700.0,843.1,1122301103.42,0.1,20.102,7181.0,10.58,7270.0,6104875.66593
2018-05-21,2154.0,16534900.0,373.4,1200745447.49,0.1,25.2128172173,3114.0,11.31,3164.0,5692593.35457
2018-05-22,950.0,14666800.0,218.5,1166294943.43,0.1,66.8374194366,1485.0,10.98,1547.0,6675754.35467
2018-05-23,952.0,17130400.0,214.9,1048800836.38,0.1,195.508072406,1609.0,9.87,1655.0,5757858.06965
2018-05-24,1198.0,14486800.0,281.5,972794952.753,0.1,38.3085372352,2095.0,9.16,2159.0,4569805.1226
2018-05-25,1184.0,12017200.0,318.0,995836606.449,0.1,25.2748772161,1810.0,9.37,1891.0,3748457.23642
2018-05-26,2198.0,10313000.0,507.8,954866245.608,0.1,13.3768376186,4488.0,8.98,4543.0,2242713.51404
2018-05-27,1431.0,10511600.0,279.2,934293519.887,0.1,26.9909109207,2222.0,8.79,2271.0,2841390.00005
2018-05-28,4638.0,12253000.0,945.0,936180178.023,0.1,15.10733048,8320.0,8.8,8397.0,3751809.59291
2018-05-29,1049.0,13833600.0,247.5,849200353.986,0.1,36.3189209754,1715.0,7.98,1791.0,4123752.53813
2018-05-30,672.0,11308400.0,178.7,939008783.505,0.1,160.083,1057.0,8.82,1126.0,4127384.01288
2018-05-31,1320.0,13467900.0,302.2,899215851.5,0.1,31.0861498484,2252.0,8.44,2301.0,5861008.03332
2018-06-01,1378.0,12625300.0,311.8,911080422.624,0.1,18.107380323,2588.0,8.55,2633.0,3909532.65609
2018-06-02,873.0,20983000.0,157.7,918456837.193,0.1,11.8821130187,1387.0,8.62,1402.0,1768374.11486
2018-06-03,2119.0,22641100.0,457.1,997883582.961,0.1,20.7545367744,3611.0,9.36,3691.0,5507452.15748
2018-06-04,4746.0,22264100.0,930.6,1063386081.51,0.1,17.2425291628,8356.0,9.97,8439.0,14375978.7906
2018-06-05,533.0,12839900.0,134.0,968935753.466,0.1,195.04017076,780.0,9.09,832.0,5491825.04734
2018-06-06,1718.0,12988300.0,301.4,975349673.056,0.1,10.9811412635,2554.0,9.14,2596.0,2589354.26643
2018-06-07,1030.0,10212200.0,234.7,945390955.581,0.1,18.3962076926,1647.0,8.86,1713.0,1777924.62143
2018-06-08,992.0,12189500.0,204.5,934716586.264,0.1,43.7840987166,1535.0,8.76,1574.0,5869420.75787
2018-06-09,6854.0,11530600.0,1386.2,915367976.386,0.1,4.4509113435,13462.0,8.57,13498.0,2961378.97962
2018-06-10,1462.0,17518000.0,333.9,887807419.468,0.1,33.4594736234,2669.0,8.31,2732.0,6902167.32935
2018-06-11,4576.0,11379400.0,787.2,759405439.202,0.1,13.509,7432.0,7.11,7452.0,4044320.86186
2018-06-12,1574.0,13486100.0,349.4,774523677.0,0.1,15.6268340775,2664.0,7.25,2731.0,6220385.16036
2018-06-13,884.0,13095700.0,204.0,723255188.101,0.1,260.556903188,1400.0,6.76,1460.0,7571248.35265
2018-06-14,683.0,11741800.0,165.3,679585182.924,0.1,72.79005,1033.0,6.35,1083.0,3015399.39596
2018-06-15,1098.0,9167900.0,240.8,744087173.093,0.1,11.701655925,1918.0,6.95,1955.0,1605871.43251
2018-06-16,1922.0,8184370.0,460.2,696218733.637,0.1,10.0796726331,3852.0,6.51,3911.0,1448156.35027
2018-06-17,1063.0,8341200.0,239.4,705479417.257,0.1,20.4904845682,1644.0,6.59,1707.0,1329704.77421
2018-06-18,2186.0,10209800.0,457.0,671038359.865,0.1,9.554304375,4080.0,6.27,4121.0,3964110.46931
2018-06-19,4883.0,8982000.0,735.0,690097664.875,0.1,5.796,6470.0,6.44,6530.0,3530183.66792
2018-06-20,848.0,8584190.0,156.9,696820074.371,0.1,26.1022967725,1159.0,6.5,1196.0,2893563.62799
2018-06-21,1021.0,7975460.0,232.1,681594875.616,0.1,10.4136850932,1521.0,6.36,1561.0,1919575.05875
2018-06-22,980.0,8159990.0,167.3,664640599.14,0.1,30.38,1253.0,6.2,1291.0,1596643.89619
2018-06-23,1994.0,7248650.0,453.8,574111885.799,0.1,8.205075757,4088.0,5.35,4129.0,1254751.63885
2018-06-24,4353.0,7790030.0,698.2,606114064.607,0.1,10.735,6452.0,5.65,6493.0,3086821.56198
2018-06-25,2351.0,7010470.0,415.9,585630548.359,0.1,8.1723959772,3799.0,5.46,3831.0,4975896.24067
2018-06-26,486.0,6490590.0,81.3,597992297.681,0.1,27.3315289432,683.0,5.57,696.0,733423.257688
2018-06-27,1081.0,7105660.0,212.8,566451194.049,0.1,10.0859838875,1508.0,5.27,1550.0,1725452.6505
2018-06-28,578.0,6763450.0,110.8,568101205.957,0.1,27.4217146513,758.0,5.29,785.0,818631.294328
2018-06-29,878.0,7560270.0,200.5,527573352.758,0.1,22.241221494,1235.0,4.91,1276.0,2864775.31159
2018-06-30,2072.0,5954970.0,482.3,540830577.35,0.1,6.8123632471,4413.0,5.03,4454.0,800677.987243
2018-07-01,1049.0,6178680.0,200.4,572689284.363,0.1,16.305629275,1554.0,5.33,1591.0,803981.173889
2018-07-02,4639.0,9046320.0,1062.1,581506741.231,0.1,5.4279250071,10161.0,5.41,10203.0,1562024.97372
2018-07-03,896.0,10262100.0,184.6,631247726.501,0.1,13.3989970687,1476.0,5.87,1509.0,2343476.28678
2018-07-04,483.0,8808450.0,107.5,605019567.536,0.1,28.6878765313,545.0,5.62,590.0,1438433.8977
2018-07-05,550.0,7623050.0,106.9,627184591.618,0.1,24.9101745504,659.0,5.82,692.0,996362.019322
2018-07-06,898.0,7307250.0,182.3,603531826.572,0.1,9.439643612,1253.0,5.6,1282.0,1307604.30392
2018-07-07,1968.0,6410900.0,435.7,611200589.288,0.1,9.1874466432,4097.0,5.67,4123.0,752243.337529
2018-07-08,1193.0,7186910.0,258.0,603868472.347,0.1,7.56254408,2110.0,5.6,2133.0,793071.079116
2018-07-09,4351.0,8081440.0,736.4,598032844.539,0.1,7.739017236,7134.0,5.55,7157.0,10191589.066
2018-07-10,485.0,7388680.0,82.6,583960246.899,0.1,108.066448701,596.0,5.42,611.0,1820272.13797
2018-07-11,1080.0,6550110.0,233.3,544647268.46,0.1,8.7359230375,1703.0,5.05,1738.0,899863.642888
2018-07-12,769.0,7093940.0,131.0,555777482.156,0.1,16.1572913437,1030.0,5.15,1054.0,1914502.50089
2018-07-13,791.0,6178010.0,183.4,524876894.726,0.1,14.0956867116,1114.0,4.86,1154.0,1238030.91621
2018-07-14,1929.0,5729370.0,414.5,530261758.0,0.1,6.6694327551,3965.0,4.91,3983.0,1088939.1037
2018-07-15,1177.0,5564670.0,245.5,531563983.2,0.1,8.1239231388,2035.0,4.92,2065.0,1331412.06274
2018-07-16,2603.0,8058290.0,488.6,542224924.103,0.1,14.558,4506.0,5.02,4536.0,1447344.0711
2018-07-17,2631.0,7852900.0,358.5,586245747.278,0.1,4.878,2845.0,5.42,2895.0,1338815.49747
2018-07-18,1016.0,8599150.0,184.8,616445057.77,0.1,9.751889802,1638.0,5.7,1659.0,1119286.20702
2018-07-19,690.0,7492840.0,128.1,615155557.076,0.1,18.9631315645,961.0,5.69,993.0,1929669.97293
2018-07-20,812.0,7833360.0,175.1,581069503.836,0.1,21.6378877197,1101.0,5.37,1134.0,1776928.2105
2018-07-21,1984.0,5948500.0,390.7,534292949.623,0.1,6.7950141883,3797.0,4.94,3804.0,1149448.23111
2018-07-22,1197.0,6516690.0,249.3,542416367.602,0.1,12.6813591692,2063.0,5.01,2102.0,1045783.6112
2018-07-23,2908.0,9632390.0,600.5,538585793.696,0.1,9.443,5725.0,4.97,5749.0,1746132.56351
2018-07-24,2575.0,8695030.0,316.1,521944927.425,0.1,4.338,2841.0,4.82,2873.0,2963783.85557
2018-07-25,1118.0,8064090.0,200.6,533731238.407,0.1,8.9709253776,1716.0,4.93,1741.0,1159332.20851
2018-07-26,456.0,7253780.0,110.5,546322859.554,0.1,73.7352,525.0,5.04,551.0,1872167.53573
2018-07-27,697.0,8075500.0,111.6,524519061.86,0.1,15.546390486,946.0,4.84,963.0,1642325.84454
2018-07-28,1961.0,7299520.0,439.6,528426976.088,0.1,7.2049138054,3676.0,4.87,3721.0,1713303.33369
2018-07-29,1115.0,7426930.0,242.7,543961931.771,0.1,9.4293777132,1987.0,5.01,2023.0,1358281.2733
2018-07-30,4406.0,7360580.0,784.1,554588849.351,0.1,7.6074236882,7451.0,5.11,7490.0,1662371.08824
2018-07-31,425.0,6840930.0,86.3,535093308.815,0.1,54.23,543.0,4.93,571.0,1421620.3025
2018-08-01,3055.0,6193870.0,580.4,499091713.867,0.1,4.15498956,4564.0,4.6,4676.0,1202968.3175
2018-08-02,832.0,6739330.0,218.2,490537713.322,0.1,12.162459309,972.0,4.51,1077.0,1900202.45186
2018-08-03,559.0,6519360.0,125.2,473448686.196,0.1,291.466,732.0,4.36,776.0,2442489.5178
2018-08-04,2043.0,6094920.0,451.0,457039313.571,0.1,6.325385346,3890.0,4.2,3932.0,1897180.77659
2018-08-05,1149.0,5568980.0,235.0,426038779.139,0.1,11.5221433768,1900.0,3.92,1933.0,939552.985398
2018-08-06,2598.0,4403250.0,517.6,429578230.594,0.1,7.552824625,4406.0,3.95,4447.0,1061486.4434
2018-08-07,711.0,5612320.0,107.2,421327550.864,0.1,7.353,832.0,3.87,856.0,679590.897047
2018-08-08,1019.0,6066450.0,193.7,407459530.451,0.1,7.6804827187,1587.0,3.74,1618.0,1794735.75575
2018-08-09,522.0,4976520.0,112.3,368345131.09,0.1,13.8442362513,673.0,3.38,710.0,3232561.60981
2018-08-10,2510.0,5678080.0,284.8,386060714.839,0.1,3.186,2588.0,3.54,2614.0,391424.299136
2018-08-11,1889.0,5803300.0,378.1,366358933.565,0.1,5.0546757408,3561.0,3.36,3579.0,1421213.68133
2018-08-12,930.0,4899920.0,165.4,349595528.91,0.1,9.5215814154,1364.0,3.21,1389.0,520545.482897
2018-08-13,3796.0,6399480.0,775.2,361104481.205,0.1,5.3950545966,7522.0,3.31,7537.0,1605625.01073
2018-08-14,1426.0,6499060.0,234.2,323407087.811,0.1,3.4474140756,1892.0,2.97,1929.0,3068282.50723
2018-08-15,715.0,8292610.0,106.7,305219506.965,0.1,8.223423824,907.0,2.8,923.0,3037434.84623
2018-08-16,667.0,15346600.0,118.3,340581491.276,0.1,52.728,963.0,3.12,985.0,3414176.12407
2018-08-17,779.0,15319900.0,171.2,418394049.738,0.1,15.3313992098,1372.0,3.83,1398.0,2882683.85764
2018-08-18,1820.0,10387900.0,311.5,437365593.147,0.1,6.692289,2915.0,4.01,2931.0,927889.099448
2018-08-19,953.0,6491250.0,186.9,408652019.943,0.1,10.9154016092,1619.0,3.74,1644.0,748684.31314
2018-08-20,2319.0,5604450.0,467.7,418017116.008,0.1,3.48481399215,4307.0,3.83,4336.0,888792.999108
2018-08-21,995.0,6227980.0,259.4,413444281.981,0.1,19.8943085502,1664.0,3.78,1693.0,1286035.4725
2018-08-22,2587.0,6849010.0,307.0,451028836.142,0.1,7.828,2880.0,4.12,2891.0,1025626.81838
2018-08-23,2065.0,10587600.0,269.0,433272595.345,0.1,3.564,2390.0,3.96,2416.0,2388921.13622
2018-08-24,574.0,13733600.0,117.6,509368988.086,0.1,283.309254917,766.0,4.66,791.0,3446537.94425
2018-08-25,7562.0,9498350.0,966.4,556757220.907,0.1,1.7479355729,9314.0,5.09,9337.0,2538404.59482
2018-08-26,1110.0,7580500.0,227.9,553724102.11,0.1,7.7511722585,2009.0,5.06,2028.0,4701601.28475
2018-08-27,4199.0,13251700.0,640.1,537839623.368,0.1,8.2957471123,5601.0,4.91,5641.0,3074179.15121
2018-08-28,1309.0,12160000.0,178.0,559398991.313,0.1,8.7844102948,1570.0,5.11,1587.0,1240304.58729
2018-08-29,7134.0,12942700.0,1027.5,566656637.9,0.1,3.5154103644,9975.0,5.17,10005.0,2237758.67538
2018-08-30,474.0,8248400.0,101.3,555177795.397,0.1,8.1976962342,543.0,5.06,554.0,1855272.0952
2018-08-31,318.0,6770380.0,57.7,511548903.203,0.1,13.6808779673,357.0,4.67,375.0,1496822.8155
2018-09-01,426.0,6267950.0,62.9,513706752.996,0.1,13.733599464,489.0,4.68,503.0,1489867.62738
2018-09-02,913.0,6912280.0,203.9,517103318.712,0.1,9.963110571,1499.0,4.71,1545.0,5099764.84361
2018-09-03,290.0,5855610.0,61.8,513395145.747,0.1,19.5505519716,328.0,4.68,349.0,836143.82993
2018-09-04,293.0,5796700.0,94.9,502133444.907,0.1,22.393,379.0,4.57,405.0,881842.842419
2018-09-05,1048.0,6540140.0,256.0,507008003.464,0.1,9.7573014,1910.0,4.62,1943.0,14434553.602
2018-09-06,1305.0,6428410.0,245.5,429334510.91,0.1,18.986262456,1685.0,3.91,1726.0,5815408.56436
2018-09-07,1429.0,4844510.0,279.5,425751994.891,0.1,18.963,2215.0,3.87,2245.0,1992906.62229
2018-09-08,810.0,3841690.0,235.4,410944216.499,0.1,10.098,1224.0,3.74,1289.0,7320913.07243
2018-09-09,1093.0,4967850.0,233.6,379431887.54,0.1,9.3768247245,1836.0,3.45,1878.0,2629844.31533
2018-09-10,2208.0,6449600.0,341.7,409082012.659,0.1,7.068,2877.0,3.72,2931.0,3365515.50142
2018-09-11,2683.0,4825970.0,364.3,408598197.997,0.1,3.339,2923.0,3.71,2963.0,1943407.51187
2018-09-12,3412.0,6157450.0,476.5,379067469.124,0.1,3.096,3785.0,3.44,3879.0,2623457.80562
2018-09-13,1869.0,5937260.0,333.9,363108377.812,0.1,5.6850329085,2909.0,3.3,2948.0,1701680.79151
2018-09-14,709.0,5486390.0,145.0,385321331.268,0.1,10.281339845,900.0,3.5,947.0,1669407.91581
2018-09-15,2642.0,6179980.0,410.8,381033318.833,0.1,6.4955130486,3738.0,3.46,3771.0,913642.427521
2018-09-16,1142.0,8749000.0,292.7,376871109.084,0.1,7.2964536174,2287.0,3.42,2343.0,694213.885726
2018-09-17,3775.0,7248920.0,537.9,393053709.3,0.1,132.32562,4269.0,3.57,4301.0,18750397.3099
2018-09-18,3399.0,5796000.0,407.8,375983861.096,0.1,3.069,3708.0,3.41,3737.0,879717.154488
2018-09-19,805.0,5349240.0,129.0,381133196.087,0.1,7.4733502226,1140.0,3.46,1151.0,1056081.62291
2018-09-20,927.0,8895150.0,218.1,377519690.982,0.1,17.1380688066,1571.0,3.42,1628.0,6120160.76206
2018-09-21,823.0,9578670.0,190.4,374360156.297,0.1,20.5041107475,1204.0,3.39,1270.0,3838792.81395
2018-09-22,2078.0,5748260.0,417.6,386568996.542,0.1,7.2913174775,3436.0,3.5,3502.0,1296396.32293
2018-09-23,964.0,5335350.0,199.8,382252459.527,0.1,11.2088085038,1358.0,3.46,1414.0,930203.666162
2018-09-24,1756.0,4059730.0,310.5,388286819.308,0.1,5.6940249834,2335.0,3.51,2384.0,2912476.56234
2018-09-25,2754.0,6524020.0,467.7,374126633.324,0.1,9.831,3677.0,3.39,3741.0,1987012.17988
2018-09-26,1903.0,6798660.0,311.0,367440147.457,0.1,2.988,2060.0,3.32,2133.0,1113828.41633
2018-09-27,2046.0,5658560.0,505.0,359013333.26,0.1,8.1136287375,3880.0,3.25,3965.0,1522071.13313
2018-09-28,398.0,5330120.0,107.2,376445706.254,0.1,25.008375232,462.0,3.4,519.0,1266814.58329
2018-09-29,1259.0,5498660.0,242.5,373621263.353,0.1,5.201341561,1605.0,3.38,1683.0,538887.409064
2018-09-30,1170.0,5704740.0,311.7,374289580.135,0.1,8.2046918018,1977.0,3.38,2063.0,999248.602597
2018-10-01,979.0,5471560.0,225.5,376567299.12,0.1,7.2051236,1375.0,3.4,1435.0,1784906.19299
2018-10-02,4110.0,6551130.0,522.4,379045530.796,0.1,6.498,4674.0,3.42,4725.0,3040875.6033
2018-10-03,2671.0,6034480.0,367.8,376119132.631,0.1,2.28185451075,3278.0,3.39,3318.0,1833172.69667
2018-10-04,1837.0,5573340.0,395.1,364263281.862,0.1,7.9105182107,3041.0,3.29,3084.0,1785785.54247
2018-10-05,755.0,5910480.0,187.7,370568337.039,0.1,13.026,957.0,3.34,997.0,1237698.35937
2018-10-06,1573.0,3536380.0,327.3,368795242.22,0.1,5.9350384872,2293.0,3.33,2391.0,1592298.43732
2018-10-07,1146.0,3582540.0,220.6,368009705.0,0.1,7.1991992698,1906.0,3.32,1936.0,1760860.59628
2018-10-08,4214.0,4027290.0,618.6,367959366.311,0.1,5.1123983464,5376.0,3.32,5449.0,1787382.28593
2018-10-09,811.0,5025320.0,287.2,370735307.952,0.1,5.8483168371,1112.0,3.34,1204.0,1126672.19879
2018-10-10,459.0,6832810.0,117.0,368189731.073,0.1,70.4555802292,650.0,3.32,702.0,1979478.73101
2018-10-11,1580.0,7332050.0,334.9,376417738.954,0.1,10.6545276319,2419.0,3.39,2484.0,13321569.0323
2018-10-12,884.0,6520710.0,229.2,341578232.801,0.1,8.9857637923,1322.0,3.07,1379.0,2005449.28165
2018-10-13,1489.0,7313140.0,272.5,331003327.366,0.1,6.0254517366,2065.0,2.98,2123.0,1735494.318
2018-10-14,3627.0,5369020.0,560.8,323314707.739,0.1,2.1152614236,4728.0,2.91,4812.0,1698704.37368
2018-10-15,3541.0,9528280.0,651.3,317414903.483,0.1,5.415,5153.0,2.85,5269.0,3250394.5679
2018-10-16,1690.0,10185000.0,552.1,321782203.692,0.1,3.35295974965,2011.0,2.89,2230.0,2133241.41604
2018-10-17,482.0,6102160.0,167.0,348990343.286,0.1,35.47304472,610.0,3.14,704.0,2807384.6034
2018-10-18,1690.0,6575020.0,383.2,327526825.938,0.1,7.1745095478,2682.0,2.94,2761.0,4101380.45056
2018-10-19,373.0,5132380.0,82.7,321921397.872,0.1,46.3799915711,447.0,2.89,485.0,2966270.21704
2018-10-20,1802.0,4723360.0,380.0,319565963.969,0.1,5.6607516945,2410.0,2.87,2509.0,1995758.58724
2018-10-21,1202.0,5222360.0,275.5,324064361.708,0.1,5.07712532055,2125.0,2.91,2176.0,346692.260646
2018-10-22,2298.0,8002120.0,415.0,320090696.466,0.1,11.193,3100.0,2.87,3201.0,1662833.65604
2018-10-23,2753.0,6622500.0,427.5,332499778.791,0.1,2.682,3105.0,2.98,3190.0,975643.737085
2018-10-24,963.0,6376200.0,325.3,332923035.033,0.1,6.36379151135,1503.0,2.99,1646.0,1908714.87984
2018-10-25,1389.0,5556450.0,303.0,333652250.705,0.1,9.3563085681,1620.0,2.99,1733.0,1683672.44001
2018-10-26,1107.0,4642030.0,267.2,323521293.993,0.1,4.06156339,1722.0,2.9,1809.0,882683.426878
2018-10-27,1787.0,4821320.0,310.4,326388854.548,0.1,6.014208368,2354.0,2.92,2425.0,912196.806741
2018-10-28,1503.0,5291970.0,319.5,314903220.65,0.1,5.5979701419,2485.0,2.82,2540.0,1245619.56116
2018-10-29,4262.0,6381380.0,618.3,316620002.642,0.1,3.809786302,5613.0,2.84,5666.0,3238190.99321
2018-10-30,533.0,5054360.0,153.4,307338491.486,0.1,17.8896282675,744.0,2.75,819.0,1419907.5151
2018-10-31,1458.0,4823400.0,314.9,310655710.167,0.1,8.7579492032,1789.0,2.78,1889.0,1394201.82384
2018-11-01,1466.0,4498990.0,364.8,306163221.978,0.1,2.806125379,2248.0,2.74,2344.0,726360.10003
2018-11-02,427.0,4683810.0,160.4,309818365.0,0.1,14.4446069258,494.0,2.77,601.0,1131802.60234
2018-11-03,2077.0,5475780.0,355.0,310127268.025,0.1,4.2877786481,3170.0,2.77,3208.0,873222.707044
2018-11-04,1238.0,6147730.0,256.8,308962421.617,0.1,4.002550413,2108.0,2.76,2150.0,1026227.00184
2018-11-05,3819.0,6571320.0,539.9,313869887.188,0.1,4.3184211227,4559.0,2.81,4643.0,3362226.7287
2018-11-06,556.0,5775570.0,139.3,321577298.432,0.1,21.9062,733.0,2.89,795.0,1811326.80459
2018-11-07,1609.0,5588960.0,311.9,320457492.514,0.1,7.9123239052,2239.0,2.86,2315.0,3630399.55834
2018-11-08,406.0,5110960.0,120.6,322030110.857,0.1,28.1952,536.0,2.88,595.0,759180.627215
2018-11-09,380.0,4709460.0,100.1,312662303.25,0.1,38.8830441105,491.0,2.79,538.0,777371.679121
2018-11-10,1780.0,3505550.0,345.9,309413581.3,0.1,3.9837939774,2849.0,2.76,2906.0,470337.136744
2018-11-11,2034.0,4304980.0,370.9,311083341.121,0.1,6.5197797656,2909.0,2.78,2989.0,685797.803503
2018-11-12,3790.0,7927530.0,507.3,306955160.459,0.1,5.206,4543.0,2.74,4588.0,2368904.22492
2018-11-13,1231.0,7080250.0,231.6,311414425.157,0.1,10.9494850026,1716.0,2.78,1768.0,2994112.7916
2018-11-14,544.0,6914210.0,142.0,292107580.342,0.1,313.2,910.0,2.61,957.0,3897693.04205
2018-11-15,882.0,6102370.0,218.8,255285369.382,0.1,174.93960646,1328.0,2.28,1390.0,4073626.1838
2018-11-16,1833.0,4786160.0,311.0,247027046.479,0.1,2.812228166,2320.0,2.2,2367.0,1281076.54552
2018-11-17,202.0,4263840.0,38.9,239850987.0,0.1,47.0537636,239.0,2.14,254.0,308915.094701
