,activeaddresses,exchangevolume(usd),fees,marketcap(usd),medianfee,mediantxvalue(usd),price(usd),txcount,txvolume(usd)
2016-06-02,,83734.0,,0.0,,,1.33,,
2016-06-03,,57721.0,,0.0,,,1.29,,
2016-06-04,,4912.0,,0.0,,,1.09,,
2016-06-05,,41700.0,,0.0,,,0.587588,,
2016-06-06,,95573.0,,0.0,,,0.712541,,
2016-06-07,,45932.0,,0.0,,,0.768551,,
2016-06-08,,56105.0,,0.0,,,0.836892,,
2016-06-09,,27163.0,,0.0,,,1.02,,
2016-06-10,,63162.0,,0.0,,,1.41,,
2016-06-11,,34845.0,,0.0,,,1.56,,
2016-06-12,,40759.0,,0.0,,,1.37,,
2016-06-13,,79492.0,,0.0,,,1.22,,
2016-06-14,,51762.0,,0.0,,,1.32,,
2016-06-15,,41509.0,,0.0,,,0.911755,,
2016-06-16,,43879.0,,0.0,,,0.956326,,
2016-06-17,,42058.0,,0.0,,,0.930645,,
2016-06-18,,173575.0,,0.0,,,0.898507,,
2016-06-19,,112349.0,,0.0,,,0.665885,,
2016-06-20,,1771960.0,,60424300.0,,,0.604243,,
2016-06-21,,626728.0,,28920900.0,,,0.289209,,
2016-06-22,,878411.0,,23025200.0,,,0.230252,,
2016-06-23,,530030.0,,19137900.0,,,0.191379,,
2016-06-24,,715427.0,,19998300.0,,,0.199983,,
2016-06-25,,412951.0,,19349800.0,,,0.193498,,
2016-06-26,,328673.0,,20478300.0,,,0.204783,,
2016-06-27,,169379.0,,17000700.0,,,0.170007,,
2016-06-28,,228770.0,,17410000.0,,,0.1741,,
2016-06-29,,234893.0,,14656800.0,,,0.146568,,
2016-06-30,,311148.0,,14323200.0,,,0.143232,,
2016-07-01,,233053.0,,13927400.0,,,0.139274,,
2016-07-02,,261410.0,,14497500.0,,,0.144975,,
2016-07-03,,334447.0,,18074600.0,,,0.180746,,
2016-07-04,,301807.0,,19283400.0,,,0.192834,,
2016-07-05,,225635.0,,22530900.0,,,0.225309,,
2016-07-06,,218669.0,,21995000.0,,,0.21995,,
2016-07-07,,268443.0,,22829200.0,,,0.228292,,
2016-07-08,,203189.0,,23318700.0,,,0.233187,,
2016-07-09,,106202.0,,19369100.0,,,0.193691,,
2016-07-10,,88774.0,,22455700.0,,,0.224557,,
2016-07-11,,88437.0,,21804800.0,,,0.218048,,
2016-07-12,,136972.0,,21689700.0,,,0.216897,,
2016-07-13,,103542.0,,19973600.0,,,0.199736,,
2016-07-14,,154375.0,,19320600.0,,,0.193206,,
2016-07-15,,115159.0,,19662500.0,,,0.196625,,
2016-07-16,,36851.0,,20508200.0,,,0.205082,,
2016-07-17,,60718.0,,19385900.0,,,0.193859,,
2016-07-18,,132592.0,,19713600.0,,,0.197136,,
2016-07-19,,168579.0,,22483500.0,,,0.224835,,
2016-07-20,,70378.0,,20923800.0,,,0.209238,,
2016-07-21,,93206.0,,21109500.0,,,0.211095,,
2016-07-22,,102240.0,,20632400.0,,,0.206324,,
2016-07-23,,48054.0,,19123200.0,,,0.191232,,
2016-07-24,,136512.0,,20141600.0,,,0.201416,,
2016-07-25,,115927.0,,20216000.0,,,0.20216,,
2016-07-26,,199906.0,,20203500.0,,,0.202035,,
2016-07-27,,211513.0,,17330600.0,,,0.173306,,
2016-07-28,,79472.0,,18216800.0,,,0.182168,,
2016-07-29,,52603.0,,17624200.0,,,0.176242,,
2016-07-30,,30568.0,,19174700.0,,,0.191747,,
2016-07-31,,66910.0,,18536600.0,,,0.185366,,
2016-08-01,,79352.0,,17216100.0,,,0.172161,,
2016-08-02,,197250.0,,16490500.0,,,0.164905,,
2016-08-03,,106321.0,,12752700.0,,,0.127527,,
2016-08-04,,78311.0,,14458300.0,,,0.144583,,
2016-08-05,,87961.0,,15663200.0,,,0.156632,,
2016-08-06,,52232.0,,16482000.0,,,0.16482,,
2016-08-07,,51728.0,,17275700.0,,,0.172757,,
2016-08-08,,85297.0,,16083500.0,,,0.160835,,
2016-08-09,,39850.0,,17726000.0,,,0.17726,,
2016-08-10,,115904.0,,17342900.0,,,0.173429,,
2016-08-11,,112529.0,,18904500.0,,,0.189045,,
2016-08-12,,148755.0,,18093200.0,,,0.180932,,
2016-08-13,,109816.0,,18293200.0,,,0.182932,,
2016-08-14,,115312.0,,17761500.0,,,0.177615,,
2016-08-15,,59199.0,,17343100.0,,,0.173431,,
2016-08-16,,66316.0,,17382300.0,,,0.173823,,
2016-08-17,,82779.0,,17459400.0,,,0.174594,,
2016-08-18,,54480.0,,17763600.0,,,0.177636,,
2016-08-19,,33598.0,,17531400.0,,,0.175314,,
2016-08-20,,23310.0,,17840200.0,,,0.178402,,
2016-08-21,,83163.0,,17899800.0,,,0.178998,,
2016-08-22,,67344.0,,17443800.0,,,0.174438,,
2016-08-23,,59064.0,,17845200.0,,,0.178452,,
2016-08-24,,45227.0,,17658000.0,,,0.17658,,
2016-08-25,,26812.0,,17033400.0,,,0.170334,,
2016-08-26,,30915.0,,16798000.0,,,0.16798,,
2016-08-27,,23586.0,,16953100.0,,,0.169531,,
2016-08-28,,35982.0,,16224900.0,,,0.162249,,
2016-08-29,,53334.0,,15185300.0,,,0.151853,,
2016-08-30,,44755.0,,15901700.0,,,0.159017,,
2016-08-31,,59938.0,,15848600.0,,,0.158486,,
2016-09-01,,48630.0,,16398400.0,,,0.163984,,
2016-09-02,,45929.0,,16111100.0,,,0.161111,,
2016-09-03,,54250.0,,17119100.0,,,0.171191,,
2016-09-04,,28552.0,,16534500.0,,,0.165345,,
2016-09-05,,26388.0,,16576600.0,,,0.165766,,
2016-09-06,,68491.0,,17032700.0,,,0.170327,,
2016-09-07,,58305.0,,16646400.0,,,0.166464,,
2016-09-08,,24373.0,,16003000.0,,,0.16003,,
2016-09-09,,33322.0,,16237700.0,,,0.162377,,
2016-09-10,,27087.0,,16681100.0,,,0.166811,,
2016-09-11,,37636.0,,16236200.0,,,0.162362,,
2016-09-12,,39086.0,,16084300.0,,,0.160843,,
2016-09-13,,29377.0,,17135000.0,,,0.17135,,
2016-09-14,,20792.0,,16899800.0,,,0.168998,,
2016-09-15,,43596.0,,17305400.0,,,0.173054,,
2016-09-16,,12703.0,,16559600.0,,,0.165596,,
2016-09-17,,89094.0,,16514200.0,,,0.165142,,
2016-09-18,,55809.0,,17917600.0,,,0.179176,,
2016-09-19,,42683.0,,18466200.0,,,0.184662,,
2016-09-20,,171638.0,,19137000.0,,,0.19137,,
2016-09-21,,127409.0,,21545200.0,,,0.215452,,
2016-09-22,,53944.0,,19953200.0,,,0.199532,,
2016-09-23,,38658.0,,19600000.0,,,0.196,,
2016-09-24,,68776.0,,18661800.0,,,0.186618,,
2016-09-25,,62099.0,,18147200.0,,,0.181472,,
2016-09-26,,36526.0,,17491900.0,,,0.174919,,
2016-09-27,,41339.0,,17345500.0,,,0.173455,,
2016-09-28,,25885.0,,17363800.0,,,0.173638,,
2016-09-29,,42652.0,,17311200.0,,,0.173112,,
2016-09-30,,143538.0,,17318400.0,,,0.173184,,
2016-10-01,,68996.0,,19672700.0,,,0.196727,,
2016-10-02,,27277.0,,18593000.0,,,0.18593,,
2016-10-03,,65785.0,,18745700.0,,,0.187457,,
2016-10-04,,110394.0,,19255300.0,,,0.192553,,
2016-10-05,,236077.0,,21102800.0,,,0.211028,,
2016-10-06,,115933.0,,21305400.0,,,0.213054,,
2016-10-07,,136663.0,,21098700.0,,,0.210987,,
2016-10-08,,50465.0,,20381700.0,,,0.203817,,
2016-10-09,,58742.0,,21253000.0,,,0.21253,,
2016-10-10,,27118.0,,21230700.0,,,0.212307,,
2016-10-11,,85220.0,,20994000.0,,,0.20994,,
2016-10-12,,30333.0,,20956700.0,,,0.209567,,
2016-10-13,,41826.0,,21285100.0,,,0.212851,,
2016-10-14,,76178.0,,20580800.0,,,0.205808,,
2016-10-15,,136396.0,,20968900.0,,,0.209689,,
2016-10-16,,236807.0,,22346300.0,,,0.223463,,
2016-10-17,,177063.0,,23530000.0,,,0.2353,,
2016-10-18,,146243.0,,24429800.0,,,0.244298,,
2016-10-19,,326732.0,,24558800.0,,,0.245588,,
2016-10-20,,75405.0,,24914900.0,,,0.249149,,
2016-10-21,,39153.0,,24055000.0,,,0.24055,,
2016-10-22,,211276.0,,24377300.0,,,0.243773,,
2016-10-23,,324055.0,,27536800.0,,,0.275368,,
2016-10-24,,517981.0,,31369400.0,,,0.313694,,
2016-10-25,,307680.0,,33827200.0,,,0.338272,,
2016-10-26,,515087.0,,35485000.0,,,0.35485,,
2016-10-27,,409265.0,,33353800.0,,,0.333538,,
2016-10-28,,206322.0,,32937700.0,,,0.329377,,
2016-10-29,,255905.0,,33797600.0,,,0.337976,,
2016-10-30,,249473.0,,34671600.0,,,0.346716,,
2016-10-31,,234987.0,,35108500.0,,,0.351085,,
2016-11-01,,129183.0,,32799400.0,,,0.327994,,
2016-11-02,,58897.0,,34587000.0,,,0.34587,,
2016-11-03,,212870.0,,35293200.0,,,0.352932,,
2016-11-04,,90495.0,,34633900.0,,,0.346339,,
2016-11-05,,65271.0,,34051900.0,,,0.340519,,
2016-11-06,,112262.0,,34985500.0,,,0.349855,,
2016-11-07,,102888.0,,36833200.0,,,0.368332,,
2016-11-08,,78647.0,,35172200.0,,,0.351722,,
2016-11-09,,208008.0,,34911100.0,,,0.349111,,
2016-11-10,,136051.0,,36902800.0,,,0.369028,,
2016-11-11,,87279.0,,37561200.0,,,0.375612,,
2016-11-12,,167249.0,,37622500.0,,,0.376225,,
2016-11-13,,125585.0,,40094600.0,,,0.400946,,
2016-11-14,,168500.0,,39031800.0,,,0.390318,,
2016-11-15,,236251.0,,38037600.0,,,0.380376,,
2016-11-16,,200041.0,,35775500.0,,,0.357755,,
2016-11-17,,164967.0,,33227400.0,,,0.332274,,
2016-11-18,,308090.0,,32468200.0,,,0.324682,,
2016-11-19,,164366.0,,29740400.0,,,0.297404,,
2016-11-20,,100018.0,,30757800.0,,,0.307578,,
2016-11-21,18.0,77955.0,0.027,27727600.0,0.001,351.091403635,0.277276,18.0,22151.4955127
2016-11-22,3.0,75607.0,0.007,28872600.0,0.001,0.000288726,0.288726,7.0,0.005485794
2016-11-23,,38300.0,,27887100.0,,,0.278871,,
2016-11-24,,140550.0,,27289200.0,,,0.272892,,
2016-11-25,,52721.0,,26130800.0,,,0.261308,,
2016-11-26,,102524.0,,23308700.0,,,0.233087,,
2016-11-27,,72829.0,,21718300.0,,,0.217183,,
2016-11-28,,94741.0,,25746800.0,,,0.257468,,
2016-11-29,,129518.0,,30946600.0,,,0.309466,,
2016-11-30,,69225.0,,25969400.0,,,0.259694,,
2016-12-01,,38650.0,,25279600.0,,,0.252796,,
2016-12-02,,53633.0,,24614400.0,,,0.246144,,
2016-12-03,,43557.0,,24622300.0,,,0.246223,,
2016-12-04,,51360.0,,24745300.0,,,0.247453,,
2016-12-05,,33659.0,,23570700.0,,,0.235707,,
2016-12-06,,38582.0,,23125200.0,,,0.231252,,
2016-12-07,,26844.0,,23252200.0,,,0.232522,,
2016-12-08,,23638.0,,24435200.0,,,0.244352,,
2016-12-09,,18126.0,,23641400.0,,,0.236414,,
2016-12-10,,9008.0,,23501000.0,,,0.23501,,
2016-12-11,2.0,20208.0,0.001,23295500.0,0.001,0.232955,0.232955,1.0,0.232955
2016-12-12,2.0,40733.0,0.001,22882700.0,0.001,0.008466599,0.228827,1.0,0.008466599
2016-12-13,2.0,18928.0,0.003,22883300.0,0.001,0.0228604167,0.228833,3.0,0.228146501
2016-12-14,,25330.0,,23361600.0,,,0.233616,,
2016-12-15,,15290.0,,22106200.0,,,0.221062,,
2016-12-16,,31752.0,,22117200.0,,,0.221172,,
2016-12-17,,18214.0,,24446600.0,,,0.244466,,
2016-12-18,,21916.0,,23988900.0,,,0.239889,,
2016-12-19,18.0,39801.0,0.026,22858500.0,0.001,0.2053836225,0.228585,26.0,6.330204405
2016-12-20,21.0,70993.0,0.025,21735400.0,0.001,0.000217354,0.217354,25.0,224.312805664
2016-12-21,16.0,136469.0,0.02,21254300.0,0.001,0.000212543,0.212543,20.0,0.355280417493
2016-12-22,4.0,73752.0,0.004,19484800.0,0.001,0.000194848,0.194848,4.0,1.118622368
2016-12-23,5.0,45692.0,0.004,19207800.0,0.001,0.000192078,0.192078,4.0,0.000768312
2016-12-24,6.0,32473.0,0.005,19575400.0,0.001,0.000195754,0.195754,5.0,0.00097877
2016-12-25,6.0,26826.0,0.007,18544400.0,0.001,11.2638557644,0.185444,7.0,549.909737788
2016-12-26,8.0,29712.0,0.009,20629200.0,0.001,4.126458876,0.206292,9.0,81.668321004
2016-12-27,6.0,54308.0,0.006,20346400.0,0.001,0.000203464,0.203464,6.0,0.001220784
2016-12-28,11.0,52386.0,0.011,18775700.0,0.001,0.000187757,0.187757,11.0,112.843271299
2016-12-29,3.0,49410.0,0.003,18436800.0,0.001,0.000184368,0.184368,3.0,1.844048736
2016-12-30,5.0,26185.0,0.005,20909700.0,0.001,0.000209097,0.209097,5.0,0.001045485
2016-12-31,2.0,48047.0,0.001,22922100.0,0.001,0.000229221,0.229221,1.0,0.000229221
2017-01-01,4.0,35423.0,0.003,25086600.0,0.001,0.000250866,0.250866,3.0,0.024584868
2017-01-02,3.0,37158.0,0.002,22142900.0,0.001,2.7941904081,0.221429,2.0,5.5883808162
2017-01-03,2.0,28997.0,0.001,23266900.0,0.001,0.000232669,0.232669,1.0,0.000232669
2017-01-04,2.0,75184.0,0.001,23989100.0,0.001,0.000239891,0.239891,1.0,0.000239891
2017-01-05,4.0,28182.0,0.003,24155800.0,0.001,0.289628042,0.241558,3.0,5.9823529606
2017-01-06,3.0,62838.0,0.003,23364700.0,0.001,0.000233647,0.233647,3.0,0.000700941
2017-01-07,2.0,42203.0,0.001,21261200.0,0.001,0.000212612,0.212612,1.0,0.000212612
2017-01-08,6.0,18438.0,0.011,21758400.0,0.001,0.000217584,0.217584,11.0,0.002393424
2017-01-09,2.0,29743.0,0.002,21377000.0,0.001,0.00021377,0.21377,2.0,0.00042754
2017-01-10,2.0,14961.0,0.002,21833300.0,0.001,0.000218333,0.218333,2.0,0.000436666
2017-01-11,6.0,29956.0,0.005,22488800.0,0.001,0.404348624,0.224888,5.0,8.54313026621
2017-01-12,5.0,13289.0,0.004,20115900.0,0.001,0.000201159,0.201159,4.0,153.761133061
2017-01-13,2.0,14030.0,0.001,20528200.0,0.001,0.000205282,0.205282,1.0,0.000205282
2017-01-14,5.0,33042.0,0.005,21879500.0,0.001,0.000218795,0.218795,5.0,0.0035225995
2017-01-15,2.0,42740.0,0.001,23227700.0,0.001,0.000232277,0.232277,1.0,0.000232277
2017-01-16,2.0,57903.0,0.001,23727800.0,0.001,0.000237278,0.237278,1.0,0.000237278
2017-01-17,7.0,36356.0,0.006,23677500.0,0.001,0.000236775,0.236775,6.0,12.312536775
2017-01-18,2.0,34180.0,0.002,24512700.0,0.001,0.000245127,0.245127,2.0,0.000490254
2017-01-19,3.0,33177.0,0.002,25264400.0,0.001,0.000252644,0.252644,2.0,0.000505288
2017-01-20,,7215.0,,23529800.0,,,0.235298,,
2017-01-21,,23460.0,,23477900.0,,,0.234779,,
2017-01-22,,21406.0,,24158300.0,,,0.241583,,
2017-01-23,,37598.0,,24980800.0,,,0.249808,,
2017-01-24,5.0,22123.0,0.004,24170800.0,0.001,0.538283716,0.241708,4.0,2.2292283348
2017-01-25,3.0,22286.0,0.002,23371400.0,0.001,0.000233714,0.233714,2.0,0.000467428
2017-01-26,2.0,40554.0,0.001,23465600.0,0.001,0.000234656,0.234656,1.0,0.000234656
2017-01-27,7.0,36451.0,0.006,23628600.0,0.001,0.118261143,0.236286,6.0,2.127046572
2017-01-28,15.0,18724.0,0.017,23654300.0,0.001,0.265745837112,0.236543,17.0,338.338707413
2017-01-29,13.0,53622.0,0.013,24477100.0,0.001,24.476855229,0.244771,13.0,1807.77993881
2017-01-30,10.0,35015.0,0.011,23908900.0,0.001,48.056410822,0.239089,11.0,1410.68317578
2017-01-31,22.0,33927.0,0.031,23227000.0,0.001,7.28437510251,0.23227,31.0,3099.96590256
2017-02-01,5.0,24365.0,0.003,22586800.0,0.001,48.6912451054,0.225868,3.0,274.556986425
2017-02-02,30.0,32076.0,0.037,23083700.0,0.001,27.446057626,0.230837,37.0,9382.22949898
2017-02-03,21.0,115689.0,0.295,21193400.0,0.001,2.11934e-09,0.211934,295.0,5327.40720951
2017-02-04,28.0,58343.0,0.496,22947100.0,0.001,2.29471e-09,0.229471,496.0,122488.808927
2017-02-05,33.0,49044.0,0.55,22132600.0,0.001,2.21326e-09,0.221326,550.0,8294.87379637
2017-02-06,84.0,99127.0,0.549,22474400.0,0.001,2.24744e-09,0.224744,549.0,60323.506023
2017-02-07,492.0,41996.0,1.444,26497500.0,0.001,1.9871800125,0.264975,1444.0,18808.5616597
2017-02-08,544.0,25869.0,2.086,25604200.0,0.001,1.279953958,0.256042,2086.0,26029.7605238
2017-02-09,539.0,42759.0,2.705,26496100.0,0.001,1.589766,0.264961,2705.0,65528.6368389
2017-02-10,692.0,29023.0,2.664,24845700.0,0.001,2.733027,0.248457,2664.0,48377.9356934
2017-02-11,616.0,48287.0,2.553,23677200.0,0.001,2.841027228,0.236772,2553.0,58334.1683724
2017-02-12,584.0,32411.0,2.685,24238500.0,0.001,2.423607615,0.242385,2680.0,52770.4053204
2017-02-13,605.0,16161.0,2.518,24996300.0,0.001,5.248973037,0.249963,2517.0,878908.740122
2017-02-14,616.0,155975.0,2.332,24728000.0,0.001,7.04735636,0.24728,2324.0,120552.003785
2017-02-15,610.0,75001.0,2.903,24286700.0,0.001,3.885872,0.242867,2902.0,95522.8878139
2017-02-16,603.0,60036.0,3.57,24486300.0,0.001,3.672700137,0.244863,3569.0,48629.3154248
2017-02-17,587.0,50195.0,3.5765,24964000.0,0.001,3.49496,0.24964,3575.0,72001.1011629
2017-02-18,793.0,50274.0,3.15,25302000.0,0.001,2.02390698,0.25302,3145.0,97616.1840517
2017-02-19,815.0,90623.0,3.235,24500100.0,0.001,0.0245001,0.245001,3235.0,50181.3238214
2017-02-20,1075.0,59416.0,5.037,24111200.0,0.001,0.0241112,0.241112,5032.0,53120.5142166
2017-02-21,1270.0,91137.0,5.564,24612300.0,0.001,0.0246123,0.246123,5560.0,104443.251978
2017-02-22,1005.0,45672.0,4.951,21918500.0,0.001,0.0219185,0.219185,4949.0,42001.0861203
2017-02-23,959.0,57350.0,3.982,22570200.0,0.001,0.225476298,0.225702,3982.0,117830.868448
2017-02-24,828.0,63823.0,3.317,21920500.0,0.001,0.0210264570632,0.219205,3315.0,49206.2232326
2017-02-25,787.0,78333.0,2.888,22064100.0,0.001,0.220641,0.220641,2877.0,54589.447363
2017-02-26,780.0,57827.0,3.007,21494400.0,0.001,1.289664,0.214944,3006.0,275441.776963
2017-02-27,726.0,56478.0,3.458,21550500.0,0.001,1.077525,0.215505,3457.0,32044.7576365
2017-02-28,777.0,180411.0,4.828,22230800.0,0.001,0.666924,0.222308,3727.0,128088.017255
2017-03-01,746.0,76347.0,3.425,19577300.0,0.001,0.978669227,0.195773,3424.0,102440.487112
2017-03-02,924.0,121697.0,5.375,19598000.0,0.001,1.17588,0.19598,4373.0,130691.327223
2017-03-03,818.0,54215.0,3.9365,18889400.0,0.001,0.94447,0.188894,3935.0,390524.672244
2017-03-04,795.0,35096.0,3.199,20255900.0,0.001,0.404915441,0.202559,3199.0,37591.919073
2017-03-05,740.0,104482.0,3.256,19563400.0,0.001,0.586706366,0.195634,3255.0,62619.7818468
2017-03-06,801.0,316545.0,3.541,22740000.0,0.001,0.6819726,0.2274,3541.0,51575.6280085
2017-03-07,742.0,249683.0,5.845,23899700.0,0.001,2.628967,0.238997,5844.0,82140.2349999
2017-03-08,733.0,199352.0,3.918,21401800.0,0.001,1.283893982,0.214018,3917.0,49041.5235224
2017-03-09,779.0,239611.0,4.542,19562900.0,0.001,2.738806,0.195629,4542.0,57889.9582229
2017-03-10,833.0,189922.0,5.832,20577300.0,0.001,3.086389227,0.205773,5830.0,118099.494005
2017-03-11,872.0,169005.0,6.111,19919000.0,0.001,1.59332081,0.19919,6110.0,73566.5014868
2017-03-12,3838.0,1056330.0,13.459,21886800.0,0.001,0.0184741258798,0.218868,13442.0,169170.928732
2017-03-13,820.0,691705.0,4.42,25762900.0,0.001,1.803145371,0.257629,4419.0,117851.664632
2017-03-14,869.0,209764.0,4.27901,27148700.0,0.001,1.900409,0.271487,4279.0,220419.453461
2017-03-15,781.0,399122.0,5.445,25536000.0,0.001,5.1072,0.25536,5433.0,307594.306293
2017-03-16,759.0,236331.0,4.798,30128100.0,0.001,3.916351719,0.301281,4793.0,147419.109663
2017-03-17,752.0,212021.0,3.896,31049200.0,0.001,3.10492,0.310492,3895.0,180914.366901
2017-03-18,1029.0,230859.0,6.22,26775400.0,0.001,2.945026246,0.267754,6219.0,127609.906538
2017-03-19,833.0,184119.0,6.0905,26392300.0,0.001,2.6656223,0.263923,6088.0,206918.818669
2017-03-20,807.0,157842.0,6.4915,28364200.0,0.001,2.552778,0.283642,6491.0,462201.559744
2017-03-21,764.0,169660.0,5.3815,28369300.0,0.001,2.552953307,0.283693,5381.0,161730.560337
2017-03-22,715.0,161794.0,6.008,29040100.0,0.001,4.065323599,0.290401,6006.0,158637.471412
2017-03-23,962.0,144537.0,5.961,27533600.0,0.001,1.652016,0.275336,5948.0,158008.61092
2017-03-24,902.0,263578.0,4.951,27268900.0,0.001,1.908550311,0.272689,4948.0,256743.514524
2017-03-25,1076.0,270956.0,6.759,28087600.0,0.001,1.404099124,0.280876,6756.0,238647.139652
2017-03-26,1019.0,230424.0,5.9345,29638800.0,0.001,1.481643612,0.296388,5933.0,372062.790976
2017-03-27,1147.0,288109.0,4.599,32249800.0,0.001,0.322175502,0.322498,4596.0,300753.186227
2017-03-28,994.0,229631.0,4.019,35840300.0,0.001,3.225627,0.358403,4015.0,320781.902997
2017-03-29,896.0,297157.0,3.771,37404200.0,0.001,7.106798,0.374042,3770.0,383804.441778
2017-03-30,997.0,346511.0,4.95437238,40277900.0,0.001,7.652398221,0.402779,3786.0,1196800.49124
2017-03-31,930.0,274899.0,4.109,38145600.0,0.001,3.051648,0.381456,4099.0,279805.011954
2017-04-01,875.0,312547.0,4.487,37664400.0,0.001,2.636131356,0.376644,4485.0,486824.132497
2017-04-02,879.0,351514.0,5.188,35004500.0,0.001,3.50045,0.350045,5176.0,504117.526817
2017-04-03,1425.0,279890.0,6.318,34373600.0,0.001,2.749888,0.343736,6307.0,337846.928936
2017-04-04,1335.0,204891.0,3.389,38360500.0,0.001,0.383221395,0.383605,3367.0,409763.119291
2017-04-05,1072.0,379711.0,4.716,37088600.0,0.001,3.708489114,0.370886,4664.0,375035.261704
2017-04-06,958.0,260516.0,2.988,41780700.0,0.001,0.417807,0.417807,2986.0,293417.362082
2017-04-07,808.0,305879.0,3.487,39945700.0,0.001,2.396342543,0.399457,3484.0,375369.649442
2017-04-08,805.0,142979.0,4.183,38509800.0,0.001,4.620790902,0.385098,4182.0,386934.77873
2017-04-09,793.0,190894.0,2.7045,38094800.0,0.001,3.80948,0.380948,2702.0,359379.9377
2017-04-10,801.0,259204.0,3.269,39278400.0,0.001,3.534663216,0.392784,2261.0,151151.751641
2017-04-11,851.0,266946.0,2.625,41460400.0,0.001,5.804456,0.414604,2624.0,246144.644301
2017-04-12,882.0,373385.0,3.706,44729600.0,0.001,4.025664,0.447296,3700.0,706161.191375
2017-04-13,866.0,200220.0,3.492,41905100.0,0.001,1.2569434745,0.419051,3492.0,374944.195874
2017-04-14,949.0,131218.0,4.492,43739900.0,0.001,1.311759601,0.437399,4485.0,330467.415458
2017-04-15,889.0,211117.0,5.782,42927900.0,0.001,3.863511,0.429279,5776.0,353640.926684
2017-04-16,926.0,96846.0,4.573,42607600.0,0.001,0.852152,0.426076,4566.0,142724.07402
2017-04-17,1042.0,313608.0,4.327,43298900.0,0.001,0.0230336898537,0.432989,4327.0,621306.58274
2017-04-18,957.0,257694.0,5.102,44513600.0,0.001,0.0213730804019,0.445136,5101.0,566161.101018
2017-04-19,992.0,379471.0,4.926,43130600.0,0.001,0.0200167346245,0.431306,4924.0,235951.924381
2017-04-20,1071.0,302686.0,5.3705,45792400.0,0.001,0.915848,0.457924,5358.0,571061.093296
2017-04-21,1006.0,180213.0,7.433,46138700.0,0.001,4.152021613,0.461387,7432.0,300491.090162
2017-04-22,1012.0,195745.0,6.2,46081200.0,0.001,5.068471188,0.460812,6197.0,383841.054805
2017-04-23,1147.0,479973.0,5.1645,47314100.0,0.001,4.258269,0.473141,5161.0,479459.723792
2017-04-24,1263.0,681177.0,4.1405,56352200.0,0.001,5.634656478,0.563522,4132.0,1659356.10178
2017-04-25,1251.0,484929.0,4.354,56225200.0,0.001,2.249008,0.562252,4352.0,603329.379774
2017-04-26,1156.0,407189.0,6.137,54962500.0,0.001,2.747575375,0.549625,5738.0,413789.528337
2017-04-27,3848.0,350409.0,8.036,55810900.0,0.001,0.015903500131,0.558109,7934.0,472457.677333
2017-04-28,1192.0,377319.0,5.533,55961400.0,0.001,2.8260507,0.559614,5529.0,538355.557366
2017-04-29,1420.0,334335.0,6.077,60207900.0,0.001,1.204158,0.602079,6073.0,456627.870679
2017-04-30,1608.0,265313.0,5.982,58429100.0,0.001,0.584291,0.584291,5980.0,467666.234691
2017-05-01,1206.0,363535.0,6.355,59976400.0,0.001,0.599164236,0.599764,6355.0,414831.051891
2017-05-02,1633.0,319906.0,5.648,59731400.0,0.001,4.43356139396,0.597314,5648.0,516919.269261
2017-05-03,1341.0,443313.0,3.298,62271700.0,0.001,3.736302,0.622717,3298.0,1278178.53174
2017-05-04,1576.0,450198.0,3.3845,66992100.0,0.001,0.00567187274808,0.669921,3381.0,842942.315077
2017-05-05,1444.0,500678.0,3.8040002,71819700.0,0.001,0.00586245537978,0.718197,2809.0,1638117.72328
2017-05-06,1656.0,526869.0,3.89850041,73337900.0,0.001,0.00553858821485,0.733379,3931.0,630460.400759
2017-05-07,1207.0,689834.0,3.54100094,76730100.0,0.001,0.00398741008767,0.767301,3631.0,510254.03956
2017-05-08,1417.0,620587.0,3.29100048,80095600.0,0.001,0.00528876052536,0.800956,3329.0,1162015.28197
2017-05-09,1315.0,845264.0,4.39600059,83062700.0,0.001,0.00452154299331,0.830627,4453.0,603134.033894
2017-05-10,1870.0,2897830.0,5.9185,91455146.8233,0.001,0.00661371585884,0.910802,5827.0,4301831.81831
2017-05-11,1310.0,1606360.0,3.95250061,121358966.667,0.001,0.0093108532,1.21,2988.0,1231830.16244
2017-05-12,1665.0,1006640.0,4.86100063,121808756.757,0.001,0.0085258663,1.22,4922.0,917065.917827
2017-05-13,899.0,1559600.0,6.45100065,111105403.361,0.001,0.00603487575,1.11,6516.0,1137673.9197
2017-05-14,1417.0,2176080.0,6.96006765,119124211.679,0.001,0.0066431869,1.19,7091.0,2730871.78606
2017-05-15,1314.0,1664930.0,7.033134,137070457.143,0.001,0.00693105605,1.37,7150.0,1888799.30356
2017-05-16,1784.0,1209240.0,8.022514,141493984.127,0.001,0.0105873496,1.42,8134.0,2463734.0908
2017-05-17,1191.0,1348780.0,6.03801383,127425544.776,0.001,0.0071867268,1.27,6185.0,2222505.2269
2017-05-18,1175.0,912823.0,6.481136,128412753.623,0.001,0.0072679808,1.28,6557.0,1542837.5284
2017-05-19,1462.0,1423940.0,7.290586,139370961.783,0.001,0.0076110145,1.39,7373.0,1843747.48306
2017-05-20,934.0,1019880.0,5.037665,156901396.341,0.001,0.0088202914,1.57,5200.0,953077.888416
2017-05-21,1896.0,1498620.0,6.996664,163824881.356,0.001,0.0094813648,1.64,7157.0,1674958.84459
2017-05-22,1727.0,1696230.0,6.202084,176777566.845,0.001,0.0112009671,1.77,6077.0,2525909.5157
2017-05-23,1997.0,3640250.0,5.576144,187910754.864,0.001,0.008488388,1.88,5699.0,7011499.4847
2017-05-24,2168.0,2549760.0,6.941646,263702400.0,0.001,0.0108576864,2.64,7061.0,8382338.11935
2017-05-25,1439.0,2280980.0,4.766144,283143898.305,0.001,0.0065436958,2.83,4889.0,5614037.15321
2017-05-26,1248.0,1994070.0,3.435146,234663072.289,0.001,0.001767623,2.35,3454.0,4935135.17497
2017-05-27,1349.0,2019910.0,3.89815,248593853.333,0.001,0.00249,2.49,4032.0,4635344.29741
2017-05-28,2087.0,1273880.0,7.468652,225580939.271,0.001,0.0077015715,2.26,7606.0,2938318.52253
2017-05-29,1339.0,1475750.0,3.300154,247927820.896,0.001,0.0016847756,2.48,3452.0,3351845.45366
2017-05-30,1806.0,2066020.0,6.145257,270453781.513,0.001,0.0097903485,2.7,6266.0,4299855.75144
2017-05-31,1786.0,2233740.0,7.29216,243182867.797,0.001,0.00523452375,2.43,5934.0,2979669.20544
2017-06-01,1553.0,3224130.0,3.957697,294336732.558,0.001,0.0023119572,2.94,4008.0,5364987.2452
2017-06-02,2445.0,4988350.0,5.514163,339708035.32,0.001,0.0106896,3.4,5366.0,8807289.53922
2017-06-03,2543.0,10124100.0,7.368654,468784928.709,0.001,0.0469,4.69,5913.0,15780366.0926
2017-06-04,3037.0,4447070.0,8.414402,515619992.523,0.001,0.01713894,5.16,8515.0,6665953.39969
2017-06-05,2398.0,3095220.0,6.75218,533297686.17,0.001,0.0155196808,5.33,6903.0,3302359.52303
2017-06-06,2029.0,4467540.0,6.124685,568967987.296,0.001,0.003618271,5.69,5303.0,6860801.78512
2017-06-07,2326.0,2448950.0,5.756605,547517510.436,0.001,0.0032287886,5.48,5732.0,4216991.31977
2017-06-08,1846.0,2984740.0,4.88321842,529070896.907,0.001,0.0020660095,5.29,5099.0,2324396.25675
2017-06-09,2461.0,3963370.0,4.576234,582220315.457,0.001,0.0056071044,5.82,4801.0,4906496.89562
2017-06-10,1838.0,5124700.0,3.861741,634333340.206,0.001,0.004661168,6.34,4023.0,4780153.95307
2017-06-11,2834.0,2939820.0,5.846232,567081640.823,0.001,0.0051388911,5.67,6055.0,4261039.9348
2017-06-12,2316.0,2913670.0,4.801735,631527402.985,0.001,0.0048824256,6.31,4804.0,23421957.4176
2017-06-13,2126.0,2666350.0,4.514932,533144103.986,0.001,0.0034506953,5.33,4725.0,4228274.46474
2017-06-14,2148.0,2377380.0,6.118231,581788467.583,0.001,0.0035366394,5.82,4329.0,3533812.0386
2017-06-15,1527.0,3132730.0,3.0526306,508520884.47,0.001,0.0017615472,5.09,3057.0,5580847.27679
2017-06-16,2125.0,1920540.0,4.378266,528446139.535,0.001,0.0029011224,5.28,4638.0,3121518.74905
2017-06-17,1519.0,2057140.0,3.999285,515556718.147,0.001,0.002018334,5.16,4255.0,3117684.44151
2017-06-18,2420.0,1459430.0,4.853629,516599040.08,0.001,0.0032988736,5.17,4955.0,2109338.32697
2017-06-19,1941.0,3298260.0,4.331744,501881079.612,0.001,0.0029606454,5.02,4558.0,14472916.8163
2017-06-20,1852.0,3440970.0,4.042758,515211282.051,0.001,0.0033418865,5.15,4279.0,4893226.71836
2017-06-21,2269.0,2505130.0,4.98926201,505990687.117,0.001,0.0040342115,5.06,5238.0,3717437.1664
2017-06-22,1810.0,2058720.0,5.95475982,491011975.61,0.001,49.1,4.91,6273.0,6770791.569
2017-06-23,2013.0,2166710.0,3.29899711,490730468.33,0.001,0.2717090399,4.91,3511.0,2239836.37273
2017-06-24,1331.0,2400890.0,2.091762,520938895.062,0.001,0.2605,5.21,2317.0,3151623.3702
2017-06-25,1612.0,3048820.0,3.48527,488512294.372,0.001,0.0036820088,4.88,3140.0,2608478.886
2017-06-26,2518.0,6562970.0,315.740772,463426966.057,0.001,0.006403664,4.64,5373.0,9869733.03104
2017-06-27,1683.0,2439380.0,3.690775,394850839.161,0.001,0.002651082,3.95,3856.0,2883787.15067
2017-06-28,2370.0,2772690.0,5.213276,431215500.0,0.001,0.0026832336,4.31,5487.0,5408609.0927
2017-06-29,3282.0,1639660.0,5.66364587,423520695.652,0.001,0.0032357772,4.24,5860.0,1572471.43861
2017-06-30,1902.0,2036280.0,24.491287,394915910.364,0.001,0.0395,3.95,3028.0,3053638.29176
2017-07-01,2264.0,2615170.0,90.416802,356791589.189,0.001,0.01071,3.57,3586.0,1205463.03846
2017-07-02,2538.0,2239090.0,27.375821,370354668.508,0.001,0.0088184875,3.7,4032.0,4599655.42494
2017-07-03,3449.0,2625710.0,29.810929,360927041.995,0.001,0.0361,3.61,5176.0,2841525.09398
2017-07-04,2587.0,5214290.0,27.384331,378874543.981,0.001,0.0036128554,3.79,5094.0,6167412.99464
2017-07-05,3527.0,5733020.0,23.768835,431859789.474,0.001,0.0026865648,4.32,8545.0,6124540.74401
2017-07-06,2816.0,2939230.0,19.1048339,458178345.622,0.001,0.0028728508,4.58,5750.0,1351064.55539
2017-07-07,3006.0,2631630.0,20.422832,433179172.414,0.001,0.0035851534,4.33,5985.0,1600978.23147
2017-07-08,1840.0,1412280.0,8.487835,378774335.878,0.001,0.0029857241,3.79,3175.0,956093.762436
2017-07-09,2333.0,1225380.0,9.534344,391990592.0,0.001,0.0085654744,3.92,3831.0,946082.376378
2017-07-10,2617.0,2638830.0,10.487192,373921751.773,0.001,3.74,3.74,4224.0,6510960.45254
2017-07-11,1598.0,3152450.0,7.07216141,279005386.1,0.001,1.2254399541,2.79,2367.0,3661160.95108
2017-07-12,1933.0,1930340.0,6.924238,259126527.869,0.001,0.0023104354,2.59,3493.0,1422717.56963
2017-07-13,2471.0,1734160.0,5.24536879,304976862.069,0.001,0.00305,3.05,4585.0,788275.348118
2017-07-14,2001.0,2439500.0,6.060372,288909613.169,0.001,0.0012012863,2.89,4633.0,1374891.45662
2017-07-15,1736.0,2860750.0,7.349627,243288264.706,0.001,0.00130934475,2.43,4958.0,2823523.3706
2017-07-16,4294.0,1677160.0,11.424399,201262218.274,0.001,0.00115272495,2.01,9840.0,1080387.46859
2017-07-17,2795.0,1909110.0,11.007288,196867103.175,0.001,0.0009496779,1.97,7715.0,766973.095336
2017-07-18,1582.0,2325000.0,6.801318,252375773.852,0.001,0.002129463,2.52,3134.0,754612.047046
2017-07-19,2719.0,2096680.0,7.95341614,282473662.879,0.001,0.0017686934,2.83,5587.0,979244.673851
2017-07-20,3086.0,2164540.0,7.585868,260926920.0,0.001,0.0104216256,2.61,5513.0,848454.817788
2017-07-21,1618.0,2167520.0,5.114366,326160987.654,0.001,0.0015713526,3.26,3393.0,1331488.55521
2017-07-22,1313.0,3246480.0,5.687866,324281630.769,0.001,0.0012555486,3.24,3062.0,2017717.42039
2017-07-23,3008.0,2608730.0,7.83699094,389752109.589,0.001,0.0016261245,3.9,5842.0,967549.740654
2017-07-24,1792.0,1813130.0,4.93287801,364905639.205,0.001,0.002651141,3.65,3918.0,1078805.23135
2017-07-25,1463.0,2462600.0,4.208881,352505621.993,0.001,0.0026953344,3.52,2887.0,1813713.76477
2017-07-26,2058.0,3013790.0,6.187881,291850802.92,0.001,0.002345782,2.92,4179.0,2302176.24135
2017-07-27,3767.0,1889170.0,7.91289261,274041847.273,0.001,0.0020146124,2.74,7071.0,969810.854375
2017-07-28,2741.0,3030820.0,11.69039205,276119600.0,0.001,0.00175122,2.76,6637.0,1871075.98233
2017-07-29,1177.0,2116910.0,5.750887,297797526.132,0.001,3.278,2.98,1754.0,1314147.87
2017-07-30,2871.0,1530680.0,5.40375576,286798466.912,0.001,0.0051824451,2.87,3841.0,1156542.61635
2017-07-31,9595.0,2651760.0,4.92941531,273773309.353,1e-08,3.21128e-05,2.74,11297.0,1397328.48488
2017-08-01,14369.0,3257400.0,6.91340397,277326694.352,1e-08,5.081565e-05,2.77,17996.0,1394409.80951
2017-08-02,2898.0,3739710.0,9.36534404,301925145.299,0.001,0.0018967714,3.02,6724.0,2078339.57992
2017-08-03,5690.0,4766700.0,9.9753836,354377046.875,0.001,0.0029993358,3.54,8827.0,2565826.39132
2017-08-04,1712.0,4324800.0,3.17939427,387442888.283,0.001,0.719236791,3.87,2401.0,1754546.25494
2017-08-05,1447.0,4831480.0,4.83059653,366966018.519,0.001,13.78452,3.67,2135.0,1624813.25173
2017-08-06,3313.0,7075590.0,5.48040004,431684913.628,0.001,0.09194256,4.32,4382.0,2065072.30935
2017-08-07,5459.0,7792050.0,7.39291779,517552719.858,0.001,0.0162754046,5.18,7522.0,3863570.13165
2017-08-08,2513.0,6867910.0,8.84541108,564093826.248,0.001,0.564,5.64,4259.0,4506833.59471
2017-08-09,2245.0,4960110.0,6.14073404,537768261.86,0.001,0.0538,5.38,3693.0,3060990.09453
2017-08-10,5700.0,7501860.0,9.25766436,523727707.143,0.001,0.0035546588,5.24,9137.0,3303944.62788
2017-08-11,4489.0,7567900.0,11.69895013,559706859.206,0.001,0.004918032,5.6,7335.0,3831175.33336
2017-08-12,2125.0,6782250.0,5.48445631,558201100.99,0.001,4.1678321256,5.58,2971.0,2949144.21249
2017-08-13,3220.0,5823330.0,4.50541447,504837640.919,1e-06,0.01515,5.05,4525.0,2731722.63976
2017-08-14,4477.0,5089710.0,6.77885052,483499372.881,1e-06,0.0033469002,4.83,7844.0,2588402.72679
2017-08-15,2783.0,5107560.0,3.95244062,473055298.539,1e-06,0.004172806,4.73,4929.0,2954271.3782
2017-08-16,2720.0,2607640.0,2.96475285,480423354.037,1e-08,0.003426792,4.8,4442.0,1350283.63015
2017-08-17,7851.0,2609230.0,3.45257946,480727993.45,1e-08,0.00424037575,4.81,11318.0,2673999.96365
2017-08-18,6697.0,2588840.0,5.27654543,456977681.395,0.001,0.05027,4.57,9313.0,2001428.16813
2017-08-19,2007.0,3801000.0,9.73802826,429839841.986,1e-08,0.00303107,4.3,4383.0,819919.962553
2017-08-20,4929.0,4519570.0,7.16978678,443422946.502,1e-06,0.0084031784,4.43,8614.0,890927.320869
2017-08-21,4118.0,4064960.0,5.84177869,485072915.718,1e-08,0.0028252705,4.85,7557.0,1780125.08435
2017-08-22,3229.0,3358640.0,1.63229064,437995089.686,1e-08,0.0024063282,4.38,6329.0,1981407.53921
2017-08-23,5153.0,2989630.0,4.31332291,448842850.0,1e-08,0.0022778219,4.49,10749.0,1229014.25044
2017-08-24,5605.0,3537820.0,4.57979547,463115288.845,1e-08,0.0040324059,4.63,6885.0,1737708.90736
2017-08-25,2322.0,9306450.0,7.89850893,502033339.658,0.001,0.1504593396,5.02,3138.0,3555991.76778
2017-08-26,4332.0,9123230.0,1.92032271,527836240.602,1e-08,0.0029992776,5.28,9130.0,3303039.98425
2017-08-27,7975.0,7212980.0,1.95238486,533559934.99,1e-08,0.0028939596,5.34,15853.0,1716873.39961
2017-08-28,6696.0,7208780.0,3.62332571,522136950.57,1e-08,0.0030544569,5.22,11026.0,3134311.6267
2017-08-29,1395.0,7581710.0,1.484261,527098631.193,0.001,0.0509920984,5.27,1724.0,898409.86843
2017-08-30,1490.0,6659820.0,1.58034658,544164788.321,0.001,0.01632,5.44,1811.0,354741.066826
2017-08-31,5688.0,9471090.0,2.44631686,547260607.744,1e-08,0.0064503334,5.47,7753.0,2551960.15163
2017-09-01,4274.0,9556080.0,2.0048269,594824817.073,1e-08,0.0034893775,5.95,8493.0,3318445.60314
2017-09-02,4165.0,6608910.0,1.75818294,578474114.723,1e-08,0.0032905829,5.78,8896.0,1949646.83538
2017-09-03,24614.0,5174780.0,3.00004672,526630086.538,1e-08,1.05927e-05,5.27,30240.0,1618507.48124
2017-09-04,8913.0,8324540.0,4.04464307,520003347.639,1e-08,0.001374568,5.2,11844.0,1783554.82069
2017-09-05,2982.0,6194560.0,1.72925543,467942674.699,1e-08,0.00290979,4.68,5564.0,2385378.71675
2017-09-06,3847.0,6069650.0,1.61284174,498780478.682,1e-08,0.0027436018,4.99,7635.0,2382563.76538
2017-09-07,9302.0,6353830.0,3.92656247,510375843.373,1e-08,0.00311049,5.1,15288.0,1896914.0683
2017-09-08,6114.0,5899500.0,1.83890579,499380348.889,1e-08,0.0025603191,4.99,12686.0,1899645.71009
2017-09-09,5387.0,5406880.0,1.59292968,450519674.888,1e-08,0.002308218,4.51,14556.0,2038912.23772
2017-09-10,5293.0,5469690.0,5.9993294,444790113.379,0.001,0.0022339445,4.45,7733.0,1449960.64255
2017-09-11,2669.0,4908140.0,2.25134801,443525379.31,1e-08,0.000195249,4.44,6546.0,1370566.77938
2017-09-12,2131.0,5306860.0,101.1203487,434729863.014,1e-08,0.000164865,4.35,6364.0,1406760.81341
2017-09-13,2441.0,4928930.0,2.88235362,435601529.114,1e-08,0.0001520768,4.36,7335.0,1573107.58206
2017-09-14,4853.0,4470510.0,1.71438955,394888786.408,1e-08,0.0003062435,3.95,9992.0,1904193.30624
2017-09-15,1897.0,6270110.0,1.55586098,312234412.698,1e-08,8.658e-05,3.12,6550.0,956094.713927
2017-09-16,2175.0,4499490.0,1.39537111,376561837.766,1e-08,0.00014829295,3.77,7020.0,1720687.63649
2017-09-17,5530.0,3406720.0,5.16540925,377464000.0,1e-08,0.00091575185,3.77,14694.0,1093851.70076
2017-09-18,4231.0,4080300.0,5.95387647,364155161.29,1e-08,0.0009969232,3.64,11695.0,1935090.35727
2017-09-19,4800.0,3403370.0,7.93390115,435537798.077,1e-06,0.0014290772,4.36,15844.0,1819789.28585
2017-09-20,4714.0,3910370.0,7.89940577,414392638.821,1e-06,0.0009192456,4.14,16396.0,636349.94052
2017-09-21,8132.0,2914710.0,7.19318629,405425027.473,1e-08,0.00147012975,4.05,18640.0,1333072.26624
2017-09-22,5124.0,2723740.0,5.01741917,364561419.098,1e-08,0.0016371345,3.65,14445.0,690168.195991
2017-09-23,4414.0,4950050.0,1.55742194,375780272.04,1e-08,0.0019275452,3.76,11276.0,432596.600499
2017-09-24,6612.0,5012110.0,3.78790668,396756000.0,1e-08,0.0020485994,3.97,11981.0,660859.290824
2017-09-25,3072.0,5218940.0,4.64033177,396812293.144,0.001,0.0003700834,3.97,5376.0,1256086.39787
2017-09-26,4014.0,7713420.0,6.9898597,422973507.307,0.001,0.0003296016,4.23,10114.0,1644753.88531
2017-09-27,4352.0,11447500.0,6.45941955,476754580.271,1e-08,0.0009423612,4.77,15522.0,1823027.98866
2017-09-28,6745.0,8795790.0,6.48191176,516651728.033,1e-08,0.0003030137,5.17,14851.0,2648093.44057
2017-09-29,2907.0,8515820.0,6.56203448,476946784.99,0.001,0.00019382895,4.77,10006.0,1127540.31252
2017-09-30,2450.0,7480680.0,5.90584728,492668398.81,0.001,0.00017750465,4.93,8444.0,1200729.19833
2017-10-01,4424.0,8233020.0,6.56634543,503473649.899,0.001,0.000371717,5.03,8635.0,1326129.95055
2017-10-02,2980.0,7422400.0,3.50540587,497046113.402,0.001,0.0002697219,4.97,6247.0,1054492.12838
2017-10-03,2024.0,6975040.0,4.91735443,487215186.047,0.001,0.0001681124,4.87,5181.0,1199083.72692
2017-10-04,2561.0,8679860.0,7.07477001,474350431.772,0.001,4.977e-05,4.74,8225.0,2736095.19182
2017-10-05,6119.0,6804000.0,2.06818236,491823790.744,1e-08,0.0004150512,4.92,10007.0,1498694.22707
2017-10-06,3173.0,6574960.0,5.72424885,497198000.0,0.001,0.0001074017,4.97,10594.0,1470782.73955
2017-10-07,2724.0,6760300.0,6.70737506,496228239.044,0.001,5.68168e-05,4.96,10636.0,1805514.53555
2017-10-08,7592.0,7717430.0,15.44258234,501128635.135,0.001,0.00015303045,5.01,20742.0,2263405.11188
2017-10-09,4268.0,6698160.0,10.22939726,444099980.63,0.001,5.87856e-05,4.44,16673.0,2234036.84574
2017-10-10,3245.0,5675270.0,9.95489193,410881288.835,0.001,4.03602e-05,4.11,15386.0,1472843.2736
2017-10-11,3268.0,7296340.0,9.6058153,410605715.311,0.001,2.644785e-05,4.11,12016.0,2902436.38598
2017-10-12,5565.0,6289170.0,9.82164913,417516298.103,0.001,5.73914e-05,4.18,14920.0,2376751.19644
2017-10-13,3957.0,6777070.0,10.6445845,369350410.579,0.001,3.10698e-05,3.69,15181.0,2147414.36533
2017-10-14,2337.0,5190930.0,9.23130729,398215915.0,0.001,2.8059e-05,3.98,12435.0,1365962.37316
2017-10-15,5370.0,4384340.0,11.37690872,401128742.105,0.001,5.872645e-05,4.01,16606.0,805924.07154
2017-10-16,3327.0,4972740.0,10.20728522,379793930.348,0.001,2.3598e-05,3.8,13179.0,978516.77985
2017-10-17,3138.0,4954490.0,10.70039664,404256622.449,0.001,3.02192e-05,4.04,14409.0,2421495.7385
2017-10-18,30765.0,7283440.0,36.01441547,393378408.416,0.001,5.6199e-06,3.93,40422.0,767151.513642
2017-10-19,6453.0,8840030.0,10.26445359,404252370.18,0.001,6.2014e-05,4.04,18589.0,3413107.09329
2017-10-20,3532.0,10830100.0,9.76542586,389356051.913,0.001,3.63715e-05,3.89,15023.0,1547460.24015
2017-10-21,2555.0,10666600.0,12.74751042,364131162.011,0.001,2.75184e-05,3.64,13461.0,779837.874344
2017-10-22,14554.0,8491900.0,22.29593102,358151000.0,0.001,1.42484e-05,3.58,27765.0,594168.268504
2017-10-23,14145.0,8621370.0,18.73961863,358136566.757,0.001,8.234e-06,3.58,22967.0,1019128.48479
2017-10-24,2938.0,8703160.0,9.95041808,366931675.532,0.001,3.11583e-05,3.67,13633.0,2632700.70552
2017-10-25,3506.0,8533500.0,8.36594008,375992886.486,0.001,3.76e-05,3.76,13527.0,964391.619352
2017-10-26,6034.0,8321870.0,9.70796808,372225049.724,0.001,5.65812e-05,3.72,17301.0,693863.129893
2017-10-27,3095.0,6714780.0,8.3904414,362325186.441,0.001,3.30506e-05,3.62,12729.0,1008677.25022
2017-10-28,1822.0,8103840.0,1.57143317,353887456.647,1e-08,0.0001799559,3.54,4294.0,841492.677411
2017-10-29,5456.0,9046840.0,11.01946144,345573853.107,0.001,6.228e-05,3.46,16171.0,575273.950358
2017-10-30,21066.0,8523780.0,26.03953669,355348879.31,0.001,1.704e-06,3.55,28721.0,2208898.2764
2017-10-31,2391.0,9895450.0,8.93994074,346673348.765,0.001,2.28673e-05,3.47,11025.0,1430198.43572
2017-11-01,3841.0,11933800.0,9.42735838,323424705.882,0.001,6.116005e-05,3.23,14482.0,3583094.7573
2017-11-02,6183.0,14949200.0,9.05999492,291673216.301,0.001,7.519e-05,2.92,16134.0,2204877.3542
2017-11-03,4018.0,14090800.0,11.41346854,321233771.739,0.001,2.9532e-05,3.21,16187.0,3832090.41525
2017-11-04,2544.0,11619500.0,9.92595799,365278287.293,0.001,2.62435e-05,3.65,13438.0,906116.232641
2017-11-05,4970.0,9798490.0,13.59197224,361407040.58,0.001,3.32842e-05,3.61,17637.0,686934.839611
2017-11-06,3672.0,12291000.0,9.96153834,346388267.045,0.001,2.88564e-05,3.46,14828.0,1465139.85141
2017-11-07,2899.0,11312200.0,10.04910231,352458840.108,0.001,3.00608e-05,3.52,14533.0,1720235.16851
2017-11-08,8931.0,20540000.0,18.1446235,368362275.556,0.001,2.10128e-05,3.68,23630.0,3484044.28518
2017-11-09,19725.0,20982300.0,28.84175972,450639934.827,0.001,1.3079e-05,4.51,36077.0,7420929.38074
2017-11-10,4163.0,14425500.0,13.29152708,491747037.736,0.001,3.99504e-05,4.92,20159.0,2431853.46196
2017-11-11,4770.0,12304600.0,13.24152699,422832648.058,0.001,4.11156e-05,4.23,19408.0,2542649.28131
2017-11-12,5633.0,12279900.0,15.14565691,409608837.838,0.001,4.1e-05,4.1,20335.0,1805592.624
2017-11-13,17642.0,12493200.0,27.82903396,368672931.818,0.001,8.487e-06,3.69,34205.0,870265.851013
2017-11-14,4944.0,19374900.0,16.66653244,440303538.767,0.001,3.8852e-05,4.4,22003.0,2946187.51913
2017-11-15,10471.0,25851400.0,20.55502912,504601000.0,0.001,2.1816e-05,5.05,26411.0,5342151.50289
2017-11-16,7691.0,24087100.0,13.60406232,506598447.479,0.001,8.88264e-05,5.07,23371.0,2452811.84357
2017-11-17,3782.0,18777000.0,12.4650305,474771443.515,0.001,3.88075e-05,4.75,18660.0,2395733.43689
2017-11-18,3807.0,26020400.0,12.30903607,476798400.0,0.001,4.04019e-05,4.77,18344.0,1599037.72628
2017-11-19,6720.0,20869400.0,14.974065,528218625.0,0.001,7.61376e-05,5.28,23336.0,3723512.53824
2017-11-20,24669.0,22272000.0,36.23705714,513303711.575,0.001,8.2593e-06,5.13,43213.0,1912405.3219
2017-11-21,3762.0,23353900.0,14.12863289,525720277.457,0.001,4.12384e-05,5.26,20182.0,1415333.32914
2017-11-22,5264.0,26343100.0,16.48707627,520391228.733,0.001,4.0404e-05,5.2,24112.0,2278913.77708
2017-11-23,7214.0,21305100.0,42.02217592,528965344.894,0.001,4.94086e-05,5.29,25315.0,2457199.81226
2017-11-24,4882.0,22424900.0,15.58007414,518840231.358,0.001,3.77313e-05,5.19,22587.0,1584893.53619
2017-11-25,3905.0,20520600.0,14.96907154,521902429.907,0.001,3.58092e-05,5.22,21219.0,1559323.55654
2017-11-26,11918.0,25667300.0,18.93508632,536464281.69,0.001,4.00928e-05,5.36,25763.0,2712302.72531
2017-11-27,15648.0,25029600.0,19.59910634,567405430.088,0.001,2.42676e-05,5.67,28500.0,3147741.19727
2017-11-28,4255.0,26201500.0,7.19658431,561935554.806,0.001,0.0001977116,5.62,13248.0,1950320.23338
2017-11-29,5725.0,30996500.0,15.09558878,590618193.424,0.001,5.54358e-05,5.91,20595.0,5603444.42264
2017-11-30,10745.0,25549500.0,57.74609114,522896043.033,0.001,4.84298e-05,5.23,29291.0,3190385.36032
2017-12-01,5669.0,26090100.0,15.95707631,484396379.31,0.001,2.9282e-05,4.84,21392.0,1580497.11746
2017-12-02,4709.0,30325700.0,13.77959589,579123191.489,0.001,4.58568e-05,5.79,20795.0,3047440.93821
2017-12-03,8680.0,33036700.0,18.61753447,608874270.968,0.001,6.09e-05,6.09,25604.0,5079117.10626
2017-12-04,7324.0,30419300.0,20.72958928,620990717.489,0.001,3.60801e-05,6.21,28345.0,3962300.13278
2017-12-05,19501.0,40875800.0,20.30543757,668640738.896,0.001,1.58553e-05,6.69,28204.0,10052533.1254
2017-12-06,12705.0,52074900.0,25.00095928,738330042.705,0.001,3.5424e-05,7.38,32479.0,5617827.55519
2017-12-07,13404.0,61751500.0,58.73644529,851579000.0,0.001,0.0001697184,8.52,28321.0,22047479.8199
2017-12-08,5112.0,45781100.0,5.26287672,870541688.095,1e-08,0.000390208,8.71,12721.0,20652940.3131
2017-12-09,4215.0,47394900.0,5.14158339,841140809.633,1e-08,0.0004458982,8.41,13265.0,5927679.74074
2017-12-10,7683.0,57336900.0,9.33319243,876140016.393,0.001,0.0005660274,8.76,18526.0,6240128.91033
2017-12-11,26372.0,74140496.0,27.20608851,973208128.342,0.001,2.30601e-05,9.73,35833.0,11074051.1924
2017-12-12,5595.0,103848000.0,7.55708677,1123317402.42,1e-08,0.000671554,11.23,15936.0,17952308.2193
2017-12-13,5212.0,75995504.0,6.47113643,1522665274.73,1e-08,0.0006858069,15.23,20085.0,8859444.61597
2017-12-14,10224.0,55002000.0,51.67834158,1355830997.07,1e-08,0.0008648568,13.56,24779.0,10317748.7764
2017-12-15,7853.0,95357504.0,9.61094683,1354627349.12,1e-08,0.00072899,13.55,25301.0,21028041.1392
2017-12-16,6714.0,69311000.0,8.40115891,1356202388.06,1e-08,0.000681051,13.56,24266.0,12751928.3499
2017-12-17,10414.0,64376200.0,12.86386939,1338594542.1,1e-08,0.0007438145,13.39,28061.0,17183018.236
2017-12-18,29852.0,102357000.0,34.10416502,1362903952.59,0.001,0.0001363,13.63,50571.0,16428237.1032
2017-12-19,8327.0,114641000.0,14.46317688,1562724581.5,1e-08,0.0006584919,15.63,32103.0,23281986.8795
2017-12-20,8782.0,81905696.0,15.58009998,1601863076.92,1e-08,0.0005816862,16.02,34548.0,12655143.3574
2017-12-21,13936.0,90875600.0,72.60516918,1528675695.57,0.001,0.0003992219,15.29,46204.0,10593845.5706
2017-12-22,7352.0,71699504.0,18.68452243,1614077348.24,0.001,0.0012441519,16.14,20776.0,10060387.0047
2017-12-23,7330.0,88401104.0,28.44339539,1267239726.7,0.001,0.0002321144,12.67,28829.0,11328715.7372
2017-12-24,9526.0,59222600.0,28.35504641,1447230514.12,0.001,0.0001928851,14.47,28987.0,12169016.83
2017-12-25,4688.0,65545300.0,5.81400632,1392726862.75,0.001,174.93294,13.93,6395.0,41242605.034
2017-12-26,5489.0,65504500.0,9.98600051,1430748063.38,0.001,0.01030455945,14.31,9964.0,13176408.6899
2017-12-27,27986.0,54343300.0,44.7205,1432284712.81,0.001,1.79e-05,14.32,44099.0,12993331.344
2017-12-28,9268.0,48273000.0,71.22650504,1357989315.5,0.001,0.0003310125,13.58,19688.0,6517386.35459
2017-12-29,3776.0,64926900.0,4.07751147,1287009435.48,0.001,59.2347576892,12.87,5172.0,11698580.7733
2017-12-30,4494.0,49173200.0,19.1255,1363976900.93,0.001,0.0003381356,13.64,11895.0,14050240.6843
2017-12-31,31017.0,50113900.0,51.12050736,1169684285.71,0.001,1.5678e-05,11.7,46177.0,5491131.65412
2018-01-01,4791.0,43302300.0,17.39350057,1263411957.04,0.001,0.0001055868,12.63,18836.0,2876890.92971
2018-01-02,5718.0,61136300.0,23.10030501,1253981213.48,0.001,0.000102828,12.54,23390.0,8469336.8795
2018-01-03,6277.0,53810900.0,29.166027,1332461431.87,0.001,0.0001214784,13.32,26371.0,10413245.6626
2018-01-04,10998.0,65343400.0,124.5993406,1305958341.31,0.001,1.306e-07,13.06,76467.0,14678719.8244
2018-01-05,3459.0,65668300.0,3.3330085,1244690298.51,0.001,37.28775,12.45,4017.0,6732910.21205
2018-01-06,4004.0,59738700.0,4.65230513,1202355178.85,0.001,25.2606627328,12.02,5420.0,7988208.82555
2018-01-07,30231.0,56240800.0,37.61930733,1286701853.28,0.001,2.00772e-05,12.87,37940.0,14749238.729
2018-01-08,6506.0,72190304.0,20.3514787,1284934005.87,0.001,6.225825e-05,12.85,21374.0,7939230.55846
2018-01-09,13587.0,62959200.0,34.36619614,1352854180.14,0.001,8.61861e-05,13.53,34844.0,13567131.4708
2018-01-10,9233.0,62348700.0,69.52985476,1304327535.32,0.001,1.304e-07,13.04,69791.0,8656955.70744
2018-01-11,9168.0,46240500.0,62.44644286,1265283473.39,0.001,0.075523789,12.65,11586.0,14366985.3777
2018-01-12,4884.0,43342800.0,8.79953819,1078076049.38,0.001,8.6697565724,10.78,6938.0,5339119.34794
2018-01-13,8058.0,42000200.0,64.814942,1134865680.47,0.01,0.01135,11.35,10787.0,7155951.4883
2018-01-14,3911.0,46611100.0,4.27545827,1185128223.62,0.001,23.68815,11.85,5431.0,8407844.02005
2018-01-15,4046.0,47209300.0,4.59726569,1101989767.87,0.001,27.5142069849,11.02,5500.0,7330916.61016
2018-01-16,3511.0,42325600.0,5.93905684,1083105847.44,0.001,29.03673537,10.83,5385.0,5344942.08296
2018-01-17,4406.0,86632304.0,7.93500001,835725122.373,0.001,0.1672,8.36,8394.0,5598074.23826
2018-01-18,10159.0,35228000.0,72.59692484,847813637.209,0.001,0.0005432712,8.48,20500.0,4656717.85887
2018-01-19,5682.0,45279300.0,19.63704761,851111463.554,0.001,4.02523e-05,8.51,19209.0,5004144.21218
2018-01-20,7098.0,51892200.0,28.93949837,888049025.0,0.001,3.26784e-05,8.88,30530.0,4988782.32266
2018-01-21,11595.0,36459600.0,97.51031435,964726952.842,0.001,4.06265e-05,9.65,42680.0,6316766.80173
2018-01-22,6611.0,30657000.0,89.54090872,838189812.048,0.001,8.38e-08,8.38,89602.0,5779539.98084
2018-01-23,6157.0,37418900.0,42.17552789,828347356.098,0.001,2.07e-06,8.28,41119.0,3369506.36965
2018-01-24,6152.0,45927300.0,51.73657402,820262474.461,0.001,8.2e-08,8.2,52302.0,4880756.34232
2018-01-25,12130.0,38346500.0,82.40534086,892450922.737,0.001,5.3966e-05,8.92,29309.0,4789750.38034
2018-01-26,3620.0,34796200.0,6.05135044,903605508.929,0.001,0.15389018,9.04,4935.0,4656999.49274
2018-01-27,3679.0,39528900.0,3.4638677,895147365.532,0.001,0.0895,8.95,4931.0,3701323.89092
2018-01-28,8621.0,34527300.0,67.65650936,916625226.087,0.01,0.0031964786,9.17,12192.0,7254777.39512
2018-01-29,5826.0,33554900.0,19.46446159,919297540.758,0.001,3.55653e-05,9.19,20660.0,3538881.54824
2018-01-30,5523.0,29051000.0,26.32975,870891268.068,0.001,2.49977e-05,8.71,25597.0,11909797.0199
2018-01-31,3933.0,27535700.0,6.995361,762889722.656,0.001,0.00763,7.63,6485.0,2208666.91199
2018-02-01,8683.0,27774000.0,64.75042588,769460884.558,0.01,0.011206118,7.7,10706.0,3548089.09577
2018-02-02,3614.0,26726300.0,5.77932169,665216661.29,0.001,0.668325,6.65,5196.0,5360553.74551
2018-02-03,3951.0,23023200.0,6.85951992,620608479.638,0.001,6.96141e-05,6.21,8060.0,2259600.31451
2018-02-04,10162.0,25765100.0,81.97937836,664163108.014,0.001,5.18584e-05,6.64,24412.0,1805603.73145
2018-02-05,5611.0,22395200.0,30.53150668,570429000.0,0.001,2.10128e-05,5.71,21534.0,5987959.89192
2018-02-06,5566.0,20248500.0,24.24361782,453880667.984,0.001,1.39378e-05,4.54,25036.0,4820822.41759
2018-02-07,5185.0,16135000.0,23.606864,501154231.388,0.001,1.38276e-05,5.01,23957.0,3894756.50615
2018-02-08,11105.0,31567200.0,88.61363275,491701978.495,0.001,2.22876e-05,4.92,33532.0,1311300.62024
2018-02-09,6100.0,24332800.0,18.57225102,560239205.298,0.001,2.3296e-05,5.6,18734.0,2764199.35125
2018-02-10,3273.0,29552400.0,5.42683,606421657.343,0.001,0.86052,6.06,5373.0,4055057.87747
2018-02-11,8423.0,21599600.0,70.07784043,572078715.596,0.01,0.0014718132,5.72,11879.0,2413059.03261
2018-02-12,3532.0,20167600.0,2.76834044,549339765.734,0.001,0.0681118497,5.49,4630.0,2706609.79567
2018-02-13,2613.0,17030400.0,2.653236,574444850.0,0.001,5.74,5.74,3514.0,5839227.786
2018-02-14,2600.0,20068500.0,2.647843,559336967.29,0.001,6.345921166,5.59,3458.0,1589922.98194
2018-02-15,9530.0,61670200.0,68.92634599,642153539.033,0.001,0.00642,6.42,12957.0,6814190.41415
2018-02-16,4580.0,44143700.0,8.90322327,800043544.304,0.001,0.00922064,8.0,7875.0,6007967.5176
2018-02-17,3685.0,34458200.0,3.30385503,788186948.98,0.001,1.0601096778,7.88,4836.0,4220044.58981
2018-02-18,8976.0,40081300.0,72.3953525,783903299.735,0.01,0.002148356,7.84,12992.0,3906198.72034
2018-02-19,3626.0,37813100.0,3.20535452,754216891.358,0.001,7.5102147757,7.54,4698.0,3275912.78349
2018-02-20,3302.0,46087500.0,3.49785288,809575330.012,0.001,23.728359753,8.1,4450.0,16095322.3359
2018-02-21,3980.0,39877300.0,4.625856,802257037.139,0.001,8.9022603906,8.02,5459.0,5655061.68073
2018-02-22,11330.0,28774100.0,73.50122087,726023170.213,0.001,0.00726,7.26,16058.0,8569562.42298
2018-02-23,5572.0,24788900.0,11.55635873,658420145.185,0.001,0.00658,6.58,11030.0,3021077.94641
2018-02-24,4148.0,20271100.0,8.3853503,675506250.0,0.001,0.00675,6.75,9255.0,3242420.07742
2018-02-25,10399.0,20420000.0,85.01936087,655602761.171,0.001,6.0516e-05,6.56,25370.0,3697060.19022
2018-02-26,12891.0,21780800.0,27.3643706,649176295.522,0.001,5.09465e-05,6.49,29159.0,4553965.63203
2018-02-27,5938.0,23597200.0,21.88357187,670894106.222,0.001,2.83833e-05,6.71,22864.0,4151928.80841
2018-02-28,4767.0,23822800.0,6.388873,661791612.083,0.001,0.0331,6.62,7219.0,6275893.29698
2018-03-01,9529.0,23214300.0,11.04668494,629867168.675,0.001,0.0063,6.3,12537.0,6591973.67332
2018-03-02,4242.0,19421300.0,6.60635326,662760803.892,0.001,0.0396332781,6.63,6136.0,2575320.08966
2018-03-03,2589.0,19895900.0,2.502886,666357130.435,0.001,1.1840806008,6.66,3385.0,1673685.00565
2018-03-04,9424.0,22357700.0,74.68840998,689460002.915,0.001,0.001098266,6.89,14746.0,1837637.42704
2018-03-05,5772.0,26863300.0,6.81490758,685832311.111,0.001,0.0343,6.86,8639.0,1813968.93975
2018-03-06,2990.0,23312400.0,3.643708,676525048.544,0.001,0.9191273884,6.76,4078.0,1690798.78318
2018-03-07,2836.0,27654600.0,2.88691598,615567510.467,0.001,7.117621896,6.16,3889.0,4068260.50597
2018-03-08,9169.0,31160000.0,10.26892203,620178500.852,0.001,0.009595368,6.2,11062.0,7581634.53474
2018-03-09,3857.0,25548400.0,6.73327324,584051646.259,0.001,0.00584,5.84,5527.0,3273005.95872
2018-03-10,4470.0,18057800.0,5.83294001,586919618.018,0.001,0.02935,5.87,6768.0,1033456.40981
2018-03-11,9414.0,21654300.0,78.19345025,551640732.203,0.01,0.0015503472,5.52,12859.0,2074417.57822
2018-03-12,3565.0,25160400.0,3.4509626,588359333.333,0.001,0.0020970432,5.88,5361.0,1067018.2994
2018-03-13,4778.0,22695500.0,6.32375897,555619000.0,0.001,0.0278,5.56,6923.0,8087812.84593
2018-03-14,6990.0,22462700.0,9.271966,555109216.867,0.001,0.02775,5.55,10172.0,3436117.50825
2018-03-15,10602.0,24144400.0,12.78447222,497839724.138,0.001,0.0059646456,4.98,13959.0,3367767.81195
2018-03-16,4438.0,21433900.0,11.92133031,521665544.91,0.001,5.22,5.22,10379.0,3864067.10393
2018-03-17,4785.0,19627900.0,11.78697773,500805468.547,0.001,5.01,5.01,13418.0,1314221.60709
2018-03-18,9990.0,22563500.0,84.10907944,457806829.932,0.001,0.0082464274,4.58,22755.0,3431749.83917
2018-03-19,6605.0,19329400.0,26.27297756,438902139.583,0.001,0.00439,4.39,27800.0,2596278.76294
2018-03-20,3854.0,23723900.0,21.18657401,485474372.51,0.001,4.8209e-05,4.85,21826.0,2421881.23006
2018-03-21,3470.0,21143800.0,22.85100105,503326950.0,0.001,4.0743e-05,5.03,22927.0,1978188.39419
2018-03-22,10545.0,20288200.0,28.13998031,500435550.936,0.001,0.0013451,5.0,29145.0,1519350.9185
2018-03-23,7640.0,18434200.0,111.91542445,482076914.894,0.001,9.64,4.82,100173.0,4890092.6854
2018-03-24,7066.0,22757700.0,155.8669953,476672000.0,0.001,14.30523,4.77,149558.0,4699420.30283
2018-03-25,12574.0,20281200.0,176.46500031,469633122.363,0.001,9.4,4.7,114387.0,2950654.38024
2018-03-26,6952.0,18962800.0,97.9310006,472690772.21,0.001,14.18527,4.73,92438.0,4302498.10021
2018-03-27,5912.0,18969500.0,258.96420098,437374267.64,0.001,13.10563,4.37,62197.0,2549539.64567
2018-03-28,4924.0,20722100.0,167.806001,412077552.941,0.001,12.35588,4.12,167714.0,4870540.57704
2018-03-29,11045.0,19824800.0,97.29050633,425677902.439,0.001,12.77574,4.26,95527.0,5351911.46841
2018-03-30,6139.0,18422800.0,71.46349744,367212203.911,0.001,11.00633,3.67,64711.0,2025150.84746
2018-03-31,6393.0,16178400.0,35.47201347,357898418.733,0.001,10.73642,3.58,37224.0,985081.983971
2018-04-01,12651.0,17474100.0,1152.21922339,363107131.805,0.001,7.26,3.63,78483.0,1905928.03001
2018-04-02,7222.0,21036900.0,102.76002999,350793694.149,0.001,10.52649,3.51,99246.0,3972997.93958
2018-04-03,5093.0,25762400.0,45.88542398,375755832.099,0.001,11.28,3.76,46656.0,3175191.07834
2018-04-04,7543.0,16433600.0,191.913022,405773944.598,0.001,12.17594,4.06,70470.0,2577072.14068
2018-04-05,12805.0,18183800.0,62.70253035,360588297.753,0.001,7.22,3.61,63820.0,1740141.2842
2018-04-06,6860.0,14229200.0,98.29402546,353078097.345,0.001,10.58647,3.53,99407.0,2735726.83961
2018-04-07,5937.0,18526000.0,77.54253554,339728957.746,0.001,10.2,3.4,74807.0,2094616.43356
2018-04-08,12368.0,16253800.0,1152.14703305,354886868.132,0.001,7.1,3.55,68258.0,1580747.67743
2018-04-09,6750.0,15736200.0,63.06554003,364330432.277,0.001,10.91636,3.64,64381.0,2847700.17934
2018-04-10,7673.0,16422300.0,73.14352804,348427047.091,0.001,10.43652,3.48,73925.0,2798819.2027
2018-04-11,5126.0,19941700.0,66.71752302,361234034.121,0.001,10.83,3.61,67261.0,3541311.92809
2018-04-12,13471.0,21516200.0,95.401031,380218705.036,0.001,7.6,3.8,58296.0,2213905.29892
2018-04-13,8520.0,26641100.0,55.95652242,416822944.316,0.001,12.50583,4.17,52852.0,2935612.07983
2018-04-14,7886.0,26077800.0,80.85654556,430686461.373,0.001,12.92569,4.31,73764.0,3160197.96825
2018-04-15,17003.0,26946800.0,1198.73254697,467131254.582,0.001,9.34,4.67,108096.0,4413750.3734
2018-04-16,10405.0,26720800.0,48.55555212,491208827.801,0.001,9.82,4.91,50484.0,3560006.57667
2018-04-17,7742.0,28594800.0,89.19144401,484550010.616,0.001,14.54515,4.85,89650.0,5632308.57782
2018-04-18,12519.0,29511600.0,45.80304398,471225509.091,0.001,9.42,4.71,46940.0,3655570.91963
2018-04-19,12100.0,30285200.0,131.09700346,497019956.023,0.001,14.90503,4.97,128042.0,5663740.3549
2018-04-20,9075.0,36027400.0,83.68655745,523931694.6,0.001,15.71476,5.24,81904.0,3831215.2006
2018-04-21,8362.0,28699900.0,122.92605203,536360108.738,0.001,16.07464,5.36,124178.0,5112924.5428
2018-04-22,14024.0,26916600.0,1165.03155804,514682847.49,0.001,10.3,5.15,68395.0,2640350.34282
2018-04-23,9431.0,30460200.0,58.48556944,515966589.928,0.001,15.47484,5.16,61258.0,4123747.64469
2018-04-24,11850.0,36611400.0,57.69915096,555964727.88,0.001,11.12,5.56,58437.0,3793364.49186
2018-04-25,8064.0,29605200.0,48.69813,595097023.576,0.001,17.84405,5.95,49739.0,3645815.14871
2018-04-26,14166.0,30401600.0,98.189052,513681853.309,0.001,15.41486,5.14,94466.0,4354577.99188
2018-04-27,5850.0,27561500.0,108.15703895,558717954.463,0.001,16.76441,5.59,109911.0,5698991.14881
2018-04-28,8571.0,74545904.0,155.22815804,546952508.527,0.001,16.40453,5.47,150161.0,13769057.9017
2018-04-29,24612.0,124324000.0,1191.91506681,646135466.476,0.001,19.38,6.46,95367.0,45518375.2131
2018-04-30,8202.0,52958700.0,84.79251307,700912244.411,0.001,21.02299,7.01,86085.0,13677679.547
2018-05-01,4966.0,36221300.0,111.019901,672011824.047,0.001,20.15328,6.72,111805.0,8460221.07673
2018-05-02,7484.0,43600200.0,140.02419201,681398923.592,0.001,20.42319,6.81,142093.0,11106573.1229
2018-05-03,14761.0,46859200.0,70.30654258,745013320.562,0.001,14.9,7.45,68266.0,8847820.41506
2018-05-04,6365.0,39694400.0,63.14553203,782856990.933,0.001,23.48217,7.83,60243.0,11871730.863
2018-05-05,4239.0,34997800.0,65.72050044,770964286.104,0.001,23.12229,7.71,65743.0,6744406.18823
2018-05-06,13442.0,29302600.0,1170.97551597,733583890.647,0.001,14.68,7.34,71735.0,4681849.28131
2018-05-07,8647.0,30819700.0,82.12651005,694603453.453,0.001,20.84305,6.95,82279.0,6103524.26404
2018-05-08,5360.0,29039900.0,64.5215,666692075.153,0.001,20.00333,6.67,63584.0,4455133.75541
2018-05-09,7616.0,31702700.0,116.7755,648340900.149,0.001,19.43352,6.48,115774.0,5984087.38208
2018-05-10,11737.0,30911200.0,117.70950462,668873013.889,0.001,13.38,6.69,114258.0,6908618.52048
2018-05-11,8177.0,30847200.0,101.96846086,646462093.489,0.001,19.40353,6.47,97204.0,6682564.90105
2018-05-12,5156.0,27323400.0,143.6595,596282668.81,0.001,17.87404,5.96,139471.0,6442245.55546
2018-05-13,13614.0,29907500.0,1186.04601035,625212138.508,0.001,12.5,6.25,78283.0,5194291.39631
2018-05-14,7023.0,32230800.0,85.23406777,660185000.0,0.001,19.7934,6.6,86001.0,4495278.11111
2018-05-15,5339.0,32033500.0,62.97440098,660456097.561,0.001,19.7934,6.6,62092.0,5307576.05793
2018-05-16,8155.0,29288500.0,53.57402,613829278.049,0.001,18.41386,6.14,53292.0,12066533.107
2018-05-17,14510.0,27222400.0,72.11450359,617126180.243,0.001,12.34,6.17,69029.0,6477951.80548
2018-05-18,8359.0,30762400.0,83.40000256,578150241.722,0.001,17.33422,5.78,80925.0,6696288.85064
2018-05-19,7398.0,29222600.0,120.8655,605112796.61,0.001,18.14395,6.05,120856.0,10022745.5298
2018-05-20,14393.0,28313700.0,1212.47051317,591131441.516,0.001,11.81409,5.91,84245.0,4312342.44888
2018-05-21,7361.0,30064300.0,116.98301019,606515870.242,0.001,18.20393,6.07,117412.0,7055465.93312
2018-05-22,7769.0,31049600.0,86.16173901,578302236.641,0.001,17.33422,5.78,86471.0,17264470.0633
2018-05-23,8131.0,23755200.0,72.608922,525194701.987,0.001,10.5,5.25,73984.0,19042463.2878
2018-05-24,14536.0,23032900.0,110.43743869,452928623.95,0.001,9.06,4.53,108183.0,7086093.71666
2018-05-25,5771.0,20935600.0,54.60826144,477092838.926,0.001,14.30523,4.77,53033.0,3924593.67168
2018-05-26,5701.0,21695600.0,71.1432429,446480621.005,0.001,8.92,4.46,67998.0,3614550.86359
2018-05-27,10977.0,20537400.0,1207.86301261,438777379.147,0.001,8.78,4.39,79824.0,3245002.56638
2018-05-28,6472.0,22225000.0,112.86149879,422021696.658,0.001,8.44,4.22,115524.0,5221884.80084
2018-05-29,5378.0,24131500.0,83.34098296,388709378.19,0.001,11.66611,3.89,84531.0,3078849.30837
2018-05-30,5148.0,29197700.0,131.21736,430752335.821,0.001,8.62,4.31,132070.0,7249408.12785
2018-05-31,12118.0,32115900.0,61.68808858,401690622.328,0.001,8.04,4.02,59679.0,6183473.15804
2018-06-01,5858.0,26609800.0,76.20917608,421229728.365,0.001,8.42,4.21,75434.0,2511944.05349
2018-06-02,5448.0,25845600.0,110.41456171,415655259.259,0.001,8.32,4.16,111620.0,3464519.37954
2018-06-03,11983.0,27913200.0,1204.27513554,431245020.548,0.001,8.62,4.31,73407.0,2917873.24487
2018-06-04,6097.0,27343200.0,42.94544719,440785922.33,0.001,8.82,4.41,44242.0,2645194.43172
2018-06-05,5532.0,26460700.0,42.60881798,411909398.148,0.001,8.24,4.12,44062.0,3301303.69098
2018-06-06,5491.0,24931200.0,62.08346608,432685273.148,0.001,8.66,4.33,59491.0,3447123.28844
2018-06-07,12182.0,29436400.0,139.746554,432527896.476,0.001,8.66,4.33,78720.0,4507697.89276
2018-06-08,6893.0,42605100.0,101.98897406,455144772.727,0.001,9.1,4.55,95415.0,9790279.65355
2018-06-09,4810.0,29148000.0,57.133711,462409260.274,0.001,13.85538,4.62,52144.0,4651426.04671
2018-06-10,10274.0,22437400.0,1213.40569132,437745937.008,0.001,8.76,4.38,69158.0,4214923.51136
2018-06-11,5824.0,20485500.0,57.31836562,380874632.391,0.001,7.62,3.81,57690.0,2325481.03621
2018-06-12,1661.0,23858900.0,17.28340296,389529259.155,0.001,0.0252893568,3.89,1869.0,1234004.12606
2018-06-13,8465.0,28242000.0,12.47500117,355876601.227,0.001,0.0052516764,3.56,2190.0,4846557.86121
2018-06-14,1559.0,28851400.0,1.9655,325357681.564,0.001,11.375,3.25,1959.0,1703352.56836
2018-06-15,2321.0,21531500.0,5.18497602,357770754.386,0.001,1.5751849998,3.58,3069.0,1647545.54094
2018-06-16,2196.0,21571600.0,1.295186,340848662.824,0.001,0.0233996246,3.41,2456.0,659879.563111
2018-06-17,7785.0,16771900.0,1161.90700417,347705223.529,0.15,0.0015306606,3.48,9657.0,718697.477585
2018-06-18,3205.0,21505300.0,1.47067003,339007409.836,1e-06,0.00339,3.39,3604.0,1246529.29881
2018-06-19,2524.0,21524600.0,2.398568,370027750.0,0.001,0.0037,3.7,2808.0,929284.422887
2018-06-20,3037.0,25665000.0,2.3821842,360477729.73,0.001,0.023046444,3.6,2991.0,3183631.58122
2018-06-21,9518.0,23635000.0,5.40019157,369990593.22,0.001,0.0037,3.7,3183.0,1928199.36986
2018-06-22,4121.0,20929600.0,5.50869542,353810876.712,1e-05,0.0164067318,3.54,4454.0,2773981.6564
2018-06-23,2610.0,22509900.0,5.79419142,290536187.713,0.001,0.00291,2.91,2636.0,1505563.69095
2018-06-24,9915.0,20921300.0,1174.72570207,293048653.137,0.15,0.0027026906,2.93,11513.0,2038143.29956
2018-06-25,7034.0,20366700.0,5.15721358,270834660.65,0.001,0.0174524,2.71,6998.0,902334.881167
2018-06-26,6388.0,17806900.0,5.43030808,276761651.163,0.001,0.00277,2.77,5641.0,1091407.79979
2018-06-27,3573.0,39263300.0,3.2895,258879256.228,0.001,0.02049328435,2.59,2095.0,1773476.32591
2018-06-28,11245.0,25903200.0,6.6620456,279417401.575,0.001,0.00279,2.79,3870.0,1069364.36199
2018-06-29,4837.0,16409900.0,2.77715244,254653160.92,0.001,0.00255,2.55,3433.0,1703283.5531
2018-06-30,3225.0,32676600.0,5.483224,259195136.986,0.001,0.0083351121,2.59,3268.0,1170630.32117
2018-07-01,1550.0,16877300.0,1.66300142,293414912.587,0.001,0.1465,2.93,1645.0,561267.845374
2018-07-02,8387.0,19161600.0,1176.71201318,286379800.643,0.15,0.0015280408,2.86,10420.0,753149.984993
2018-07-03,1387.0,18132300.0,2.16460284,310892544.85,0.001,3.11,3.11,1599.0,663536.997935
2018-07-04,2036.0,13212500.0,20.753877,300397324.415,0.001,0.03,3.0,2209.0,903048.951188
2018-07-05,10650.0,13352800.0,6.84423763,302092764.505,0.001,0.00604,3.02,4400.0,594963.052702
2018-07-06,3588.0,15700300.0,5.36268949,295194680.135,0.001,0.00813121775,2.95,3687.0,1361112.16012
2018-07-07,3466.0,13137700.0,2.379231,298677238.411,0.001,0.00299,2.99,3452.0,388813.342561
2018-07-08,10639.0,11797800.0,1197.23774138,302572235.294,0.15,0.00196427325,3.03,11954.0,427956.535635
2018-07-09,4470.0,11281800.0,31.20374455,301957148.649,1e-06,0.00302,3.02,4684.0,413845.626574
2018-07-10,2958.0,12811600.0,25.41300744,296851500.0,0.001,0.01062073485,2.97,2773.0,876318.972256
2018-07-11,2220.0,11540600.0,24.014,267902095.941,0.001,0.2114377156,2.68,1972.0,728763.918418
2018-07-12,9113.0,11593800.0,21.27100409,273022923.664,0.001,0.0032630052,2.73,2124.0,734684.618679
2018-07-13,2718.0,10483400.0,27.48801199,263368003.731,0.001,2.63e-08,2.63,6506.0,526597.372973
2018-07-14,4120.0,10825100.0,17.033,268322574.545,0.001,0.00268,2.68,1447.0,300184.464735
2018-07-15,9236.0,8995280.0,1188.05200157,274604438.406,0.15,0.0017963,2.75,9112.0,471393.697442
2018-07-16,2949.0,12620400.0,17.87851331,276098907.85,0.001,0.0276,2.76,2723.0,510224.150049
2018-07-17,1484.0,16767700.0,66.8865,291970051.282,0.001,3.504,2.92,2239.0,1351178.10909
2018-07-18,2197.0,20361000.0,182.859122,310670824.675,0.001,0.01698061555,3.11,3460.0,1726876.52527
2018-07-19,9620.0,14912200.0,258.53550416,307949020.69,0.001,0.0032702824,3.08,5297.0,1703688.67507
2018-07-20,3611.0,17149900.0,3.785,290266759.582,0.001,0.029,2.9,2525.0,1890736.37009
2018-07-21,2029.0,13783100.0,5.21,287147907.85,0.001,0.17794977235,2.87,1184.0,466315.657447
2018-07-22,1048.0,16725400.0,1.515,293501829.091,0.001,33.5387930272,2.93,1495.0,2472509.30221
2018-07-23,8790.0,14873300.0,6.7515,275984723.247,0.001,0.0015898014,2.76,2241.0,1544078.50275
2018-07-24,1244.0,16611800.0,2.107,271444278.81,0.001,88.4543476428,2.71,2035.0,1696796.74077
2018-07-25,1169.0,13165000.0,2.318,265655764.706,0.001,18.62,2.66,1693.0,855544.973284
2018-07-26,8688.0,11437500.0,5.626,271108810.606,0.001,0.0040462197,2.71,1771.0,986227.308208
2018-07-27,2274.0,11130900.0,2.44530294,264385082.707,0.001,5.26944,2.64,2580.0,636575.466055
2018-07-28,1833.0,13859200.0,5.301,267304858.209,0.001,5.32932,2.67,1543.0,412193.697765
2018-07-29,7187.0,12122400.0,5.148,271479853.383,0.001,0.0011748392,2.71,1252.0,269082.391511
2018-07-30,2405.0,13146100.0,2.7295,266190443.58,0.001,0.0565327406,2.66,2501.0,759675.177784
2018-07-31,1157.0,8515840.0,3.559,257507493.671,0.001,132.57703258,2.57,3464.0,1592395.97311
2018-08-01,1533.0,6048860.0,5.8045,237417371.681,0.001,135.09,2.37,4557.0,1978057.11243
2018-08-02,9103.0,14925900.0,9.61426316,226630074.074,0.001,0.0087635847,2.27,4362.0,3891541.74948
2018-08-03,2021.0,8055990.0,5.195306,187805902.703,0.001,44.7566131456,1.88,5282.0,1783082.6847
2018-08-04,1619.0,4921980.0,6.5135,185908021.978,0.001,46.5,1.86,2507.0,991187.481088
2018-08-05,7445.0,3437270.0,6.4685,181756684.492,0.001,0.0014547624,1.82,2251.0,777930.833435
2018-08-06,2024.0,3375840.0,3.3485,187388306.011,0.001,9.35,1.87,3138.0,836856.705712
2018-08-07,1411.0,5663310.0,2.484,184415045.455,0.001,33.12,1.84,2386.0,879948.520917
2018-08-08,1665.0,5172200.0,3.2555,175607142.857,0.001,1.76,1.76,3061.0,801405.791084
2018-08-09,8653.0,4029810.0,7.556,168127415.73,0.001,0.005382972,1.68,3134.0,630159.461752
2018-08-10,1447.0,7980710.0,3.49080753,177620738.636,0.001,16.019923638,1.78,3430.0,1551898.54823
2018-08-11,2141.0,8951110.0,7.177,175325000.0,0.001,7.0597170875,1.75,3981.0,1585116.81764
2018-08-12,7648.0,14883600.0,6.7565,182412592.233,0.001,0.0020397104,1.82,2660.0,2498336.80105
2018-08-13,2223.0,14084200.0,2.6135,207016560.0,0.001,2.0377476405,2.07,2407.0,3401851.9336
2018-08-14,2198.0,5098890.0,2.706,199713978.495,0.001,2.74487378,2.0,2355.0,4747282.69893
2018-08-15,981.0,4133930.0,2.9735,186072492.308,0.001,152.649781984,1.86,1983.0,1052913.79696
2018-08-16,10038.0,3398700.0,7.323,195046760.204,0.001,0.0038493195,1.95,3406.0,3247824.91194
2018-08-17,2146.0,4178410.0,7.67,196185972.093,0.001,0.0392,1.96,2483.0,641643.466266
2018-08-18,1325.0,3680330.0,2.884,215499619.048,0.001,0.00197413,2.15,2671.0,411449.389489
2018-08-19,7808.0,2950140.0,6.038806,210392777.778,0.001,0.000631428,2.1,2161.0,592280.484381
2018-08-20,2379.0,2726180.0,2.547,216156521.739,0.001,0.0438968592,2.16,2298.0,1224904.37126
2018-08-21,1443.0,3416780.0,1.7245,206894093.023,0.001,0.16382432295,2.07,1606.0,561848.629635
2018-08-22,830.0,4456740.0,0.9145,214553300.971,0.001,6.4457,2.15,862.0,1190982.27141
2018-08-23,8581.0,3023120.0,5.554,204823497.758,0.001,0.0020006155,2.05,1446.0,343514.658314
2018-08-24,5469.0,2707400.0,6.0975,223284253.219,0.001,49.8000973618,2.23,5767.0,16022710.5669
2018-08-25,1250.0,2680160.0,4.7295,232819548.936,0.001,0.233,2.33,956.0,309839.041383
2018-08-26,7406.0,2718070.0,5.2105,234477309.417,0.001,0.0005898265,2.35,1177.0,6871904.86814
2018-08-27,2463.0,2686800.0,2.498,222230880.0,0.001,0.0053543736,2.22,1929.0,3768872.7541
2018-08-28,1534.0,3538880.0,2.5244,224681828.194,0.001,9.9747,2.25,2139.0,2066867.84029
2018-08-29,1050.0,4047970.0,1.6005,227300931.193,0.001,6.5212572485,2.27,1538.0,1137095.94019
2018-08-30,8768.0,4123340.0,5.505,217729596.154,0.001,0.00218,2.18,1495.0,612932.688956
2018-08-31,3101.0,4609450.0,3.38781365,208254654.206,0.001,0.0440117184,2.08,2799.0,447754.031649
2018-09-01,7740.0,3682020.0,9.7195,213906495.495,0.001,0.00428,2.14,2663.0,433263.513506
2018-09-02,29928.0,3322720.0,18.5415,222284830.189,0.001,0.0029814933,2.22,4040.0,1039000.96118
2018-09-03,69283.0,3960510.0,39.623,212703901.345,0.001,0.00213,2.13,8009.0,597858.853302
2018-09-04,8936.0,5207530.0,8.44827387,223053326.087,0.001,0.00223,2.23,7300.0,1354712.06152
2018-09-05,43561.0,3111260.0,33.5155,230240350.0,0.001,0.0023,2.3,21674.0,986250.214871
2018-09-06,12346.0,2827340.0,8.3315,199950505.051,0.001,0.00305262,2.0,2218.0,1307608.6642
2018-09-07,26472.0,4811480.0,24.6203213,198313851.064,0.001,0.00198,1.98,21430.0,785335.674294
2018-09-08,5696.0,4906060.0,5.545,189193871.134,0.001,0.00378,1.89,4612.0,1469641.30496
2018-09-09,29767.0,4012510.0,30.397,194051871.658,0.001,0.00194,1.94,20887.0,1385653.36476
2018-09-10,9991.0,24734100.0,9.6555,187026484.979,0.001,0.00187,1.87,6766.0,5147248.47666
2018-09-11,10787.0,17277700.0,9.156,232210054.054,0.001,0.00232,2.32,5967.0,3743622.88029
2018-09-12,5261.0,9690340.0,4.6925,221966303.571,0.001,0.00444,2.22,3017.0,1528360.74851
2018-09-13,14626.0,16952500.0,9.271,224401180.328,0.001,0.00448,2.24,2956.0,1043167.38026
2018-09-14,4336.0,8482650.0,4.34837439,246237406.114,0.001,0.0095044314,2.46,2937.0,3319364.41742
2018-09-15,4508.0,2972100.0,7.7407,229311639.13,0.001,0.00458,2.29,1721.0,692933.138481
2018-09-16,10604.0,2088120.0,7.9475,230632453.333,0.001,0.00231,2.31,2668.0,454147.471533
2018-09-17,5519.0,2306610.0,11.296002,225231428.571,0.001,0.0045,2.25,3098.0,2103458.8306
2018-09-18,3350.0,2627130.0,7.96655,210453209.302,0.001,0.0423967425,2.1,2580.0,1920108.45205
2018-09-19,9834.0,14680600.0,13.66955,215841092.511,0.001,0.00432,2.16,2514.0,4640564.43468
2018-09-20,11229.0,17634800.0,10.1475,227668178.571,0.001,0.0110581824,2.28,3614.0,9522174.68181
2018-09-21,13337.0,14374600.0,1008.9464376,223410160.714,0.001,0.00223,2.23,3367.0,3196066.00507
2018-09-22,1529.0,6440330.0,1.97700101,223660859.813,0.001,2.24,2.24,1496.0,996040.558084
2018-09-23,28415.0,18005700.0,22.3802,213257842.105,0.001,0.0026199,2.13,3883.0,2436780.37674
2018-09-24,5406.0,7921500.0,5.27705,228228000.0,0.001,0.0031960584,2.28,4481.0,1177779.2366
2018-09-25,7974.0,6502840.0,6.1056,221730940.092,0.001,0.00246642,2.22,2138.0,2258810.56738
2018-09-26,3079.0,17278800.0,3.5645,216265634.043,0.001,0.0558609264,2.16,2810.0,3930946.67891
2018-09-27,25899.0,10826800.0,1014.9821,236553701.299,0.001,0.0026354163,2.37,3011.0,3206843.40971
2018-09-28,14498.0,7152760.0,13.42785192,230376742.081,0.001,0.0026335,2.3,2278.0,1141868.09432
2018-09-29,1693.0,4177000.0,3.0821001,220947238.739,0.001,1.2117586026,2.21,1792.0,965548.236207
2018-09-30,8332.0,4126900.0,9.55110056,221107486.364,0.001,0.002431,2.21,1641.0,570891.053548
2018-10-01,3216.0,6515430.0,4.33778049,220124837.209,0.001,0.216910012,2.2,3322.0,961867.488392
2018-10-02,5251.0,4353180.0,4.61350035,215471580.189,0.001,0.0021715,2.15,2568.0,922862.858429
2018-10-03,2697.0,7051150.0,3.42550013,212857668.224,0.001,5.888385,2.13,3120.0,2626661.23752
2018-10-04,9641.0,4940890.0,7.81610009,214249000.0,0.001,0.0119919822,2.14,2548.0,1081824.54368
2018-10-05,2957.0,7130810.0,8.66260044,214805522.727,0.001,1.17035214525,2.15,2993.0,3013305.77326
2018-10-06,3921.0,7078420.0,3.94894886,220516792.453,0.001,0.046193554,2.2,3227.0,1580260.5264
2018-10-07,8438.0,4451390.0,28.58155001,213038179.245,0.001,0.00213,2.13,1973.0,1025391.91177
2018-10-08,4216.0,6329040.0,3.84400003,213379219.626,0.001,0.0264470811,2.13,2759.0,1361677.67977
2018-10-09,2569.0,12126800.0,535.03805001,215863098.592,0.001,0.00648,2.16,2207.0,864470.929795
2018-10-10,1499.0,7758380.0,2.65810001,213404900.943,0.001,27.7221255226,2.13,1999.0,2853382.7104
2018-10-11,16314.0,8808830.0,11.04120002,212222203.209,0.001,0.00212,2.12,2442.0,4453271.75668
2018-10-12,3462.0,5017790.0,4.16304273,186899537.234,0.001,0.0187,1.87,2520.0,1056654.67793
2018-10-13,5515.0,3346790.0,1006.65110102,188130306.878,0.001,0.00188,1.88,2085.0,1977602.44924
2018-10-14,11151.0,4084220.0,14.62360203,188654000.0,0.001,0.0044208234,1.89,4084.0,1206040.32855
2018-10-15,4890.0,7021190.0,4.8125603,188813820.896,0.001,0.0693076986,1.89,3599.0,878454.224947
2018-10-16,5876.0,6364950.0,14.96500007,200615000.0,0.001,0.00201,2.01,2461.0,1423712.77436
2018-10-17,4184.0,6972010.0,5.31190066,201716403.941,0.001,0.00202,2.02,2374.0,889077.811825
2018-10-18,13142.0,6483520.0,1009.01205016,202920432.161,0.001,0.00203,2.03,2126.0,1192578.57221
2018-10-19,7402.0,5348150.0,12.73605065,199299525.773,0.001,0.00199,1.99,2269.0,1483201.14705
2018-10-20,29814.0,5905280.0,21.51746274,194000000.0,0.001,0.00194,1.94,3698.0,1130249.51565
2018-10-21,22772.0,7447430.0,15.93250006,195689171.717,0.001,0.00196,1.96,2693.0,1370220.60237
2018-10-22,12505.0,5408590.0,9.63730135,198337824.742,0.001,0.00198,1.98,3787.0,2071081.45325
2018-10-23,10569.0,8374640.0,213.01500028,194167411.168,0.001,4.656e-05,1.94,3464.0,2856874.82582
2018-10-24,11405.0,8344590.0,539.16850325,196294000.0,0.001,9.408e-05,1.96,4728.0,2930161.82206
2018-10-25,13693.0,5823140.0,8.51713753,195596943.59,1e-08,0.0101778684,1.96,8302.0,3349023.82145
2018-10-26,5736.0,6261370.0,8.52605186,194217361.257,1e-08,99.3740275088,1.94,7802.0,10318661.9706
2018-10-27,3522.0,4990250.0,20002.511381,191093489.474,0.001,19.1,1.91,3314.0,3788506.53405
2018-10-28,40642.0,4978870.0,23.9601001,190696410.526,0.001,0.00382,1.91,2863.0,1732223.36775
2018-10-29,25770.0,6265960.0,1016.8301503,189305797.753,0.001,2.268e-07,1.89,3344.0,2554073.77439
2018-10-30,18633.0,5319870.0,12.36310011,179223750.0,0.001,2.148e-07,1.79,3303.0,6442030.05668
2018-10-31,27422.0,6702810.0,1017.43565024,177369646.409,0.001,0.0177,1.77,2538.0,1648307.35195
2018-11-01,13289.0,6467550.0,10.06400007,181119362.162,0.001,0.00247695785,1.81,2374.0,1791075.16956
2018-11-02,4901.0,4998820.0,1009.62133973,185264000.0,0.001,0.003885,1.85,2671.0,1571500.73933
2018-11-03,4749.0,4234550.0,45.24000065,185019892.473,0.001,0.00518,1.85,2405.0,1124042.25294
2018-11-04,18512.0,4184830.0,44.11470028,186141032.967,0.001,9.66642e-05,1.86,2831.0,1403940.43779
2018-11-05,3410.0,5095370.0,1049.88100101,182379082.873,0.001,0.036612758,1.82,3112.0,1539705.43667
2018-11-06,6106.0,5065320.0,1026.18932626,181589510.87,0.001,0.008918,1.82,2870.0,1393813.9487
2018-11-07,1656.0,4760070.0,1024.50850024,184401180.328,0.001,2.5184709004,1.84,2431.0,862305.466735
2018-11-08,13986.0,4520230.0,3052.76151839,183063346.154,0.001,0.00054948495,1.83,2486.0,890903.412042
2018-11-09,4416.0,3821640.0,15.34038125,181775602.273,0.001,0.00182,1.82,2715.0,977846.427546
2018-11-10,3351.0,3344670.0,1008.25150018,176275000.0,0.001,0.032568536,1.76,3019.0,505213.779971
2018-11-11,9790.0,4139880.0,548.6985002,175713109.827,0.001,0.00176,1.76,1915.0,912948.159338
2018-11-12,5699.0,4773620.0,25.42971136,173613000.0,0.001,0.00696,1.74,2030.0,991042.082671
2018-11-13,9889.0,4073700.0,38.6060103,172659029.07,0.001,0.0017300173,1.73,2360.0,855646.341994
2018-11-14,2272.0,5488710.0,17.73601008,171369360.0,0.001,0.3932063262,1.71,2092.0,1077704.27772
2018-11-15,11773.0,4515360.0,2009.2413612,150638394.737,0.001,0.00151,1.51,2654.0,1375396.79253
2018-11-16,4420.0,4387120.0,3.6501001,152422335.57,0.001,0.00304,1.52,1698.0,1764971.11604
2018-11-17,2827.0,5479690.0,6.82760025,150171140.94,0.001,0.009172245,1.5,2302.0,8142446.65592
